[2026-05-09T11:02:22.885+0000] {manager.py:470} INFO - Processing files using up to 2 processes at a time 
[2026-05-09T11:02:22.887+0000] {manager.py:471} INFO - Process each file at most once every 30 seconds
[2026-05-09T11:02:22.889+0000] {manager.py:472} INFO - Checking for new files in /opt/airflow/dags every 300 seconds
[2026-05-09T11:02:22.892+0000] {manager.py:737} INFO - Searching for files in /opt/airflow/dags
[2026-05-09T11:02:22.901+0000] {manager.py:740} INFO - There are 0 files in /opt/airflow/dags
[2026-05-09T11:07:22.931+0000] {manager.py:737} INFO - Searching for files in /opt/airflow/dags
[2026-05-09T11:07:22.962+0000] {manager.py:740} INFO - There are 0 files in /opt/airflow/dags
[2026-05-09T11:12:23.822+0000] {manager.py:737} INFO - Searching for files in /opt/airflow/dags
[2026-05-09T11:12:23.846+0000] {manager.py:740} INFO - There are 0 files in /opt/airflow/dags
[2026-05-09T11:17:24.604+0000] {manager.py:737} INFO - Searching for files in /opt/airflow/dags
[2026-05-09T11:17:24.622+0000] {manager.py:740} INFO - There are 0 files in /opt/airflow/dags
[2026-05-09T11:22:25.362+0000] {manager.py:737} INFO - Searching for files in /opt/airflow/dags
[2026-05-09T11:22:25.397+0000] {manager.py:740} INFO - There are 0 files in /opt/airflow/dags
[2026-05-09T11:27:26.272+0000] {manager.py:737} INFO - Searching for files in /opt/airflow/dags
[2026-05-09T11:27:26.279+0000] {manager.py:740} INFO - There are 0 files in /opt/airflow/dags
[2026-05-09T11:32:27.199+0000] {manager.py:737} INFO - Searching for files in /opt/airflow/dags
[2026-05-09T11:32:27.220+0000] {manager.py:740} INFO - There are 0 files in /opt/airflow/dags
[2026-05-09T11:37:27.971+0000] {manager.py:737} INFO - Searching for files in /opt/airflow/dags
[2026-05-09T11:37:27.982+0000] {manager.py:740} INFO - There are 0 files in /opt/airflow/dags
[2026-05-09T11:42:28.831+0000] {manager.py:737} INFO - Searching for files in /opt/airflow/dags
[2026-05-09T11:42:28.848+0000] {manager.py:740} INFO - There are 0 files in /opt/airflow/dags
[2026-05-09T11:47:29.537+0000] {manager.py:737} INFO - Searching for files in /opt/airflow/dags
[2026-05-09T11:47:29.572+0000] {manager.py:740} INFO - There are 0 files in /opt/airflow/dags
[2026-05-09T11:52:30.308+0000] {manager.py:737} INFO - Searching for files in /opt/airflow/dags
[2026-05-09T11:52:30.319+0000] {manager.py:740} INFO - There are 0 files in /opt/airflow/dags
[2026-05-09T11:57:30.996+0000] {manager.py:737} INFO - Searching for files in /opt/airflow/dags
[2026-05-09T11:57:31.008+0000] {manager.py:740} INFO - There are 0 files in /opt/airflow/dags
[2026-05-09T12:02:31.717+0000] {manager.py:737} INFO - Searching for files in /opt/airflow/dags
[2026-05-09T12:02:31.733+0000] {manager.py:740} INFO - There are 0 files in /opt/airflow/dags
[2026-05-09T12:17:19.113+0000] {manager.py:737} INFO - Searching for files in /opt/airflow/dags
[2026-05-09T13:22:48.071+0000] {manager.py:740} INFO - There are 0 files in /opt/airflow/dags
[2026-05-09T13:22:49.397+0000] {manager.py:737} INFO - Searching for files in /opt/airflow/dags
[2026-05-09T13:22:49.445+0000] {manager.py:740} INFO - There are 0 files in /opt/airflow/dags
[2026-05-09T13:27:49.712+0000] {manager.py:737} INFO - Searching for files in /opt/airflow/dags
[2026-05-09T13:27:49.766+0000] {manager.py:740} INFO - There are 0 files in /opt/airflow/dags
[2026-05-09T13:32:50.614+0000] {manager.py:737} INFO - Searching for files in /opt/airflow/dags
[2026-05-09T13:32:50.640+0000] {manager.py:740} INFO - There are 0 files in /opt/airflow/dags
[2026-05-09T13:37:51.325+0000] {manager.py:737} INFO - Searching for files in /opt/airflow/dags
[2026-05-09T13:37:51.335+0000] {manager.py:740} INFO - There are 0 files in /opt/airflow/dags
[2026-05-09T13:42:52.072+0000] {manager.py:737} INFO - Searching for files in /opt/airflow/dags
[2026-05-09T13:42:52.080+0000] {manager.py:740} INFO - There are 0 files in /opt/airflow/dags
[2026-05-09T13:47:52.906+0000] {manager.py:737} INFO - Searching for files in /opt/airflow/dags
[2026-05-09T13:47:52.927+0000] {manager.py:740} INFO - There are 0 files in /opt/airflow/dags
[2026-05-09T13:52:53.200+0000] {manager.py:737} INFO - Searching for files in /opt/airflow/dags
[2026-05-09T13:52:53.236+0000] {manager.py:740} INFO - There are 0 files in /opt/airflow/dags
[2026-05-09T13:57:54.160+0000] {manager.py:737} INFO - Searching for files in /opt/airflow/dags
[2026-05-09T13:57:54.190+0000] {manager.py:740} INFO - There are 0 files in /opt/airflow/dags
[2026-05-09T14:02:54.865+0000] {manager.py:737} INFO - Searching for files in /opt/airflow/dags
[2026-05-09T14:02:54.876+0000] {manager.py:740} INFO - There are 0 files in /opt/airflow/dags
[2026-05-09T14:07:55.594+0000] {manager.py:737} INFO - Searching for files in /opt/airflow/dags
[2026-05-09T14:07:55.603+0000] {manager.py:740} INFO - There are 0 files in /opt/airflow/dags
[2026-05-09T14:12:56.468+0000] {manager.py:737} INFO - Searching for files in /opt/airflow/dags
[2026-05-09T14:12:56.480+0000] {manager.py:740} INFO - There are 0 files in /opt/airflow/dags
[2026-05-09T14:17:57.281+0000] {manager.py:737} INFO - Searching for files in /opt/airflow/dags
[2026-05-09T14:17:57.299+0000] {manager.py:740} INFO - There are 0 files in /opt/airflow/dags
[2026-05-09T14:22:57.592+0000] {manager.py:737} INFO - Searching for files in /opt/airflow/dags
[2026-05-09T14:22:57.633+0000] {manager.py:740} INFO - There are 0 files in /opt/airflow/dags
[2026-05-09T14:27:58.563+0000] {manager.py:737} INFO - Searching for files in /opt/airflow/dags
[2026-05-09T14:27:58.579+0000] {manager.py:740} INFO - There are 0 files in /opt/airflow/dags
[2026-05-09T14:32:59.490+0000] {manager.py:737} INFO - Searching for files in /opt/airflow/dags
[2026-05-09T14:32:59.514+0000] {manager.py:740} INFO - There are 0 files in /opt/airflow/dags
[2026-05-09T14:38:00.336+0000] {manager.py:737} INFO - Searching for files in /opt/airflow/dags
[2026-05-09T14:38:00.368+0000] {manager.py:740} INFO - There are 0 files in /opt/airflow/dags
[2026-05-09T14:43:01.184+0000] {manager.py:737} INFO - Searching for files in /opt/airflow/dags
[2026-05-09T14:43:01.215+0000] {manager.py:740} INFO - There are 0 files in /opt/airflow/dags
[2026-05-09T14:48:02.084+0000] {manager.py:737} INFO - Searching for files in /opt/airflow/dags
[2026-05-09T14:48:02.109+0000] {manager.py:740} INFO - There are 0 files in /opt/airflow/dags
[2026-05-09T14:53:03.052+0000] {manager.py:737} INFO - Searching for files in /opt/airflow/dags
[2026-05-09T14:53:03.073+0000] {manager.py:740} INFO - There are 0 files in /opt/airflow/dags
[2026-05-09T14:58:03.694+0000] {manager.py:737} INFO - Searching for files in /opt/airflow/dags
[2026-05-09T14:58:03.703+0000] {manager.py:740} INFO - There are 0 files in /opt/airflow/dags
[2026-05-09T15:03:04.319+0000] {manager.py:737} INFO - Searching for files in /opt/airflow/dags
[2026-05-09T15:03:04.325+0000] {manager.py:740} INFO - There are 0 files in /opt/airflow/dags
[2026-05-09T15:08:05.057+0000] {manager.py:737} INFO - Searching for files in /opt/airflow/dags
[2026-05-09T15:08:05.069+0000] {manager.py:740} INFO - There are 0 files in /opt/airflow/dags
[2026-05-09T15:13:05.705+0000] {manager.py:737} INFO - Searching for files in /opt/airflow/dags
[2026-05-09T15:13:05.716+0000] {manager.py:740} INFO - There are 0 files in /opt/airflow/dags
[2026-05-09T15:18:05.930+0000] {manager.py:737} INFO - Searching for files in /opt/airflow/dags
[2026-05-09T15:18:06.025+0000] {manager.py:740} INFO - There are 0 files in /opt/airflow/dags
[2026-05-09T15:23:06.251+0000] {manager.py:737} INFO - Searching for files in /opt/airflow/dags
[2026-05-09T15:23:06.455+0000] {manager.py:740} INFO - There are 0 files in /opt/airflow/dags
[2026-05-09T15:28:06.827+0000] {manager.py:737} INFO - Searching for files in /opt/airflow/dags
[2026-05-09T15:28:06.859+0000] {manager.py:740} INFO - There are 0 files in /opt/airflow/dags
[2026-05-09T15:33:07.812+0000] {manager.py:737} INFO - Searching for files in /opt/airflow/dags
[2026-05-09T15:33:07.839+0000] {manager.py:740} INFO - There are 0 files in /opt/airflow/dags
[2026-05-09T15:38:08.716+0000] {manager.py:737} INFO - Searching for files in /opt/airflow/dags
[2026-05-09T15:38:08.745+0000] {manager.py:740} INFO - There are 0 files in /opt/airflow/dags
[2026-05-09T15:43:09.547+0000] {manager.py:737} INFO - Searching for files in /opt/airflow/dags
[2026-05-09T15:43:09.576+0000] {manager.py:740} INFO - There are 0 files in /opt/airflow/dags
[2026-05-09T15:48:10.398+0000] {manager.py:737} INFO - Searching for files in /opt/airflow/dags
[2026-05-09T15:48:10.428+0000] {manager.py:740} INFO - There are 0 files in /opt/airflow/dags
[2026-05-09T15:53:11.335+0000] {manager.py:737} INFO - Searching for files in /opt/airflow/dags
[2026-05-09T15:53:11.363+0000] {manager.py:740} INFO - There are 0 files in /opt/airflow/dags
[2026-05-09T17:25:30.695+0000] {manager.py:737} INFO - Searching for files in /opt/airflow/dags
[2026-05-09T17:25:30.812+0000] {manager.py:740} INFO - There are 0 files in /opt/airflow/dags
[2026-05-09T17:30:31.346+0000] {manager.py:737} INFO - Searching for files in /opt/airflow/dags
[2026-05-09T17:30:31.390+0000] {manager.py:740} INFO - There are 0 files in /opt/airflow/dags
[2026-05-09T17:35:31.703+0000] {manager.py:737} INFO - Searching for files in /opt/airflow/dags
[2026-05-09T17:35:31.746+0000] {manager.py:740} INFO - There are 0 files in /opt/airflow/dags
[2026-05-09T18:36:16.980+0000] {manager.py:470} INFO - Processing files using up to 2 processes at a time 
[2026-05-09T18:36:16.987+0000] {manager.py:471} INFO - Process each file at most once every 30 seconds
[2026-05-09T18:36:16.989+0000] {manager.py:472} INFO - Checking for new files in /opt/airflow/dags every 300 seconds
[2026-05-09T18:36:16.992+0000] {manager.py:737} INFO - Searching for files in /opt/airflow/dags
[2026-05-09T18:36:17.308+0000] {manager.py:740} INFO - There are 1 files in /opt/airflow/dags
[2026-05-09T18:36:19.873+0000] {manager.py:878} INFO - 
================================================================================
DAG File Processing Stats

File Path                                      PID  Runtime      # DAGs    # Errors  Last Runtime    Last Run
-------------------------------------------  -----  ---------  --------  ----------  --------------  ----------
/opt/airflow/dags/minio_to_snowflake_dag.py     25  1.17s             0           0
================================================================================
[2026-05-09T18:36:50.449+0000] {manager.py:878} INFO - 
================================================================================
DAG File Processing Stats

File Path                                    PID    Runtime      # DAGs    # Errors  Last Runtime    Last Run
-------------------------------------------  -----  ---------  --------  ----------  --------------  -------------------
/opt/airflow/dags/minio_to_snowflake_dag.py                           1           0  20.79s          2026-05-09T18:36:39
================================================================================
[2026-05-09T18:37:20.858+0000] {manager.py:878} INFO - 
================================================================================
DAG File Processing Stats

File Path                                    PID    Runtime      # DAGs    # Errors  Last Runtime    Last Run
-------------------------------------------  -----  ---------  --------  ----------  --------------  -------------------
/opt/airflow/dags/minio_to_snowflake_dag.py                           1           0  6.28s           2026-05-09T18:37:15
================================================================================
[2026-05-09T18:37:51.215+0000] {manager.py:878} INFO - 
================================================================================
DAG File Processing Stats

File Path                                      PID  Runtime      # DAGs    # Errors  Last Runtime    Last Run
-------------------------------------------  -----  ---------  --------  ----------  --------------  -------------------
/opt/airflow/dags/minio_to_snowflake_dag.py     33  5.07s             1           0  6.28s           2026-05-09T18:37:15
================================================================================
[2026-05-09T18:38:21.490+0000] {manager.py:878} INFO - 
================================================================================
DAG File Processing Stats

File Path                                    PID    Runtime      # DAGs    # Errors  Last Runtime    Last Run
-------------------------------------------  -----  ---------  --------  ----------  --------------  -------------------
/opt/airflow/dags/minio_to_snowflake_dag.py                           1           0  5.73s           2026-05-09T18:37:51
================================================================================
[2026-05-09T18:38:51.724+0000] {manager.py:878} INFO - 
================================================================================
DAG File Processing Stats

File Path                                    PID    Runtime      # DAGs    # Errors  Last Runtime    Last Run
-------------------------------------------  -----  ---------  --------  ----------  --------------  -------------------
/opt/airflow/dags/minio_to_snowflake_dag.py                           1           0  2.01s           2026-05-09T18:38:24
================================================================================
[2026-05-09T18:39:21.992+0000] {manager.py:878} INFO - 
================================================================================
DAG File Processing Stats

File Path                                    PID    Runtime      # DAGs    # Errors  Last Runtime    Last Run
-------------------------------------------  -----  ---------  --------  ----------  --------------  -------------------
/opt/airflow/dags/minio_to_snowflake_dag.py                           1           0  1.91s           2026-05-09T18:38:56
================================================================================
[2026-05-09T18:39:52.901+0000] {manager.py:878} INFO - 
================================================================================
DAG File Processing Stats

File Path                                    PID    Runtime      # DAGs    # Errors  Last Runtime    Last Run
-------------------------------------------  -----  ---------  --------  ----------  --------------  -------------------
/opt/airflow/dags/minio_to_snowflake_dag.py                           1           0  1.07s           2026-05-09T18:39:27
================================================================================
[2026-05-09T18:40:23.295+0000] {manager.py:878} INFO - 
================================================================================
DAG File Processing Stats

File Path                                    PID    Runtime      # DAGs    # Errors  Last Runtime    Last Run
-------------------------------------------  -----  ---------  --------  ----------  --------------  -------------------
/opt/airflow/dags/minio_to_snowflake_dag.py                           1           0  1.40s           2026-05-09T18:39:59
================================================================================
[2026-05-09T18:40:53.516+0000] {manager.py:878} INFO - 
================================================================================
DAG File Processing Stats

File Path                                    PID    Runtime      # DAGs    # Errors  Last Runtime    Last Run
-------------------------------------------  -----  ---------  --------  ----------  --------------  -------------------
/opt/airflow/dags/minio_to_snowflake_dag.py                           1           0  1.87s           2026-05-09T18:40:31
================================================================================
[2026-05-09T18:41:17.815+0000] {manager.py:737} INFO - Searching for files in /opt/airflow/dags
[2026-05-09T18:41:17.854+0000] {manager.py:740} INFO - There are 1 files in /opt/airflow/dags
[2026-05-09T18:41:23.956+0000] {manager.py:878} INFO - 
================================================================================
DAG File Processing Stats

File Path                                    PID    Runtime      # DAGs    # Errors  Last Runtime    Last Run
-------------------------------------------  -----  ---------  --------  ----------  --------------  -------------------
/opt/airflow/dags/minio_to_snowflake_dag.py                           1           0  6.15s           2026-05-09T18:41:07
================================================================================
[2026-05-09T18:41:54.360+0000] {manager.py:878} INFO - 
================================================================================
DAG File Processing Stats

File Path                                    PID    Runtime      # DAGs    # Errors  Last Runtime    Last Run
-------------------------------------------  -----  ---------  --------  ----------  --------------  -------------------
/opt/airflow/dags/minio_to_snowflake_dag.py                           1           0  10.48s          2026-05-09T18:41:48
================================================================================
[2026-05-09T18:42:24.727+0000] {manager.py:878} INFO - 
================================================================================
DAG File Processing Stats

File Path                                      PID  Runtime      # DAGs    # Errors  Last Runtime    Last Run
-------------------------------------------  -----  ---------  --------  ----------  --------------  -------------------
/opt/airflow/dags/minio_to_snowflake_dag.py     65  6.11s             1           0  10.48s          2026-05-09T18:41:48
================================================================================
[2026-05-09T18:42:55.018+0000] {manager.py:878} INFO - 
================================================================================
DAG File Processing Stats

File Path                                      PID  Runtime      # DAGs    # Errors  Last Runtime    Last Run
-------------------------------------------  -----  ---------  --------  ----------  --------------  -------------------
/opt/airflow/dags/minio_to_snowflake_dag.py     69  0.01s             1           0  6.28s           2026-05-09T18:42:24
================================================================================
[2026-05-09T18:43:25.312+0000] {manager.py:878} INFO - 
================================================================================
DAG File Processing Stats

File Path                                    PID    Runtime      # DAGs    # Errors  Last Runtime    Last Run
-------------------------------------------  -----  ---------  --------  ----------  --------------  -------------------
/opt/airflow/dags/minio_to_snowflake_dag.py                           1           0  1.77s           2026-05-09T18:42:56
================================================================================
[2026-05-09T18:43:55.589+0000] {manager.py:878} INFO - 
================================================================================
DAG File Processing Stats

File Path                                    PID    Runtime      # DAGs    # Errors  Last Runtime    Last Run
-------------------------------------------  -----  ---------  --------  ----------  --------------  -------------------
/opt/airflow/dags/minio_to_snowflake_dag.py                           1           0  1.64s           2026-05-09T18:43:28
================================================================================
[2026-05-09T18:44:26.169+0000] {manager.py:878} INFO - 
================================================================================
DAG File Processing Stats

File Path                                    PID    Runtime      # DAGs    # Errors  Last Runtime    Last Run
-------------------------------------------  -----  ---------  --------  ----------  --------------  -------------------
/opt/airflow/dags/minio_to_snowflake_dag.py                           1           0  2.04s           2026-05-09T18:44:00
================================================================================
[2026-05-09T18:44:56.409+0000] {manager.py:878} INFO - 
================================================================================
DAG File Processing Stats

File Path                                    PID    Runtime      # DAGs    # Errors  Last Runtime    Last Run
-------------------------------------------  -----  ---------  --------  ----------  --------------  -------------------
/opt/airflow/dags/minio_to_snowflake_dag.py                           1           0  1.53s           2026-05-09T18:44:32
================================================================================
[2026-05-09T18:45:27.188+0000] {manager.py:878} INFO - 
================================================================================
DAG File Processing Stats

File Path                                    PID    Runtime      # DAGs    # Errors  Last Runtime    Last Run
-------------------------------------------  -----  ---------  --------  ----------  --------------  -------------------
/opt/airflow/dags/minio_to_snowflake_dag.py                           1           0  1.15s           2026-05-09T18:45:04
================================================================================
[2026-05-09T18:45:57.521+0000] {manager.py:878} INFO - 
================================================================================
DAG File Processing Stats

File Path                                    PID    Runtime      # DAGs    # Errors  Last Runtime    Last Run
-------------------------------------------  -----  ---------  --------  ----------  --------------  -------------------
/opt/airflow/dags/minio_to_snowflake_dag.py                           1           0  1.20s           2026-05-09T18:45:35
================================================================================
[2026-05-09T18:46:17.817+0000] {manager.py:737} INFO - Searching for files in /opt/airflow/dags
[2026-05-09T18:46:17.859+0000] {manager.py:740} INFO - There are 1 files in /opt/airflow/dags
[2026-05-09T18:46:27.832+0000] {manager.py:878} INFO - 
================================================================================
DAG File Processing Stats

File Path                                    PID    Runtime      # DAGs    # Errors  Last Runtime    Last Run
-------------------------------------------  -----  ---------  --------  ----------  --------------  -------------------
/opt/airflow/dags/minio_to_snowflake_dag.py                           1           0  1.16s           2026-05-09T18:46:06
================================================================================
[2026-05-09T18:46:58.162+0000] {manager.py:878} INFO - 
================================================================================
DAG File Processing Stats

File Path                                    PID    Runtime      # DAGs    # Errors  Last Runtime    Last Run
-------------------------------------------  -----  ---------  --------  ----------  --------------  -------------------
/opt/airflow/dags/minio_to_snowflake_dag.py                           1           0  1.11s           2026-05-09T18:46:38
================================================================================
[2026-05-09T18:47:28.415+0000] {manager.py:878} INFO - 
================================================================================
DAG File Processing Stats

File Path                                    PID    Runtime      # DAGs    # Errors  Last Runtime    Last Run
-------------------------------------------  -----  ---------  --------  ----------  --------------  -------------------
/opt/airflow/dags/minio_to_snowflake_dag.py                           1           0  1.41s           2026-05-09T18:47:09
================================================================================
[2026-05-09T18:47:58.595+0000] {manager.py:878} INFO - 
================================================================================
DAG File Processing Stats

File Path                                    PID    Runtime      # DAGs    # Errors  Last Runtime    Last Run
-------------------------------------------  -----  ---------  --------  ----------  --------------  -------------------
/opt/airflow/dags/minio_to_snowflake_dag.py                           1           0  1.60s           2026-05-09T18:47:41
================================================================================
[2026-05-09T18:48:28.834+0000] {manager.py:878} INFO - 
================================================================================
DAG File Processing Stats

File Path                                    PID    Runtime      # DAGs    # Errors  Last Runtime    Last Run
-------------------------------------------  -----  ---------  --------  ----------  --------------  -------------------
/opt/airflow/dags/minio_to_snowflake_dag.py                           1           0  1.35s           2026-05-09T18:48:13
================================================================================
[2026-05-09T18:48:59.382+0000] {manager.py:878} INFO - 
================================================================================
DAG File Processing Stats

File Path                                    PID    Runtime      # DAGs    # Errors  Last Runtime    Last Run
-------------------------------------------  -----  ---------  --------  ----------  --------------  -------------------
/opt/airflow/dags/minio_to_snowflake_dag.py                           1           0  1.15s           2026-05-09T18:48:44
================================================================================
[2026-05-09T18:49:29.737+0000] {manager.py:878} INFO - 
================================================================================
DAG File Processing Stats

File Path                                    PID    Runtime      # DAGs    # Errors  Last Runtime    Last Run
-------------------------------------------  -----  ---------  --------  ----------  --------------  -------------------
/opt/airflow/dags/minio_to_snowflake_dag.py                           1           0  1.27s           2026-05-09T18:49:15
================================================================================
[2026-05-09T18:50:00.542+0000] {manager.py:878} INFO - 
================================================================================
DAG File Processing Stats

File Path                                    PID    Runtime      # DAGs    # Errors  Last Runtime    Last Run
-------------------------------------------  -----  ---------  --------  ----------  --------------  -------------------
/opt/airflow/dags/minio_to_snowflake_dag.py                           1           0  1.05s           2026-05-09T18:49:46
================================================================================
[2026-05-09T18:54:04.527+0000] {manager.py:737} INFO - Searching for files in /opt/airflow/dags
[2026-05-09T18:54:04.722+0000] {manager.py:740} INFO - There are 1 files in /opt/airflow/dags
[2026-05-09T18:54:29.238+0000] {manager.py:878} INFO - 
================================================================================
DAG File Processing Stats

File Path                                    PID    Runtime      # DAGs    # Errors  Last Runtime    Last Run
-------------------------------------------  -----  ---------  --------  ----------  --------------  -------------------
/opt/airflow/dags/minio_to_snowflake_dag.py                           1           0  6.49s           2026-05-09T18:54:11
================================================================================
[2026-05-09T18:54:59.639+0000] {manager.py:878} INFO - 
================================================================================
DAG File Processing Stats

File Path                                    PID    Runtime      # DAGs    # Errors  Last Runtime    Last Run
-------------------------------------------  -----  ---------  --------  ----------  --------------  -------------------
/opt/airflow/dags/minio_to_snowflake_dag.py                           1           0  1.71s           2026-05-09T18:54:43
================================================================================
[2026-05-09T18:55:29.756+0000] {manager.py:878} INFO - 
================================================================================
DAG File Processing Stats

File Path                                    PID    Runtime      # DAGs    # Errors  Last Runtime    Last Run
-------------------------------------------  -----  ---------  --------  ----------  --------------  -------------------
/opt/airflow/dags/minio_to_snowflake_dag.py                           1           0  1.35s           2026-05-09T18:55:14
================================================================================
[2026-05-09T18:56:00.049+0000] {manager.py:878} INFO - 
================================================================================
DAG File Processing Stats

File Path                                    PID    Runtime      # DAGs    # Errors  Last Runtime    Last Run
-------------------------------------------  -----  ---------  --------  ----------  --------------  -------------------
/opt/airflow/dags/minio_to_snowflake_dag.py                           1           0  3.59s           2026-05-09T18:55:48
================================================================================
[2026-05-09T18:56:30.327+0000] {manager.py:878} INFO - 
================================================================================
DAG File Processing Stats

File Path                                    PID    Runtime      # DAGs    # Errors  Last Runtime    Last Run
-------------------------------------------  -----  ---------  --------  ----------  --------------  -------------------
/opt/airflow/dags/minio_to_snowflake_dag.py                           1           0  1.73s           2026-05-09T18:56:20
================================================================================
[2026-05-09T18:57:00.745+0000] {manager.py:878} INFO - 
================================================================================
DAG File Processing Stats

File Path                                    PID    Runtime      # DAGs    # Errors  Last Runtime    Last Run
-------------------------------------------  -----  ---------  --------  ----------  --------------  -------------------
/opt/airflow/dags/minio_to_snowflake_dag.py                           1           0  1.25s           2026-05-09T18:56:51
================================================================================
[2026-05-09T18:57:30.990+0000] {manager.py:878} INFO - 
================================================================================
DAG File Processing Stats

File Path                                    PID    Runtime      # DAGs    # Errors  Last Runtime    Last Run
-------------------------------------------  -----  ---------  --------  ----------  --------------  -------------------
/opt/airflow/dags/minio_to_snowflake_dag.py                           1           0  1.20s           2026-05-09T18:57:23
================================================================================
[2026-05-09T18:58:01.379+0000] {manager.py:878} INFO - 
================================================================================
DAG File Processing Stats

File Path                                    PID    Runtime      # DAGs    # Errors  Last Runtime    Last Run
-------------------------------------------  -----  ---------  --------  ----------  --------------  -------------------
/opt/airflow/dags/minio_to_snowflake_dag.py                           1           0  1.22s           2026-05-09T18:57:54
================================================================================
[2026-05-09T18:58:31.639+0000] {manager.py:878} INFO - 
================================================================================
DAG File Processing Stats

File Path                                    PID    Runtime      # DAGs    # Errors  Last Runtime    Last Run
-------------------------------------------  -----  ---------  --------  ----------  --------------  -------------------
/opt/airflow/dags/minio_to_snowflake_dag.py                           1           0  1.57s           2026-05-09T18:58:26
================================================================================
[2026-05-09T18:59:01.882+0000] {manager.py:878} INFO - 
================================================================================
DAG File Processing Stats

File Path                                    PID    Runtime      # DAGs    # Errors  Last Runtime    Last Run
-------------------------------------------  -----  ---------  --------  ----------  --------------  -------------------
/opt/airflow/dags/minio_to_snowflake_dag.py                           1           0  3.94s           2026-05-09T18:59:00
================================================================================
[2026-05-09T18:59:04.904+0000] {manager.py:737} INFO - Searching for files in /opt/airflow/dags
[2026-05-09T18:59:04.948+0000] {manager.py:740} INFO - There are 1 files in /opt/airflow/dags
[2026-05-09T18:59:32.126+0000] {manager.py:878} INFO - 
================================================================================
DAG File Processing Stats

File Path                                    PID    Runtime      # DAGs    # Errors  Last Runtime    Last Run
-------------------------------------------  -----  ---------  --------  ----------  --------------  -------------------
/opt/airflow/dags/minio_to_snowflake_dag.py                           1           0  1.54s           2026-05-09T18:59:32
================================================================================
[2026-05-09T19:00:02.361+0000] {manager.py:878} INFO - 
================================================================================
DAG File Processing Stats

File Path                                      PID  Runtime      # DAGs    # Errors  Last Runtime    Last Run
-------------------------------------------  -----  ---------  --------  ----------  --------------  -------------------
/opt/airflow/dags/minio_to_snowflake_dag.py    169  0.01s             1           0  1.54s           2026-05-09T18:59:32
================================================================================
[2026-05-09T19:00:33.067+0000] {manager.py:878} INFO - 
================================================================================
DAG File Processing Stats

File Path                                    PID    Runtime      # DAGs    # Errors  Last Runtime    Last Run
-------------------------------------------  -----  ---------  --------  ----------  --------------  -------------------
/opt/airflow/dags/minio_to_snowflake_dag.py                           1           0  1.58s           2026-05-09T19:00:03
================================================================================
[2026-05-09T19:01:03.336+0000] {manager.py:878} INFO - 
================================================================================
DAG File Processing Stats

File Path                                    PID    Runtime      # DAGs    # Errors  Last Runtime    Last Run
-------------------------------------------  -----  ---------  --------  ----------  --------------  -------------------
/opt/airflow/dags/minio_to_snowflake_dag.py                           1           0  1.70s           2026-05-09T19:00:35
================================================================================
[2026-05-09T19:01:33.661+0000] {manager.py:878} INFO - 
================================================================================
DAG File Processing Stats

File Path                                    PID    Runtime      # DAGs    # Errors  Last Runtime    Last Run
-------------------------------------------  -----  ---------  --------  ----------  --------------  -------------------
/opt/airflow/dags/minio_to_snowflake_dag.py                           1           0  1.38s           2026-05-09T19:01:07
================================================================================
[2026-05-09T19:02:03.949+0000] {manager.py:878} INFO - 
================================================================================
DAG File Processing Stats

File Path                                    PID    Runtime      # DAGs    # Errors  Last Runtime    Last Run
-------------------------------------------  -----  ---------  --------  ----------  --------------  -------------------
/opt/airflow/dags/minio_to_snowflake_dag.py                           1           0  1.45s           2026-05-09T19:01:39
================================================================================
[2026-05-09T19:02:34.587+0000] {manager.py:878} INFO - 
================================================================================
DAG File Processing Stats

File Path                                    PID    Runtime      # DAGs    # Errors  Last Runtime    Last Run
-------------------------------------------  -----  ---------  --------  ----------  --------------  -------------------
/opt/airflow/dags/minio_to_snowflake_dag.py                           1           0  1.18s           2026-05-09T19:02:10
================================================================================
[2026-05-09T19:03:04.988+0000] {manager.py:878} INFO - 
================================================================================
DAG File Processing Stats

File Path                                    PID    Runtime      # DAGs    # Errors  Last Runtime    Last Run
-------------------------------------------  -----  ---------  --------  ----------  --------------  -------------------
/opt/airflow/dags/minio_to_snowflake_dag.py                           1           0  1.40s           2026-05-09T19:02:42
================================================================================
[2026-05-09T19:03:35.425+0000] {manager.py:878} INFO - 
================================================================================
DAG File Processing Stats

File Path                                    PID    Runtime      # DAGs    # Errors  Last Runtime    Last Run
-------------------------------------------  -----  ---------  --------  ----------  --------------  -------------------
/opt/airflow/dags/minio_to_snowflake_dag.py                           1           0  1.57s           2026-05-09T19:03:13
================================================================================
[2026-05-09T19:04:05.014+0000] {manager.py:737} INFO - Searching for files in /opt/airflow/dags
[2026-05-09T19:04:05.093+0000] {manager.py:740} INFO - There are 1 files in /opt/airflow/dags
[2026-05-09T19:04:05.703+0000] {manager.py:878} INFO - 
================================================================================
DAG File Processing Stats

File Path                                    PID    Runtime      # DAGs    # Errors  Last Runtime    Last Run
-------------------------------------------  -----  ---------  --------  ----------  --------------  -------------------
/opt/airflow/dags/minio_to_snowflake_dag.py                           1           0  1.85s           2026-05-09T19:03:45
================================================================================
[2026-05-09T19:04:36.079+0000] {manager.py:878} INFO - 
================================================================================
DAG File Processing Stats

File Path                                    PID    Runtime      # DAGs    # Errors  Last Runtime    Last Run
-------------------------------------------  -----  ---------  --------  ----------  --------------  -------------------
/opt/airflow/dags/minio_to_snowflake_dag.py                           1           0  1.34s           2026-05-09T19:04:17
================================================================================
[2026-05-09T19:05:06.623+0000] {manager.py:878} INFO - 
================================================================================
DAG File Processing Stats

File Path                                    PID    Runtime      # DAGs    # Errors  Last Runtime    Last Run
-------------------------------------------  -----  ---------  --------  ----------  --------------  -------------------
/opt/airflow/dags/minio_to_snowflake_dag.py                           1           0  1.38s           2026-05-09T19:04:48
================================================================================
[2026-05-09T19:05:36.860+0000] {manager.py:878} INFO - 
================================================================================
DAG File Processing Stats

File Path                                    PID    Runtime      # DAGs    # Errors  Last Runtime    Last Run
-------------------------------------------  -----  ---------  --------  ----------  --------------  -------------------
/opt/airflow/dags/minio_to_snowflake_dag.py                           1           0  1.62s           2026-05-09T19:05:20
================================================================================
[2026-05-09T19:06:07.046+0000] {manager.py:878} INFO - 
================================================================================
DAG File Processing Stats

File Path                                    PID    Runtime      # DAGs    # Errors  Last Runtime    Last Run
-------------------------------------------  -----  ---------  --------  ----------  --------------  -------------------
/opt/airflow/dags/minio_to_snowflake_dag.py                           1           0  1.95s           2026-05-09T19:05:52
================================================================================
[2026-05-09T19:06:37.138+0000] {manager.py:878} INFO - 
================================================================================
DAG File Processing Stats

File Path                                    PID    Runtime      # DAGs    # Errors  Last Runtime    Last Run
-------------------------------------------  -----  ---------  --------  ----------  --------------  -------------------
/opt/airflow/dags/minio_to_snowflake_dag.py                           1           0  5.86s           2026-05-09T19:06:29
================================================================================
[2026-05-09T19:07:07.276+0000] {manager.py:878} INFO - 
================================================================================
DAG File Processing Stats

File Path                                    PID    Runtime      # DAGs    # Errors  Last Runtime    Last Run
-------------------------------------------  -----  ---------  --------  ----------  --------------  -------------------
/opt/airflow/dags/minio_to_snowflake_dag.py                           1           0  2.85s           2026-05-09T19:07:02
================================================================================
[2026-05-09T19:07:37.613+0000] {manager.py:878} INFO - 
================================================================================
DAG File Processing Stats

File Path                                    PID    Runtime      # DAGs    # Errors  Last Runtime    Last Run
-------------------------------------------  -----  ---------  --------  ----------  --------------  -------------------
/opt/airflow/dags/minio_to_snowflake_dag.py                           1           0  1.53s           2026-05-09T19:07:33
================================================================================
[2026-05-09T19:08:07.807+0000] {manager.py:878} INFO - 
================================================================================
DAG File Processing Stats

File Path                                    PID    Runtime      # DAGs    # Errors  Last Runtime    Last Run
-------------------------------------------  -----  ---------  --------  ----------  --------------  -------------------
/opt/airflow/dags/minio_to_snowflake_dag.py                           1           0  1.66s           2026-05-09T19:08:05
================================================================================
[2026-05-09T19:08:38.380+0000] {manager.py:878} INFO - 
================================================================================
DAG File Processing Stats

File Path                                    PID    Runtime      # DAGs    # Errors  Last Runtime    Last Run
-------------------------------------------  -----  ---------  --------  ----------  --------------  -------------------
/opt/airflow/dags/minio_to_snowflake_dag.py                           1           0  1.53s           2026-05-09T19:08:37
================================================================================
[2026-05-09T19:09:05.560+0000] {manager.py:737} INFO - Searching for files in /opt/airflow/dags
[2026-05-09T19:09:05.608+0000] {manager.py:740} INFO - There are 1 files in /opt/airflow/dags
[2026-05-09T19:09:08.679+0000] {manager.py:878} INFO - 
================================================================================
DAG File Processing Stats

File Path                                      PID  Runtime      # DAGs    # Errors  Last Runtime    Last Run
-------------------------------------------  -----  ---------  --------  ----------  --------------  -------------------
/opt/airflow/dags/minio_to_snowflake_dag.py    604  1.01s             1           0  1.53s           2026-05-09T19:08:37
================================================================================
[2026-05-09T19:09:38.978+0000] {manager.py:878} INFO - 
================================================================================
DAG File Processing Stats

File Path                                    PID    Runtime      # DAGs    # Errors  Last Runtime    Last Run
-------------------------------------------  -----  ---------  --------  ----------  --------------  -------------------
/opt/airflow/dags/minio_to_snowflake_dag.py                           1           0  1.36s           2026-05-09T19:09:09
================================================================================
[2026-05-09T19:10:09.285+0000] {manager.py:878} INFO - 
================================================================================
DAG File Processing Stats

File Path                                    PID    Runtime      # DAGs    # Errors  Last Runtime    Last Run
-------------------------------------------  -----  ---------  --------  ----------  --------------  -------------------
/opt/airflow/dags/minio_to_snowflake_dag.py                           1           0  1.86s           2026-05-09T19:09:41
================================================================================
[2026-05-09T19:10:39.389+0000] {manager.py:878} INFO - 
================================================================================
DAG File Processing Stats

File Path                                    PID    Runtime      # DAGs    # Errors  Last Runtime    Last Run
-------------------------------------------  -----  ---------  --------  ----------  --------------  -------------------
/opt/airflow/dags/minio_to_snowflake_dag.py                           1           0  1.82s           2026-05-09T19:10:13
================================================================================
[2026-05-09T19:11:09.764+0000] {manager.py:878} INFO - 
================================================================================
DAG File Processing Stats

File Path                                    PID    Runtime      # DAGs    # Errors  Last Runtime    Last Run
-------------------------------------------  -----  ---------  --------  ----------  --------------  -------------------
/opt/airflow/dags/minio_to_snowflake_dag.py                           1           0  2.50s           2026-05-09T19:10:45
================================================================================
[2026-05-09T19:11:40.386+0000] {manager.py:878} INFO - 
================================================================================
DAG File Processing Stats

File Path                                    PID    Runtime      # DAGs    # Errors  Last Runtime    Last Run
-------------------------------------------  -----  ---------  --------  ----------  --------------  -------------------
/opt/airflow/dags/minio_to_snowflake_dag.py                           1           0  2.14s           2026-05-09T19:11:18
================================================================================
[2026-05-09T19:12:10.705+0000] {manager.py:878} INFO - 
================================================================================
DAG File Processing Stats

File Path                                    PID    Runtime      # DAGs    # Errors  Last Runtime    Last Run
-------------------------------------------  -----  ---------  --------  ----------  --------------  -------------------
/opt/airflow/dags/minio_to_snowflake_dag.py                           1           0  1.31s           2026-05-09T19:11:49
================================================================================
[2026-05-09T19:12:40.954+0000] {manager.py:878} INFO - 
================================================================================
DAG File Processing Stats

File Path                                    PID    Runtime      # DAGs    # Errors  Last Runtime    Last Run
-------------------------------------------  -----  ---------  --------  ----------  --------------  -------------------
/opt/airflow/dags/minio_to_snowflake_dag.py                           1           0  2.81s           2026-05-09T19:12:22
================================================================================
[2026-05-09T19:13:11.206+0000] {manager.py:878} INFO - 
================================================================================
DAG File Processing Stats

File Path                                    PID    Runtime      # DAGs    # Errors  Last Runtime    Last Run
-------------------------------------------  -----  ---------  --------  ----------  --------------  -------------------
/opt/airflow/dags/minio_to_snowflake_dag.py                           1           0  1.66s           2026-05-09T19:12:54
================================================================================
[2026-05-09T19:13:41.499+0000] {manager.py:878} INFO - 
================================================================================
DAG File Processing Stats

File Path                                    PID    Runtime      # DAGs    # Errors  Last Runtime    Last Run
-------------------------------------------  -----  ---------  --------  ----------  --------------  -------------------
/opt/airflow/dags/minio_to_snowflake_dag.py                           1           0  2.53s           2026-05-09T19:13:27
================================================================================
[2026-05-09T19:14:05.804+0000] {manager.py:737} INFO - Searching for files in /opt/airflow/dags
[2026-05-09T19:14:05.870+0000] {manager.py:740} INFO - There are 1 files in /opt/airflow/dags
[2026-05-09T19:14:11.618+0000] {manager.py:878} INFO - 
================================================================================
DAG File Processing Stats

File Path                                    PID    Runtime      # DAGs    # Errors  Last Runtime    Last Run
-------------------------------------------  -----  ---------  --------  ----------  --------------  -------------------
/opt/airflow/dags/minio_to_snowflake_dag.py                           1           0  1.85s           2026-05-09T19:13:59
================================================================================
[2026-05-09T19:14:42.269+0000] {manager.py:878} INFO - 
================================================================================
DAG File Processing Stats

File Path                                    PID    Runtime      # DAGs    # Errors  Last Runtime    Last Run
-------------------------------------------  -----  ---------  --------  ----------  --------------  -------------------
/opt/airflow/dags/minio_to_snowflake_dag.py                           1           0  1.42s           2026-05-09T19:14:31
================================================================================
[2026-05-09T19:15:12.520+0000] {manager.py:878} INFO - 
================================================================================
DAG File Processing Stats

File Path                                    PID    Runtime      # DAGs    # Errors  Last Runtime    Last Run
-------------------------------------------  -----  ---------  --------  ----------  --------------  -------------------
/opt/airflow/dags/minio_to_snowflake_dag.py                           1           0  1.23s           2026-05-09T19:15:02
================================================================================
[2026-05-09T19:15:42.926+0000] {manager.py:878} INFO - 
================================================================================
DAG File Processing Stats

File Path                                    PID    Runtime      # DAGs    # Errors  Last Runtime    Last Run
-------------------------------------------  -----  ---------  --------  ----------  --------------  -------------------
/opt/airflow/dags/minio_to_snowflake_dag.py                           1           0  1.51s           2026-05-09T19:15:34
================================================================================
[2026-05-09T19:16:12.938+0000] {manager.py:878} INFO - 
================================================================================
DAG File Processing Stats

File Path                                    PID    Runtime      # DAGs    # Errors  Last Runtime    Last Run
-------------------------------------------  -----  ---------  --------  ----------  --------------  -------------------
/opt/airflow/dags/minio_to_snowflake_dag.py                           1           0  1.49s           2026-05-09T19:16:05
================================================================================
[2026-05-09T19:16:43.193+0000] {manager.py:878} INFO - 
================================================================================
DAG File Processing Stats

File Path                                    PID    Runtime      # DAGs    # Errors  Last Runtime    Last Run
-------------------------------------------  -----  ---------  --------  ----------  --------------  -------------------
/opt/airflow/dags/minio_to_snowflake_dag.py                           1           0  2.07s           2026-05-09T19:16:38
================================================================================
[2026-05-09T19:17:13.436+0000] {manager.py:878} INFO - 
================================================================================
DAG File Processing Stats

File Path                                    PID    Runtime      # DAGs    # Errors  Last Runtime    Last Run
-------------------------------------------  -----  ---------  --------  ----------  --------------  -------------------
/opt/airflow/dags/minio_to_snowflake_dag.py                           1           0  1.38s           2026-05-09T19:17:09
================================================================================
[2026-05-09T19:17:44.021+0000] {manager.py:878} INFO - 
================================================================================
DAG File Processing Stats

File Path                                    PID    Runtime      # DAGs    # Errors  Last Runtime    Last Run
-------------------------------------------  -----  ---------  --------  ----------  --------------  -------------------
/opt/airflow/dags/minio_to_snowflake_dag.py                           1           0  1.37s           2026-05-09T19:17:41
================================================================================
[2026-05-09T19:18:14.246+0000] {manager.py:878} INFO - 
================================================================================
DAG File Processing Stats

File Path                                    PID    Runtime      # DAGs    # Errors  Last Runtime    Last Run
-------------------------------------------  -----  ---------  --------  ----------  --------------  -------------------
/opt/airflow/dags/minio_to_snowflake_dag.py                           1           0  1.86s           2026-05-09T19:18:13
================================================================================
[2026-05-09T19:18:44.459+0000] {manager.py:878} INFO - 
================================================================================
DAG File Processing Stats

File Path                                      PID  Runtime      # DAGs    # Errors  Last Runtime    Last Run
-------------------------------------------  -----  ---------  --------  ----------  --------------  -------------------
/opt/airflow/dags/minio_to_snowflake_dag.py   1354  0.81s             1           0  1.86s           2026-05-09T19:18:13
================================================================================
[2026-05-09T19:19:05.818+0000] {manager.py:737} INFO - Searching for files in /opt/airflow/dags
[2026-05-09T19:19:05.882+0000] {manager.py:740} INFO - There are 1 files in /opt/airflow/dags
[2026-05-09T19:19:15.031+0000] {manager.py:878} INFO - 
================================================================================
DAG File Processing Stats

File Path                                    PID    Runtime      # DAGs    # Errors  Last Runtime    Last Run
-------------------------------------------  -----  ---------  --------  ----------  --------------  -------------------
/opt/airflow/dags/minio_to_snowflake_dag.py                           1           0  1.42s           2026-05-09T19:18:45
================================================================================
[2026-05-09T19:19:45.615+0000] {manager.py:878} INFO - 
================================================================================
DAG File Processing Stats

File Path                                    PID    Runtime      # DAGs    # Errors  Last Runtime    Last Run
-------------------------------------------  -----  ---------  --------  ----------  --------------  -------------------
/opt/airflow/dags/minio_to_snowflake_dag.py                           1           0  2.46s           2026-05-09T19:19:17
================================================================================
[2026-05-09T19:20:15.844+0000] {manager.py:878} INFO - 
================================================================================
DAG File Processing Stats

File Path                                    PID    Runtime      # DAGs    # Errors  Last Runtime    Last Run
-------------------------------------------  -----  ---------  --------  ----------  --------------  -------------------
/opt/airflow/dags/minio_to_snowflake_dag.py                           1           0  1.90s           2026-05-09T19:19:49
================================================================================
[2026-05-09T19:20:46.407+0000] {manager.py:878} INFO - 
================================================================================
DAG File Processing Stats

File Path                                    PID    Runtime      # DAGs    # Errors  Last Runtime    Last Run
-------------------------------------------  -----  ---------  --------  ----------  --------------  -------------------
/opt/airflow/dags/minio_to_snowflake_dag.py                           1           0  2.23s           2026-05-09T19:20:22
================================================================================
[2026-05-09T19:21:16.585+0000] {manager.py:878} INFO - 
================================================================================
DAG File Processing Stats

File Path                                    PID    Runtime      # DAGs    # Errors  Last Runtime    Last Run
-------------------------------------------  -----  ---------  --------  ----------  --------------  -------------------
/opt/airflow/dags/minio_to_snowflake_dag.py                           1           0  1.93s           2026-05-09T19:20:54
================================================================================
[2026-05-09T19:21:47.018+0000] {manager.py:878} INFO - 
================================================================================
DAG File Processing Stats

File Path                                    PID    Runtime      # DAGs    # Errors  Last Runtime    Last Run
-------------------------------------------  -----  ---------  --------  ----------  --------------  -------------------
/opt/airflow/dags/minio_to_snowflake_dag.py                           1           0  2.36s           2026-05-09T19:21:27
================================================================================
[2026-05-09T19:22:17.388+0000] {manager.py:878} INFO - 
================================================================================
DAG File Processing Stats

File Path                                    PID    Runtime      # DAGs    # Errors  Last Runtime    Last Run
-------------------------------------------  -----  ---------  --------  ----------  --------------  -------------------
/opt/airflow/dags/minio_to_snowflake_dag.py                           1           0  3.58s           2026-05-09T19:22:00
================================================================================
[2026-05-09T19:22:47.624+0000] {manager.py:878} INFO - 
================================================================================
DAG File Processing Stats

File Path                                    PID    Runtime      # DAGs    # Errors  Last Runtime    Last Run
-------------------------------------------  -----  ---------  --------  ----------  --------------  -------------------
/opt/airflow/dags/minio_to_snowflake_dag.py                           1           0  1.88s           2026-05-09T19:22:32
================================================================================
[2026-05-09T19:23:18.165+0000] {manager.py:878} INFO - 
================================================================================
DAG File Processing Stats

File Path                                    PID    Runtime      # DAGs    # Errors  Last Runtime    Last Run
-------------------------------------------  -----  ---------  --------  ----------  --------------  -------------------
/opt/airflow/dags/minio_to_snowflake_dag.py                           1           0  1.24s           2026-05-09T19:23:04
================================================================================
[2026-05-09T19:23:48.610+0000] {manager.py:878} INFO - 
================================================================================
DAG File Processing Stats

File Path                                    PID    Runtime      # DAGs    # Errors  Last Runtime    Last Run
-------------------------------------------  -----  ---------  --------  ----------  --------------  -------------------
/opt/airflow/dags/minio_to_snowflake_dag.py                           1           0  1.36s           2026-05-09T19:23:35
================================================================================
[2026-05-09T19:24:06.078+0000] {manager.py:737} INFO - Searching for files in /opt/airflow/dags
[2026-05-09T19:24:06.128+0000] {manager.py:740} INFO - There are 1 files in /opt/airflow/dags
[2026-05-09T19:24:18.913+0000] {manager.py:878} INFO - 
================================================================================
DAG File Processing Stats

File Path                                    PID    Runtime      # DAGs    # Errors  Last Runtime    Last Run
-------------------------------------------  -----  ---------  --------  ----------  --------------  -------------------
/opt/airflow/dags/minio_to_snowflake_dag.py                           1           0  1.78s           2026-05-09T19:24:07
================================================================================
[2026-05-09T19:24:49.267+0000] {manager.py:878} INFO - 
================================================================================
DAG File Processing Stats

File Path                                    PID    Runtime      # DAGs    # Errors  Last Runtime    Last Run
-------------------------------------------  -----  ---------  --------  ----------  --------------  -------------------
/opt/airflow/dags/minio_to_snowflake_dag.py                           1           0  1.70s           2026-05-09T19:24:39
================================================================================
[2026-05-09T19:25:19.476+0000] {manager.py:878} INFO - 
================================================================================
DAG File Processing Stats

File Path                                    PID    Runtime      # DAGs    # Errors  Last Runtime    Last Run
-------------------------------------------  -----  ---------  --------  ----------  --------------  -------------------
/opt/airflow/dags/minio_to_snowflake_dag.py                           1           0  1.64s           2026-05-09T19:25:11
================================================================================
[2026-05-09T19:25:49.884+0000] {manager.py:878} INFO - 
================================================================================
DAG File Processing Stats

File Path                                    PID    Runtime      # DAGs    # Errors  Last Runtime    Last Run
-------------------------------------------  -----  ---------  --------  ----------  --------------  -------------------
/opt/airflow/dags/minio_to_snowflake_dag.py                           1           0  1.56s           2026-05-09T19:25:43
================================================================================
[2026-05-09T19:26:20.084+0000] {manager.py:878} INFO - 
================================================================================
DAG File Processing Stats

File Path                                    PID    Runtime      # DAGs    # Errors  Last Runtime    Last Run
-------------------------------------------  -----  ---------  --------  ----------  --------------  -------------------
/opt/airflow/dags/minio_to_snowflake_dag.py                           1           0  1.88s           2026-05-09T19:26:15
================================================================================
[2026-05-09T19:26:50.570+0000] {manager.py:878} INFO - 
================================================================================
DAG File Processing Stats

File Path                                    PID    Runtime      # DAGs    # Errors  Last Runtime    Last Run
-------------------------------------------  -----  ---------  --------  ----------  --------------  -------------------
/opt/airflow/dags/minio_to_snowflake_dag.py                           1           0  1.17s           2026-05-09T19:26:46
================================================================================
[2026-05-09T19:27:20.857+0000] {manager.py:878} INFO - 
================================================================================
DAG File Processing Stats

File Path                                    PID    Runtime      # DAGs    # Errors  Last Runtime    Last Run
-------------------------------------------  -----  ---------  --------  ----------  --------------  -------------------
/opt/airflow/dags/minio_to_snowflake_dag.py                           1           0  2.11s           2026-05-09T19:27:18
================================================================================
[2026-05-09T19:27:51.137+0000] {manager.py:878} INFO - 
================================================================================
DAG File Processing Stats

File Path                                    PID    Runtime      # DAGs    # Errors  Last Runtime    Last Run
-------------------------------------------  -----  ---------  --------  ----------  --------------  -------------------
/opt/airflow/dags/minio_to_snowflake_dag.py                           1           0  1.30s           2026-05-09T19:27:50
================================================================================
[2026-05-09T19:28:21.375+0000] {manager.py:878} INFO - 
================================================================================
DAG File Processing Stats

File Path                                      PID  Runtime      # DAGs    # Errors  Last Runtime    Last Run
-------------------------------------------  -----  ---------  --------  ----------  --------------  -------------------
/opt/airflow/dags/minio_to_snowflake_dag.py   1841  0.77s             1           0  1.30s           2026-05-09T19:27:50
================================================================================
[2026-05-09T19:28:51.430+0000] {manager.py:878} INFO - 
================================================================================
DAG File Processing Stats

File Path                                    PID    Runtime      # DAGs    # Errors  Last Runtime    Last Run
-------------------------------------------  -----  ---------  --------  ----------  --------------  -------------------
/opt/airflow/dags/minio_to_snowflake_dag.py                           1           0  1.61s           2026-05-09T19:28:22
================================================================================
[2026-05-09T19:29:06.559+0000] {manager.py:737} INFO - Searching for files in /opt/airflow/dags
[2026-05-09T19:29:06.614+0000] {manager.py:740} INFO - There are 1 files in /opt/airflow/dags
[2026-05-09T19:29:21.767+0000] {manager.py:878} INFO - 
================================================================================
DAG File Processing Stats

File Path                                    PID    Runtime      # DAGs    # Errors  Last Runtime    Last Run
-------------------------------------------  -----  ---------  --------  ----------  --------------  -------------------
/opt/airflow/dags/minio_to_snowflake_dag.py                           1           0  1.15s           2026-05-09T19:28:53
================================================================================
[2026-05-09T19:29:52.012+0000] {manager.py:878} INFO - 
================================================================================
DAG File Processing Stats

File Path                                    PID    Runtime      # DAGs    # Errors  Last Runtime    Last Run
-------------------------------------------  -----  ---------  --------  ----------  --------------  -------------------
/opt/airflow/dags/minio_to_snowflake_dag.py                           1           0  1.47s           2026-05-09T19:29:25
================================================================================
[2026-05-09T19:30:22.673+0000] {manager.py:878} INFO - 
================================================================================
DAG File Processing Stats

File Path                                    PID    Runtime      # DAGs    # Errors  Last Runtime    Last Run
-------------------------------------------  -----  ---------  --------  ----------  --------------  -------------------
/opt/airflow/dags/minio_to_snowflake_dag.py                           1           0  1.11s           2026-05-09T19:29:56
================================================================================
[2026-05-09T19:30:52.959+0000] {manager.py:878} INFO - 
================================================================================
DAG File Processing Stats

File Path                                    PID    Runtime      # DAGs    # Errors  Last Runtime    Last Run
-------------------------------------------  -----  ---------  --------  ----------  --------------  -------------------
/opt/airflow/dags/minio_to_snowflake_dag.py                           1           0  1.39s           2026-05-09T19:30:28
================================================================================
[2026-05-09T19:31:23.517+0000] {manager.py:878} INFO - 
================================================================================
DAG File Processing Stats

File Path                                    PID    Runtime      # DAGs    # Errors  Last Runtime    Last Run
-------------------------------------------  -----  ---------  --------  ----------  --------------  -------------------
/opt/airflow/dags/minio_to_snowflake_dag.py                           1           0  1.13s           2026-05-09T19:30:59
================================================================================
[2026-05-09T19:31:53.829+0000] {manager.py:878} INFO - 
================================================================================
DAG File Processing Stats

File Path                                    PID    Runtime      # DAGs    # Errors  Last Runtime    Last Run
-------------------------------------------  -----  ---------  --------  ----------  --------------  -------------------
/opt/airflow/dags/minio_to_snowflake_dag.py                           1           0  1.54s           2026-05-09T19:31:31
================================================================================
[2026-05-09T19:32:24.553+0000] {manager.py:878} INFO - 
================================================================================
DAG File Processing Stats

File Path                                    PID    Runtime      # DAGs    # Errors  Last Runtime    Last Run
-------------------------------------------  -----  ---------  --------  ----------  --------------  -------------------
/opt/airflow/dags/minio_to_snowflake_dag.py                           1           0  1.25s           2026-05-09T19:32:02
================================================================================
[2026-05-09T19:32:55.047+0000] {manager.py:878} INFO - 
================================================================================
DAG File Processing Stats

File Path                                    PID    Runtime      # DAGs    # Errors  Last Runtime    Last Run
-------------------------------------------  -----  ---------  --------  ----------  --------------  -------------------
/opt/airflow/dags/minio_to_snowflake_dag.py                           1           0  1.45s           2026-05-09T19:32:34
================================================================================
[2026-05-09T19:33:25.305+0000] {manager.py:878} INFO - 
================================================================================
DAG File Processing Stats

File Path                                    PID    Runtime      # DAGs    # Errors  Last Runtime    Last Run
-------------------------------------------  -----  ---------  --------  ----------  --------------  -------------------
/opt/airflow/dags/minio_to_snowflake_dag.py                           1           0  1.85s           2026-05-09T19:33:06
================================================================================
[2026-05-09T19:33:55.733+0000] {manager.py:878} INFO - 
================================================================================
DAG File Processing Stats

File Path                                    PID    Runtime      # DAGs    # Errors  Last Runtime    Last Run
-------------------------------------------  -----  ---------  --------  ----------  --------------  -------------------
/opt/airflow/dags/minio_to_snowflake_dag.py                           1           0  1.51s           2026-05-09T19:33:37
================================================================================
[2026-05-09T19:34:06.822+0000] {manager.py:737} INFO - Searching for files in /opt/airflow/dags
[2026-05-09T19:34:06.898+0000] {manager.py:740} INFO - There are 1 files in /opt/airflow/dags
[2026-05-09T19:34:26.335+0000] {manager.py:878} INFO - 
================================================================================
DAG File Processing Stats

File Path                                    PID    Runtime      # DAGs    # Errors  Last Runtime    Last Run
-------------------------------------------  -----  ---------  --------  ----------  --------------  -------------------
/opt/airflow/dags/minio_to_snowflake_dag.py                           1           0  2.59s           2026-05-09T19:34:10
================================================================================
[2026-05-09T19:34:56.553+0000] {manager.py:878} INFO - 
================================================================================
DAG File Processing Stats

File Path                                    PID    Runtime      # DAGs    # Errors  Last Runtime    Last Run
-------------------------------------------  -----  ---------  --------  ----------  --------------  -------------------
/opt/airflow/dags/minio_to_snowflake_dag.py                           1           0  2.00s           2026-05-09T19:34:42
================================================================================
[2026-05-09T19:35:27.310+0000] {manager.py:878} INFO - 
================================================================================
DAG File Processing Stats

File Path                                    PID    Runtime      # DAGs    # Errors  Last Runtime    Last Run
-------------------------------------------  -----  ---------  --------  ----------  --------------  -------------------
/opt/airflow/dags/minio_to_snowflake_dag.py                           1           0  3.23s           2026-05-09T19:35:16
================================================================================
[2026-05-09T19:35:57.377+0000] {manager.py:878} INFO - 
================================================================================
DAG File Processing Stats

File Path                                    PID    Runtime      # DAGs    # Errors  Last Runtime    Last Run
-------------------------------------------  -----  ---------  --------  ----------  --------------  -------------------
/opt/airflow/dags/minio_to_snowflake_dag.py                           1           0  2.83s           2026-05-09T19:35:49
================================================================================
[2026-05-09T19:36:27.628+0000] {manager.py:878} INFO - 
================================================================================
DAG File Processing Stats

File Path                                    PID    Runtime      # DAGs    # Errors  Last Runtime    Last Run
-------------------------------------------  -----  ---------  --------  ----------  --------------  -------------------
/opt/airflow/dags/minio_to_snowflake_dag.py                           1           0  1.99s           2026-05-09T19:36:21
================================================================================
[2026-05-09T19:36:58.179+0000] {manager.py:878} INFO - 
================================================================================
DAG File Processing Stats

File Path                                    PID    Runtime      # DAGs    # Errors  Last Runtime    Last Run
-------------------------------------------  -----  ---------  --------  ----------  --------------  -------------------
/opt/airflow/dags/minio_to_snowflake_dag.py                           1           0  1.44s           2026-05-09T19:36:53
================================================================================
[2026-05-09T19:39:09.822+0000] {manager.py:470} INFO - Processing files using up to 2 processes at a time 
[2026-05-09T19:39:09.828+0000] {manager.py:471} INFO - Process each file at most once every 30 seconds
[2026-05-09T19:39:09.831+0000] {manager.py:472} INFO - Checking for new files in /opt/airflow/dags every 300 seconds
[2026-05-09T19:39:09.841+0000] {manager.py:737} INFO - Searching for files in /opt/airflow/dags
[2026-05-09T19:39:09.987+0000] {manager.py:740} INFO - There are 1 files in /opt/airflow/dags
[2026-05-09T19:39:13.690+0000] {manager.py:878} INFO - 
================================================================================
DAG File Processing Stats

File Path                                      PID  Runtime      # DAGs    # Errors  Last Runtime    Last Run
-------------------------------------------  -----  ---------  --------  ----------  --------------  ----------
/opt/airflow/dags/minio_to_snowflake_dag.py     25  1.84s             0           0
================================================================================
[2026-05-09T19:39:26.159+0000] {manager.py:452} INFO - Exiting gracefully upon receiving signal 15
[2026-05-09T19:39:26.158+0000] {manager.py:452} INFO - Exiting gracefully upon receiving signal 15
[2026-05-09T19:46:35.218+0000] {manager.py:470} INFO - Processing files using up to 2 processes at a time 
[2026-05-09T19:46:35.235+0000] {manager.py:471} INFO - Process each file at most once every 30 seconds
[2026-05-09T19:46:35.239+0000] {manager.py:472} INFO - Checking for new files in /opt/airflow/dags every 300 seconds
[2026-05-09T19:46:35.250+0000] {manager.py:737} INFO - Searching for files in /opt/airflow/dags
[2026-05-09T19:46:35.403+0000] {manager.py:740} INFO - There are 1 files in /opt/airflow/dags
[2026-05-09T19:46:37.244+0000] {manager.py:878} INFO - 
================================================================================
DAG File Processing Stats

File Path                                      PID  Runtime      # DAGs    # Errors  Last Runtime    Last Run
-------------------------------------------  -----  ---------  --------  ----------  --------------  ----------
/opt/airflow/dags/minio_to_snowflake_dag.py     25  0.74s             0           0
================================================================================
[2026-05-09T19:47:07.737+0000] {manager.py:878} INFO - 
================================================================================
DAG File Processing Stats

File Path                                    PID    Runtime      # DAGs    # Errors  Last Runtime    Last Run
-------------------------------------------  -----  ---------  --------  ----------  --------------  -------------------
/opt/airflow/dags/minio_to_snowflake_dag.py                           1           0  23.09s          2026-05-09T19:46:59
================================================================================
[2026-05-09T19:47:38.248+0000] {manager.py:878} INFO - 
================================================================================
DAG File Processing Stats

File Path                                      PID  Runtime      # DAGs    # Errors  Last Runtime    Last Run
-------------------------------------------  -----  ---------  --------  ----------  --------------  -------------------
/opt/airflow/dags/minio_to_snowflake_dag.py     54  8.13s             1           0  23.09s          2026-05-09T19:46:59
================================================================================
[2026-05-09T19:48:08.631+0000] {manager.py:878} INFO - 
================================================================================
DAG File Processing Stats

File Path                                    PID    Runtime      # DAGs    # Errors  Last Runtime    Last Run
-------------------------------------------  -----  ---------  --------  ----------  --------------  -------------------
/opt/airflow/dags/minio_to_snowflake_dag.py                           1           0  9.60s           2026-05-09T19:47:39
================================================================================
[2026-05-09T19:48:38.871+0000] {manager.py:878} INFO - 
================================================================================
DAG File Processing Stats

File Path                                    PID    Runtime      # DAGs    # Errors  Last Runtime    Last Run
-------------------------------------------  -----  ---------  --------  ----------  --------------  -------------------
/opt/airflow/dags/minio_to_snowflake_dag.py                           1           0  1.99s           2026-05-09T19:48:11
================================================================================
[2026-05-09T19:49:08.914+0000] {manager.py:878} INFO - 
================================================================================
DAG File Processing Stats

File Path                                    PID    Runtime      # DAGs    # Errors  Last Runtime    Last Run
-------------------------------------------  -----  ---------  --------  ----------  --------------  -------------------
/opt/airflow/dags/minio_to_snowflake_dag.py                           1           0  1.49s           2026-05-09T19:48:43
================================================================================
[2026-05-09T19:49:39.164+0000] {manager.py:878} INFO - 
================================================================================
DAG File Processing Stats

File Path                                    PID    Runtime      # DAGs    # Errors  Last Runtime    Last Run
-------------------------------------------  -----  ---------  --------  ----------  --------------  -------------------
/opt/airflow/dags/minio_to_snowflake_dag.py                           1           0  2.19s           2026-05-09T19:49:16
================================================================================
[2026-05-09T19:50:09.409+0000] {manager.py:878} INFO - 
================================================================================
DAG File Processing Stats

File Path                                    PID    Runtime      # DAGs    # Errors  Last Runtime    Last Run
-------------------------------------------  -----  ---------  --------  ----------  --------------  -------------------
/opt/airflow/dags/minio_to_snowflake_dag.py                           1           0  1.06s           2026-05-09T19:49:47
================================================================================
[2026-05-09T19:50:39.425+0000] {manager.py:878} INFO - 
================================================================================
DAG File Processing Stats

File Path                                    PID    Runtime      # DAGs    # Errors  Last Runtime    Last Run
-------------------------------------------  -----  ---------  --------  ----------  --------------  -------------------
/opt/airflow/dags/minio_to_snowflake_dag.py                           1           0  1.78s           2026-05-09T19:50:19
================================================================================
[2026-05-09T19:51:09.671+0000] {manager.py:878} INFO - 
================================================================================
DAG File Processing Stats

File Path                                    PID    Runtime      # DAGs    # Errors  Last Runtime    Last Run
-------------------------------------------  -----  ---------  --------  ----------  --------------  -------------------
/opt/airflow/dags/minio_to_snowflake_dag.py                           1           0  1.19s           2026-05-09T19:50:50
================================================================================
[2026-05-09T19:51:35.449+0000] {manager.py:737} INFO - Searching for files in /opt/airflow/dags
[2026-05-09T19:51:35.509+0000] {manager.py:740} INFO - There are 1 files in /opt/airflow/dags
[2026-05-09T19:51:40.065+0000] {manager.py:878} INFO - 
================================================================================
DAG File Processing Stats

File Path                                    PID    Runtime      # DAGs    # Errors  Last Runtime    Last Run
-------------------------------------------  -----  ---------  --------  ----------  --------------  -------------------
/opt/airflow/dags/minio_to_snowflake_dag.py                           1           0  1.53s           2026-05-09T19:51:22
================================================================================
[2026-05-09T19:52:10.343+0000] {manager.py:878} INFO - 
================================================================================
DAG File Processing Stats

File Path                                    PID    Runtime      # DAGs    # Errors  Last Runtime    Last Run
-------------------------------------------  -----  ---------  --------  ----------  --------------  -------------------
/opt/airflow/dags/minio_to_snowflake_dag.py                           1           0  1.61s           2026-05-09T19:51:54
================================================================================
[2026-05-09T19:52:40.566+0000] {manager.py:878} INFO - 
================================================================================
DAG File Processing Stats

File Path                                    PID    Runtime      # DAGs    # Errors  Last Runtime    Last Run
-------------------------------------------  -----  ---------  --------  ----------  --------------  -------------------
/opt/airflow/dags/minio_to_snowflake_dag.py                           1           0  1.97s           2026-05-09T19:52:26
================================================================================
[2026-05-09T19:53:11.088+0000] {manager.py:878} INFO - 
================================================================================
DAG File Processing Stats

File Path                                    PID    Runtime      # DAGs    # Errors  Last Runtime    Last Run
-------------------------------------------  -----  ---------  --------  ----------  --------------  -------------------
/opt/airflow/dags/minio_to_snowflake_dag.py                           1           0  1.61s           2026-05-09T19:52:58
================================================================================
[2026-05-09T19:53:41.815+0000] {manager.py:878} INFO - 
================================================================================
DAG File Processing Stats

File Path                                    PID    Runtime      # DAGs    # Errors  Last Runtime    Last Run
-------------------------------------------  -----  ---------  --------  ----------  --------------  -------------------
/opt/airflow/dags/minio_to_snowflake_dag.py                           1           0  2.30s           2026-05-09T19:53:31
================================================================================
[2026-05-09T19:54:12.103+0000] {manager.py:878} INFO - 
================================================================================
DAG File Processing Stats

File Path                                    PID    Runtime      # DAGs    # Errors  Last Runtime    Last Run
-------------------------------------------  -----  ---------  --------  ----------  --------------  -------------------
/opt/airflow/dags/minio_to_snowflake_dag.py                           1           0  2.81s           2026-05-09T19:54:04
================================================================================
[2026-05-09T19:54:42.367+0000] {manager.py:878} INFO - 
================================================================================
DAG File Processing Stats

File Path                                    PID    Runtime      # DAGs    # Errors  Last Runtime    Last Run
-------------------------------------------  -----  ---------  --------  ----------  --------------  -------------------
/opt/airflow/dags/minio_to_snowflake_dag.py                           1           0  1.97s           2026-05-09T19:54:36
================================================================================
[2026-05-09T19:55:12.714+0000] {manager.py:878} INFO - 
================================================================================
DAG File Processing Stats

File Path                                    PID    Runtime      # DAGs    # Errors  Last Runtime    Last Run
-------------------------------------------  -----  ---------  --------  ----------  --------------  -------------------
/opt/airflow/dags/minio_to_snowflake_dag.py                           1           0  2.38s           2026-05-09T19:55:08
================================================================================
[2026-05-09T19:55:43.304+0000] {manager.py:878} INFO - 
================================================================================
DAG File Processing Stats

File Path                                    PID    Runtime      # DAGs    # Errors  Last Runtime    Last Run
-------------------------------------------  -----  ---------  --------  ----------  --------------  -------------------
/opt/airflow/dags/minio_to_snowflake_dag.py                           1           0  1.37s           2026-05-09T19:55:40
================================================================================
[2026-05-09T19:56:13.674+0000] {manager.py:878} INFO - 
================================================================================
DAG File Processing Stats

File Path                                      PID  Runtime      # DAGs    # Errors  Last Runtime    Last Run
-------------------------------------------  -----  ---------  --------  ----------  --------------  -------------------
/opt/airflow/dags/minio_to_snowflake_dag.py    462  2.77s             1           0  1.37s           2026-05-09T19:55:40
================================================================================
[2026-05-09T19:57:58.167+0000] {manager.py:470} INFO - Processing files using up to 2 processes at a time 
[2026-05-09T19:57:58.190+0000] {manager.py:471} INFO - Process each file at most once every 30 seconds
[2026-05-09T19:57:58.198+0000] {manager.py:472} INFO - Checking for new files in /opt/airflow/dags every 300 seconds
[2026-05-09T19:57:58.203+0000] {manager.py:737} INFO - Searching for files in /opt/airflow/dags
[2026-05-09T19:57:58.373+0000] {manager.py:740} INFO - There are 1 files in /opt/airflow/dags
[2026-05-09T19:57:59.348+0000] {manager.py:878} INFO - 
================================================================================
DAG File Processing Stats

File Path                                      PID  Runtime      # DAGs    # Errors  Last Runtime    Last Run
-------------------------------------------  -----  ---------  --------  ----------  --------------  ----------
/opt/airflow/dags/minio_to_snowflake_dag.py     25  0.57s             0           0
================================================================================
[2026-05-09T19:58:30.013+0000] {manager.py:878} INFO - 
================================================================================
DAG File Processing Stats

File Path                                    PID    Runtime      # DAGs    # Errors  Last Runtime    Last Run
-------------------------------------------  -----  ---------  --------  ----------  --------------  -------------------
/opt/airflow/dags/minio_to_snowflake_dag.py                           1           0  13.96s          2026-05-09T19:58:12
================================================================================
[2026-05-09T19:59:00.274+0000] {manager.py:878} INFO - 
================================================================================
DAG File Processing Stats

File Path                                    PID    Runtime      # DAGs    # Errors  Last Runtime    Last Run
-------------------------------------------  -----  ---------  --------  ----------  --------------  -------------------
/opt/airflow/dags/minio_to_snowflake_dag.py                           1           0  6.83s           2026-05-09T19:58:50
================================================================================
[2026-05-09T19:59:30.622+0000] {manager.py:878} INFO - 
================================================================================
DAG File Processing Stats

File Path                                    PID    Runtime      # DAGs    # Errors  Last Runtime    Last Run
-------------------------------------------  -----  ---------  --------  ----------  --------------  -------------------
/opt/airflow/dags/minio_to_snowflake_dag.py                           1           0  9.98s           2026-05-09T19:59:30
================================================================================
[2026-05-09T20:00:00.689+0000] {manager.py:878} INFO - 
================================================================================
DAG File Processing Stats

File Path                                      PID  Runtime      # DAGs    # Errors  Last Runtime    Last Run
-------------------------------------------  -----  ---------  --------  ----------  --------------  -------------------
/opt/airflow/dags/minio_to_snowflake_dag.py    145  0.01s             1           0  9.98s           2026-05-09T19:59:30
================================================================================
[2026-05-09T20:00:30.762+0000] {manager.py:878} INFO - 
================================================================================
DAG File Processing Stats

File Path                                    PID    Runtime      # DAGs    # Errors  Last Runtime    Last Run
-------------------------------------------  -----  ---------  --------  ----------  --------------  -------------------
/opt/airflow/dags/minio_to_snowflake_dag.py                           1           0  1.78s           2026-05-09T20:00:02
================================================================================
[2026-05-09T20:01:01.019+0000] {manager.py:878} INFO - 
================================================================================
DAG File Processing Stats

File Path                                    PID    Runtime      # DAGs    # Errors  Last Runtime    Last Run
-------------------------------------------  -----  ---------  --------  ----------  --------------  -------------------
/opt/airflow/dags/minio_to_snowflake_dag.py                           1           0  1.24s           2026-05-09T20:00:34
================================================================================
[2026-05-09T20:01:31.437+0000] {manager.py:878} INFO - 
================================================================================
DAG File Processing Stats

File Path                                    PID    Runtime      # DAGs    # Errors  Last Runtime    Last Run
-------------------------------------------  -----  ---------  --------  ----------  --------------  -------------------
/opt/airflow/dags/minio_to_snowflake_dag.py                           1           0  1.35s           2026-05-09T20:01:05
================================================================================
[2026-05-09T20:02:01.800+0000] {manager.py:878} INFO - 
================================================================================
DAG File Processing Stats

File Path                                    PID    Runtime      # DAGs    # Errors  Last Runtime    Last Run
-------------------------------------------  -----  ---------  --------  ----------  --------------  -------------------
/opt/airflow/dags/minio_to_snowflake_dag.py                           1           0  1.68s           2026-05-09T20:01:37
================================================================================
[2026-05-09T20:02:31.997+0000] {manager.py:878} INFO - 
================================================================================
DAG File Processing Stats

File Path                                    PID    Runtime      # DAGs    # Errors  Last Runtime    Last Run
-------------------------------------------  -----  ---------  --------  ----------  --------------  -------------------
/opt/airflow/dags/minio_to_snowflake_dag.py                           1           0  2.44s           2026-05-09T20:02:09
================================================================================
[2026-05-09T20:02:58.649+0000] {manager.py:737} INFO - Searching for files in /opt/airflow/dags
[2026-05-09T20:02:58.688+0000] {manager.py:740} INFO - There are 1 files in /opt/airflow/dags
[2026-05-09T20:03:02.231+0000] {manager.py:878} INFO - 
================================================================================
DAG File Processing Stats

File Path                                    PID    Runtime      # DAGs    # Errors  Last Runtime    Last Run
-------------------------------------------  -----  ---------  --------  ----------  --------------  -------------------
/opt/airflow/dags/minio_to_snowflake_dag.py                           1           0  1.47s           2026-05-09T20:02:41
================================================================================
[2026-05-09T20:03:32.448+0000] {manager.py:878} INFO - 
================================================================================
DAG File Processing Stats

File Path                                    PID    Runtime      # DAGs    # Errors  Last Runtime    Last Run
-------------------------------------------  -----  ---------  --------  ----------  --------------  -------------------
/opt/airflow/dags/minio_to_snowflake_dag.py                           1           0  1.66s           2026-05-09T20:03:13
================================================================================
[2026-05-09T20:04:02.999+0000] {manager.py:878} INFO - 
================================================================================
DAG File Processing Stats

File Path                                    PID    Runtime      # DAGs    # Errors  Last Runtime    Last Run
-------------------------------------------  -----  ---------  --------  ----------  --------------  -------------------
/opt/airflow/dags/minio_to_snowflake_dag.py                           1           0  1.18s           2026-05-09T20:03:45
================================================================================
[2026-05-09T20:04:33.379+0000] {manager.py:878} INFO - 
================================================================================
DAG File Processing Stats

File Path                                    PID    Runtime      # DAGs    # Errors  Last Runtime    Last Run
-------------------------------------------  -----  ---------  --------  ----------  --------------  -------------------
/opt/airflow/dags/minio_to_snowflake_dag.py                           1           0  1.64s           2026-05-09T20:04:16
================================================================================
[2026-05-09T20:05:03.410+0000] {manager.py:878} INFO - 
================================================================================
DAG File Processing Stats

File Path                                    PID    Runtime      # DAGs    # Errors  Last Runtime    Last Run
-------------------------------------------  -----  ---------  --------  ----------  --------------  -------------------
/opt/airflow/dags/minio_to_snowflake_dag.py                           1           0  2.24s           2026-05-09T20:04:49
================================================================================
[2026-05-09T20:05:33.486+0000] {manager.py:878} INFO - 
================================================================================
DAG File Processing Stats

File Path                                    PID    Runtime      # DAGs    # Errors  Last Runtime    Last Run
-------------------------------------------  -----  ---------  --------  ----------  --------------  -------------------
/opt/airflow/dags/minio_to_snowflake_dag.py                           1           0  1.13s           2026-05-09T20:05:20
================================================================================
[2026-05-09T20:06:03.792+0000] {manager.py:878} INFO - 
================================================================================
DAG File Processing Stats

File Path                                    PID    Runtime      # DAGs    # Errors  Last Runtime    Last Run
-------------------------------------------  -----  ---------  --------  ----------  --------------  -------------------
/opt/airflow/dags/minio_to_snowflake_dag.py                           1           0  1.24s           2026-05-09T20:05:51
================================================================================
[2026-05-09T20:06:34.235+0000] {manager.py:878} INFO - 
================================================================================
DAG File Processing Stats

File Path                                    PID    Runtime      # DAGs    # Errors  Last Runtime    Last Run
-------------------------------------------  -----  ---------  --------  ----------  --------------  -------------------
/opt/airflow/dags/minio_to_snowflake_dag.py                           1           0  1.28s           2026-05-09T20:06:23
================================================================================
[2026-05-09T20:07:04.490+0000] {manager.py:878} INFO - 
================================================================================
DAG File Processing Stats

File Path                                    PID    Runtime      # DAGs    # Errors  Last Runtime    Last Run
-------------------------------------------  -----  ---------  --------  ----------  --------------  -------------------
/opt/airflow/dags/minio_to_snowflake_dag.py                           1           0  1.19s           2026-05-09T20:06:54
================================================================================
[2026-05-09T20:07:34.859+0000] {manager.py:878} INFO - 
================================================================================
DAG File Processing Stats

File Path                                    PID    Runtime      # DAGs    # Errors  Last Runtime    Last Run
-------------------------------------------  -----  ---------  --------  ----------  --------------  -------------------
/opt/airflow/dags/minio_to_snowflake_dag.py                           1           0  1.33s           2026-05-09T20:07:25
================================================================================
[2026-05-09T20:07:59.232+0000] {manager.py:737} INFO - Searching for files in /opt/airflow/dags
[2026-05-09T20:07:59.267+0000] {manager.py:740} INFO - There are 1 files in /opt/airflow/dags
[2026-05-09T20:08:05.341+0000] {manager.py:878} INFO - 
================================================================================
DAG File Processing Stats

File Path                                    PID    Runtime      # DAGs    # Errors  Last Runtime    Last Run
-------------------------------------------  -----  ---------  --------  ----------  --------------  -------------------
/opt/airflow/dags/minio_to_snowflake_dag.py                           1           0  1.28s           2026-05-09T20:07:57
================================================================================
[2026-05-09T20:08:35.590+0000] {manager.py:878} INFO - 
================================================================================
DAG File Processing Stats

File Path                                    PID    Runtime      # DAGs    # Errors  Last Runtime    Last Run
-------------------------------------------  -----  ---------  --------  ----------  --------------  -------------------
/opt/airflow/dags/minio_to_snowflake_dag.py                           1           0  1.42s           2026-05-09T20:08:28
================================================================================
[2026-05-09T20:09:06.223+0000] {manager.py:878} INFO - 
================================================================================
DAG File Processing Stats

File Path                                    PID    Runtime      # DAGs    # Errors  Last Runtime    Last Run
-------------------------------------------  -----  ---------  --------  ----------  --------------  -------------------
/opt/airflow/dags/minio_to_snowflake_dag.py                           1           0  1.18s           2026-05-09T20:09:00
================================================================================
[2026-05-09T20:09:36.599+0000] {manager.py:878} INFO - 
================================================================================
DAG File Processing Stats

File Path                                    PID    Runtime      # DAGs    # Errors  Last Runtime    Last Run
-------------------------------------------  -----  ---------  --------  ----------  --------------  -------------------
/opt/airflow/dags/minio_to_snowflake_dag.py                           1           0  1.41s           2026-05-09T20:09:31
================================================================================
[2026-05-09T20:10:07.088+0000] {manager.py:878} INFO - 
================================================================================
DAG File Processing Stats

File Path                                    PID    Runtime      # DAGs    # Errors  Last Runtime    Last Run
-------------------------------------------  -----  ---------  --------  ----------  --------------  -------------------
/opt/airflow/dags/minio_to_snowflake_dag.py                           1           0  1.40s           2026-05-09T20:10:03
================================================================================
[2026-05-09T20:10:37.303+0000] {manager.py:878} INFO - 
================================================================================
DAG File Processing Stats

File Path                                    PID    Runtime      # DAGs    # Errors  Last Runtime    Last Run
-------------------------------------------  -----  ---------  --------  ----------  --------------  -------------------
/opt/airflow/dags/minio_to_snowflake_dag.py                           1           0  1.57s           2026-05-09T20:10:35
================================================================================
[2026-05-09T20:11:07.577+0000] {manager.py:878} INFO - 
================================================================================
DAG File Processing Stats

File Path                                      PID  Runtime      # DAGs    # Errors  Last Runtime    Last Run
-------------------------------------------  -----  ---------  --------  ----------  --------------  -------------------
/opt/airflow/dags/minio_to_snowflake_dag.py    569  2.05s             1           0  1.57s           2026-05-09T20:10:35
================================================================================
[2026-05-09T20:11:37.666+0000] {manager.py:878} INFO - 
================================================================================
DAG File Processing Stats

File Path                                    PID    Runtime      # DAGs    # Errors  Last Runtime    Last Run
-------------------------------------------  -----  ---------  --------  ----------  --------------  -------------------
/opt/airflow/dags/minio_to_snowflake_dag.py                           1           0  2.92s           2026-05-09T20:11:08
================================================================================
[2026-05-09T20:12:07.913+0000] {manager.py:878} INFO - 
================================================================================
DAG File Processing Stats

File Path                                    PID    Runtime      # DAGs    # Errors  Last Runtime    Last Run
-------------------------------------------  -----  ---------  --------  ----------  --------------  -------------------
/opt/airflow/dags/minio_to_snowflake_dag.py                           1           0  1.11s           2026-05-09T20:11:39
================================================================================
[2026-05-09T20:12:38.196+0000] {manager.py:878} INFO - 
================================================================================
DAG File Processing Stats

File Path                                    PID    Runtime      # DAGs    # Errors  Last Runtime    Last Run
-------------------------------------------  -----  ---------  --------  ----------  --------------  -------------------
/opt/airflow/dags/minio_to_snowflake_dag.py                           1           0  1.43s           2026-05-09T20:12:11
================================================================================
[2026-05-09T20:12:59.362+0000] {manager.py:737} INFO - Searching for files in /opt/airflow/dags
[2026-05-09T20:12:59.396+0000] {manager.py:740} INFO - There are 1 files in /opt/airflow/dags
[2026-05-09T20:13:08.495+0000] {manager.py:878} INFO - 
================================================================================
DAG File Processing Stats

File Path                                    PID    Runtime      # DAGs    # Errors  Last Runtime    Last Run
-------------------------------------------  -----  ---------  --------  ----------  --------------  -------------------
/opt/airflow/dags/minio_to_snowflake_dag.py                           1           0  1.66s           2026-05-09T20:12:43
================================================================================
[2026-05-09T20:13:38.561+0000] {manager.py:878} INFO - 
================================================================================
DAG File Processing Stats

File Path                                    PID    Runtime      # DAGs    # Errors  Last Runtime    Last Run
-------------------------------------------  -----  ---------  --------  ----------  --------------  -------------------
/opt/airflow/dags/minio_to_snowflake_dag.py                           1           0  1.84s           2026-05-09T20:13:15
================================================================================
[2026-05-09T20:14:08.954+0000] {manager.py:878} INFO - 
================================================================================
DAG File Processing Stats

File Path                                    PID    Runtime      # DAGs    # Errors  Last Runtime    Last Run
-------------------------------------------  -----  ---------  --------  ----------  --------------  -------------------
/opt/airflow/dags/minio_to_snowflake_dag.py                           1           0  1.62s           2026-05-09T20:13:47
================================================================================
[2026-05-09T20:14:39.781+0000] {manager.py:878} INFO - 
================================================================================
DAG File Processing Stats

File Path                                    PID    Runtime      # DAGs    # Errors  Last Runtime    Last Run
-------------------------------------------  -----  ---------  --------  ----------  --------------  -------------------
/opt/airflow/dags/minio_to_snowflake_dag.py                           1           0  1.10s           2026-05-09T20:14:18
================================================================================
[2026-05-09T20:15:10.058+0000] {manager.py:878} INFO - 
================================================================================
DAG File Processing Stats

File Path                                    PID    Runtime      # DAGs    # Errors  Last Runtime    Last Run
-------------------------------------------  -----  ---------  --------  ----------  --------------  -------------------
/opt/airflow/dags/minio_to_snowflake_dag.py                           1           0  1.20s           2026-05-09T20:14:50
================================================================================
[2026-05-09T20:15:40.411+0000] {manager.py:878} INFO - 
================================================================================
DAG File Processing Stats

File Path                                    PID    Runtime      # DAGs    # Errors  Last Runtime    Last Run
-------------------------------------------  -----  ---------  --------  ----------  --------------  -------------------
/opt/airflow/dags/minio_to_snowflake_dag.py                           1           0  1.23s           2026-05-09T20:15:21
================================================================================
[2026-05-09T20:16:10.725+0000] {manager.py:878} INFO - 
================================================================================
DAG File Processing Stats

File Path                                    PID    Runtime      # DAGs    # Errors  Last Runtime    Last Run
-------------------------------------------  -----  ---------  --------  ----------  --------------  -------------------
/opt/airflow/dags/minio_to_snowflake_dag.py                           1           0  1.14s           2026-05-09T20:15:52
================================================================================
[2026-05-09T20:16:40.976+0000] {manager.py:878} INFO - 
================================================================================
DAG File Processing Stats

File Path                                    PID    Runtime      # DAGs    # Errors  Last Runtime    Last Run
-------------------------------------------  -----  ---------  --------  ----------  --------------  -------------------
/opt/airflow/dags/minio_to_snowflake_dag.py                           1           0  1.09s           2026-05-09T20:16:23
================================================================================
[2026-05-09T20:17:11.247+0000] {manager.py:878} INFO - 
================================================================================
DAG File Processing Stats

File Path                                    PID    Runtime      # DAGs    # Errors  Last Runtime    Last Run
-------------------------------------------  -----  ---------  --------  ----------  --------------  -------------------
/opt/airflow/dags/minio_to_snowflake_dag.py                           1           0  1.15s           2026-05-09T20:16:55
================================================================================
[2026-05-09T20:17:41.553+0000] {manager.py:878} INFO - 
================================================================================
DAG File Processing Stats

File Path                                    PID    Runtime      # DAGs    # Errors  Last Runtime    Last Run
-------------------------------------------  -----  ---------  --------  ----------  --------------  -------------------
/opt/airflow/dags/minio_to_snowflake_dag.py                           1           0  1.38s           2026-05-09T20:17:26
================================================================================
[2026-05-09T20:18:00.059+0000] {manager.py:737} INFO - Searching for files in /opt/airflow/dags
[2026-05-09T20:18:00.103+0000] {manager.py:740} INFO - There are 1 files in /opt/airflow/dags
[2026-05-09T20:18:12.216+0000] {manager.py:878} INFO - 
================================================================================
DAG File Processing Stats

File Path                                    PID    Runtime      # DAGs    # Errors  Last Runtime    Last Run
-------------------------------------------  -----  ---------  --------  ----------  --------------  -------------------
/opt/airflow/dags/minio_to_snowflake_dag.py                           1           0  1.14s           2026-05-09T20:17:58
================================================================================
[2026-05-09T20:18:42.470+0000] {manager.py:878} INFO - 
================================================================================
DAG File Processing Stats

File Path                                    PID    Runtime      # DAGs    # Errors  Last Runtime    Last Run
-------------------------------------------  -----  ---------  --------  ----------  --------------  -------------------
/opt/airflow/dags/minio_to_snowflake_dag.py                           1           0  1.54s           2026-05-09T20:18:29
================================================================================
[2026-05-09T20:19:12.711+0000] {manager.py:878} INFO - 
================================================================================
DAG File Processing Stats

File Path                                    PID    Runtime      # DAGs    # Errors  Last Runtime    Last Run
-------------------------------------------  -----  ---------  --------  ----------  --------------  -------------------
/opt/airflow/dags/minio_to_snowflake_dag.py                           1           0  1.52s           2026-05-09T20:19:01
================================================================================
[2026-05-09T20:19:43.047+0000] {manager.py:878} INFO - 
================================================================================
DAG File Processing Stats

File Path                                    PID    Runtime      # DAGs    # Errors  Last Runtime    Last Run
-------------------------------------------  -----  ---------  --------  ----------  --------------  -------------------
/opt/airflow/dags/minio_to_snowflake_dag.py                           1           0  1.40s           2026-05-09T20:19:33
================================================================================
[2026-05-09T20:20:13.069+0000] {manager.py:878} INFO - 
================================================================================
DAG File Processing Stats

File Path                                    PID    Runtime      # DAGs    # Errors  Last Runtime    Last Run
-------------------------------------------  -----  ---------  --------  ----------  --------------  -------------------
/opt/airflow/dags/minio_to_snowflake_dag.py                           1           0  2.39s           2026-05-09T20:20:05
================================================================================
[2026-05-09T20:20:43.084+0000] {manager.py:878} INFO - 
================================================================================
DAG File Processing Stats

File Path                                    PID    Runtime      # DAGs    # Errors  Last Runtime    Last Run
-------------------------------------------  -----  ---------  --------  ----------  --------------  -------------------
/opt/airflow/dags/minio_to_snowflake_dag.py                           1           0  1.81s           2026-05-09T20:20:38
================================================================================
[2026-05-09T20:21:13.294+0000] {manager.py:878} INFO - 
================================================================================
DAG File Processing Stats

File Path                                    PID    Runtime      # DAGs    # Errors  Last Runtime    Last Run
-------------------------------------------  -----  ---------  --------  ----------  --------------  -------------------
/opt/airflow/dags/minio_to_snowflake_dag.py                           1           0  1.50s           2026-05-09T20:21:09
================================================================================
[2026-05-09T20:21:43.382+0000] {manager.py:878} INFO - 
================================================================================
DAG File Processing Stats

File Path                                    PID    Runtime      # DAGs    # Errors  Last Runtime    Last Run
-------------------------------------------  -----  ---------  --------  ----------  --------------  -------------------
/opt/airflow/dags/minio_to_snowflake_dag.py                           1           0  1.48s           2026-05-09T20:21:41
================================================================================
[2026-05-09T20:22:13.418+0000] {manager.py:878} INFO - 
================================================================================
DAG File Processing Stats

File Path                                    PID    Runtime      # DAGs    # Errors  Last Runtime    Last Run
-------------------------------------------  -----  ---------  --------  ----------  --------------  -------------------
/opt/airflow/dags/minio_to_snowflake_dag.py                           1           0  1.81s           2026-05-09T20:22:13
================================================================================
[2026-05-09T20:22:43.457+0000] {manager.py:878} INFO - 
================================================================================
DAG File Processing Stats

File Path                                      PID  Runtime      # DAGs    # Errors  Last Runtime    Last Run
-------------------------------------------  -----  ---------  --------  ----------  --------------  -------------------
/opt/airflow/dags/minio_to_snowflake_dag.py   1003  0.01s             1           0  1.81s           2026-05-09T20:22:13
================================================================================
[2026-05-09T20:23:00.740+0000] {manager.py:737} INFO - Searching for files in /opt/airflow/dags
[2026-05-09T20:23:00.780+0000] {manager.py:740} INFO - There are 1 files in /opt/airflow/dags
[2026-05-09T20:23:13.903+0000] {manager.py:878} INFO - 
================================================================================
DAG File Processing Stats

File Path                                    PID    Runtime      # DAGs    # Errors  Last Runtime    Last Run
-------------------------------------------  -----  ---------  --------  ----------  --------------  -------------------
/opt/airflow/dags/minio_to_snowflake_dag.py                           1           0  1.19s           2026-05-09T20:22:44
================================================================================
[2026-05-09T20:23:44.148+0000] {manager.py:878} INFO - 
================================================================================
DAG File Processing Stats

File Path                                    PID    Runtime      # DAGs    # Errors  Last Runtime    Last Run
-------------------------------------------  -----  ---------  --------  ----------  --------------  -------------------
/opt/airflow/dags/minio_to_snowflake_dag.py                           1           0  1.10s           2026-05-09T20:23:16
================================================================================
[2026-05-09T20:24:14.411+0000] {manager.py:878} INFO - 
================================================================================
DAG File Processing Stats

File Path                                    PID    Runtime      # DAGs    # Errors  Last Runtime    Last Run
-------------------------------------------  -----  ---------  --------  ----------  --------------  -------------------
/opt/airflow/dags/minio_to_snowflake_dag.py                           1           0  1.22s           2026-05-09T20:23:47
================================================================================
[2026-05-09T20:24:44.638+0000] {manager.py:878} INFO - 
================================================================================
DAG File Processing Stats

File Path                                    PID    Runtime      # DAGs    # Errors  Last Runtime    Last Run
-------------------------------------------  -----  ---------  --------  ----------  --------------  -------------------
/opt/airflow/dags/minio_to_snowflake_dag.py                           1           0  1.13s           2026-05-09T20:24:18
================================================================================
[2026-05-09T20:25:14.958+0000] {manager.py:878} INFO - 
================================================================================
DAG File Processing Stats

File Path                                    PID    Runtime      # DAGs    # Errors  Last Runtime    Last Run
-------------------------------------------  -----  ---------  --------  ----------  --------------  -------------------
/opt/airflow/dags/minio_to_snowflake_dag.py                           1           0  1.26s           2026-05-09T20:24:49
================================================================================
[2026-05-09T20:25:45.321+0000] {manager.py:878} INFO - 
================================================================================
DAG File Processing Stats

File Path                                    PID    Runtime      # DAGs    # Errors  Last Runtime    Last Run
-------------------------------------------  -----  ---------  --------  ----------  --------------  -------------------
/opt/airflow/dags/minio_to_snowflake_dag.py                           1           0  1.18s           2026-05-09T20:25:21
================================================================================
[2026-05-09T20:26:10.357+0000] {manager.py:452} INFO - Exiting gracefully upon receiving signal 15
[2026-05-09T20:27:36.549+0000] {manager.py:470} INFO - Processing files using up to 2 processes at a time 
[2026-05-09T20:27:36.553+0000] {manager.py:471} INFO - Process each file at most once every 30 seconds
[2026-05-09T20:27:36.556+0000] {manager.py:472} INFO - Checking for new files in /opt/airflow/dags every 300 seconds
[2026-05-09T20:27:36.559+0000] {manager.py:737} INFO - Searching for files in /opt/airflow/dags
[2026-05-09T20:27:36.638+0000] {manager.py:740} INFO - There are 1 files in /opt/airflow/dags
[2026-05-09T20:27:37.424+0000] {manager.py:878} INFO - 
================================================================================
DAG File Processing Stats

File Path                                      PID  Runtime      # DAGs    # Errors  Last Runtime    Last Run
-------------------------------------------  -----  ---------  --------  ----------  --------------  ----------
/opt/airflow/dags/minio_to_snowflake_dag.py     25  0.39s             0           0
================================================================================
[2026-05-09T20:28:08.014+0000] {manager.py:878} INFO - 
================================================================================
DAG File Processing Stats

File Path                                    PID    Runtime      # DAGs    # Errors  Last Runtime    Last Run
-------------------------------------------  -----  ---------  --------  ----------  --------------  -------------------
/opt/airflow/dags/minio_to_snowflake_dag.py                           1           0  15.20s          2026-05-09T20:27:52
================================================================================
[2026-05-09T20:28:38.678+0000] {manager.py:878} INFO - 
================================================================================
DAG File Processing Stats

File Path                                    PID    Runtime      # DAGs    # Errors  Last Runtime    Last Run
-------------------------------------------  -----  ---------  --------  ----------  --------------  -------------------
/opt/airflow/dags/minio_to_snowflake_dag.py                           1           0  3.25s           2026-05-09T20:28:25
================================================================================
[2026-05-09T20:29:08.973+0000] {manager.py:878} INFO - 
================================================================================
DAG File Processing Stats

File Path                                    PID    Runtime      # DAGs    # Errors  Last Runtime    Last Run
-------------------------------------------  -----  ---------  --------  ----------  --------------  -------------------
/opt/airflow/dags/minio_to_snowflake_dag.py                           1           0  3.00s           2026-05-09T20:28:58
================================================================================
[2026-05-09T20:29:39.347+0000] {manager.py:878} INFO - 
================================================================================
DAG File Processing Stats

File Path                                    PID    Runtime      # DAGs    # Errors  Last Runtime    Last Run
-------------------------------------------  -----  ---------  --------  ----------  --------------  -------------------
/opt/airflow/dags/minio_to_snowflake_dag.py                           1           0  1.40s           2026-05-09T20:29:30
================================================================================
[2026-05-09T20:30:09.936+0000] {manager.py:878} INFO - 
================================================================================
DAG File Processing Stats

File Path                                    PID    Runtime      # DAGs    # Errors  Last Runtime    Last Run
-------------------------------------------  -----  ---------  --------  ----------  --------------  -------------------
/opt/airflow/dags/minio_to_snowflake_dag.py                           1           0  1.32s           2026-05-09T20:30:02
================================================================================
[2026-05-09T20:30:40.494+0000] {manager.py:878} INFO - 
================================================================================
DAG File Processing Stats

File Path                                    PID    Runtime      # DAGs    # Errors  Last Runtime    Last Run
-------------------------------------------  -----  ---------  --------  ----------  --------------  -------------------
/opt/airflow/dags/minio_to_snowflake_dag.py                           1           0  2.06s           2026-05-09T20:30:34
================================================================================
[2026-05-09T20:31:10.845+0000] {manager.py:878} INFO - 
================================================================================
DAG File Processing Stats

File Path                                    PID    Runtime      # DAGs    # Errors  Last Runtime    Last Run
-------------------------------------------  -----  ---------  --------  ----------  --------------  -------------------
/opt/airflow/dags/minio_to_snowflake_dag.py                           1           0  3.46s           2026-05-09T20:31:08
================================================================================
[2026-05-09T20:31:41.487+0000] {manager.py:878} INFO - 
================================================================================
DAG File Processing Stats

File Path                                      PID  Runtime      # DAGs    # Errors  Last Runtime    Last Run
-------------------------------------------  -----  ---------  --------  ----------  --------------  -------------------
/opt/airflow/dags/minio_to_snowflake_dag.py    232  3.04s             1           0  3.46s           2026-05-09T20:31:08
================================================================================
[2026-05-09T20:32:11.844+0000] {manager.py:878} INFO - 
================================================================================
DAG File Processing Stats

File Path                                      PID  Runtime      # DAGs    # Errors  Last Runtime    Last Run
-------------------------------------------  -----  ---------  --------  ----------  --------------  -------------------
/opt/airflow/dags/minio_to_snowflake_dag.py    249  0.01s             1           0  3.25s           2026-05-09T20:31:41
================================================================================
[2026-05-09T20:32:36.810+0000] {manager.py:737} INFO - Searching for files in /opt/airflow/dags
[2026-05-09T20:32:36.918+0000] {manager.py:740} INFO - There are 1 files in /opt/airflow/dags
[2026-05-09T20:32:42.126+0000] {manager.py:878} INFO - 
================================================================================
DAG File Processing Stats

File Path                                    PID    Runtime      # DAGs    # Errors  Last Runtime    Last Run
-------------------------------------------  -----  ---------  --------  ----------  --------------  -------------------
/opt/airflow/dags/minio_to_snowflake_dag.py                           1           0  1.59s           2026-05-09T20:32:13
================================================================================
[2026-05-09T20:33:12.626+0000] {manager.py:878} INFO - 
================================================================================
DAG File Processing Stats

File Path                                    PID    Runtime      # DAGs    # Errors  Last Runtime    Last Run
-------------------------------------------  -----  ---------  --------  ----------  --------------  -------------------
/opt/airflow/dags/minio_to_snowflake_dag.py                           1           0  6.29s           2026-05-09T20:32:50
================================================================================
[2026-05-09T20:33:43.003+0000] {manager.py:878} INFO - 
================================================================================
DAG File Processing Stats

File Path                                    PID    Runtime      # DAGs    # Errors  Last Runtime    Last Run
-------------------------------------------  -----  ---------  --------  ----------  --------------  -------------------
/opt/airflow/dags/minio_to_snowflake_dag.py                           1           0  2.68s           2026-05-09T20:33:23
================================================================================
[2026-05-09T20:34:13.227+0000] {manager.py:878} INFO - 
================================================================================
DAG File Processing Stats

File Path                                    PID    Runtime      # DAGs    # Errors  Last Runtime    Last Run
-------------------------------------------  -----  ---------  --------  ----------  --------------  -------------------
/opt/airflow/dags/minio_to_snowflake_dag.py                           1           0  1.79s           2026-05-09T20:33:55
================================================================================
[2026-05-09T20:34:43.471+0000] {manager.py:878} INFO - 
================================================================================
DAG File Processing Stats

File Path                                    PID    Runtime      # DAGs    # Errors  Last Runtime    Last Run
-------------------------------------------  -----  ---------  --------  ----------  --------------  -------------------
/opt/airflow/dags/minio_to_snowflake_dag.py                           1           0  1.87s           2026-05-09T20:34:27
================================================================================
[2026-05-09T20:35:13.479+0000] {manager.py:878} INFO - 
================================================================================
DAG File Processing Stats

File Path                                    PID    Runtime      # DAGs    # Errors  Last Runtime    Last Run
-------------------------------------------  -----  ---------  --------  ----------  --------------  -------------------
/opt/airflow/dags/minio_to_snowflake_dag.py                           1           0  1.47s           2026-05-09T20:34:59
================================================================================
[2026-05-09T20:35:43.708+0000] {manager.py:878} INFO - 
================================================================================
DAG File Processing Stats

File Path                                    PID    Runtime      # DAGs    # Errors  Last Runtime    Last Run
-------------------------------------------  -----  ---------  --------  ----------  --------------  -------------------
/opt/airflow/dags/minio_to_snowflake_dag.py                           1           0  1.40s           2026-05-09T20:35:31
================================================================================
[2026-05-09T20:36:13.947+0000] {manager.py:878} INFO - 
================================================================================
DAG File Processing Stats

File Path                                    PID    Runtime      # DAGs    # Errors  Last Runtime    Last Run
-------------------------------------------  -----  ---------  --------  ----------  --------------  -------------------
/opt/airflow/dags/minio_to_snowflake_dag.py                           1           0  1.87s           2026-05-09T20:36:03
================================================================================
[2026-05-09T20:36:44.417+0000] {manager.py:878} INFO - 
================================================================================
DAG File Processing Stats

File Path                                    PID    Runtime      # DAGs    # Errors  Last Runtime    Last Run
-------------------------------------------  -----  ---------  --------  ----------  --------------  -------------------
/opt/airflow/dags/minio_to_snowflake_dag.py                           1           0  1.27s           2026-05-09T20:36:34
================================================================================
[2026-05-09T20:37:14.747+0000] {manager.py:878} INFO - 
================================================================================
DAG File Processing Stats

File Path                                    PID    Runtime      # DAGs    # Errors  Last Runtime    Last Run
-------------------------------------------  -----  ---------  --------  ----------  --------------  -------------------
/opt/airflow/dags/minio_to_snowflake_dag.py                           1           0  4.02s           2026-05-09T20:37:08
================================================================================
[2026-05-09T20:37:36.913+0000] {manager.py:737} INFO - Searching for files in /opt/airflow/dags
[2026-05-09T20:37:36.982+0000] {manager.py:740} INFO - There are 1 files in /opt/airflow/dags
[2026-05-09T20:37:45.129+0000] {manager.py:878} INFO - 
================================================================================
DAG File Processing Stats

File Path                                    PID    Runtime      # DAGs    # Errors  Last Runtime    Last Run
-------------------------------------------  -----  ---------  --------  ----------  --------------  -------------------
/opt/airflow/dags/minio_to_snowflake_dag.py                           1           0  2.08s           2026-05-09T20:37:41
================================================================================
[2026-05-09T20:38:15.319+0000] {manager.py:878} INFO - 
================================================================================
DAG File Processing Stats

File Path                                    PID    Runtime      # DAGs    # Errors  Last Runtime    Last Run
-------------------------------------------  -----  ---------  --------  ----------  --------------  -------------------
/opt/airflow/dags/minio_to_snowflake_dag.py                           1           0  1.97s           2026-05-09T20:38:13
================================================================================
[2026-05-09T20:38:45.633+0000] {manager.py:878} INFO - 
================================================================================
DAG File Processing Stats

File Path                                    PID    Runtime      # DAGs    # Errors  Last Runtime    Last Run
-------------------------------------------  -----  ---------  --------  ----------  --------------  -------------------
/opt/airflow/dags/minio_to_snowflake_dag.py                           1           0  1.63s           2026-05-09T20:38:45
================================================================================
[2026-05-09T20:39:15.875+0000] {manager.py:878} INFO - 
================================================================================
DAG File Processing Stats

File Path                                      PID  Runtime      # DAGs    # Errors  Last Runtime    Last Run
-------------------------------------------  -----  ---------  --------  ----------  --------------  -------------------
/opt/airflow/dags/minio_to_snowflake_dag.py    578  0.43s             1           0  1.63s           2026-05-09T20:38:45
================================================================================
[2026-05-09T20:39:46.132+0000] {manager.py:878} INFO - 
================================================================================
DAG File Processing Stats

File Path                                    PID    Runtime      # DAGs    # Errors  Last Runtime    Last Run
-------------------------------------------  -----  ---------  --------  ----------  --------------  -------------------
/opt/airflow/dags/minio_to_snowflake_dag.py                           1           0  4.92s           2026-05-09T20:39:20
================================================================================
[2026-05-09T20:40:16.382+0000] {manager.py:878} INFO - 
================================================================================
DAG File Processing Stats

File Path                                    PID    Runtime      # DAGs    # Errors  Last Runtime    Last Run
-------------------------------------------  -----  ---------  --------  ----------  --------------  -------------------
/opt/airflow/dags/minio_to_snowflake_dag.py                           1           0  2.95s           2026-05-09T20:39:53
================================================================================
[2026-05-09T20:40:47.032+0000] {manager.py:878} INFO - 
================================================================================
DAG File Processing Stats

File Path                                    PID    Runtime      # DAGs    # Errors  Last Runtime    Last Run
-------------------------------------------  -----  ---------  --------  ----------  --------------  -------------------
/opt/airflow/dags/minio_to_snowflake_dag.py                           1           0  1.37s           2026-05-09T20:40:25
================================================================================
[2026-05-09T20:41:17.229+0000] {manager.py:878} INFO - 
================================================================================
DAG File Processing Stats

File Path                                    PID    Runtime      # DAGs    # Errors  Last Runtime    Last Run
-------------------------------------------  -----  ---------  --------  ----------  --------------  -------------------
/opt/airflow/dags/minio_to_snowflake_dag.py                           1           0  1.56s           2026-05-09T20:40:57
================================================================================
[2026-05-09T20:41:47.480+0000] {manager.py:878} INFO - 
================================================================================
DAG File Processing Stats

File Path                                    PID    Runtime      # DAGs    # Errors  Last Runtime    Last Run
-------------------------------------------  -----  ---------  --------  ----------  --------------  -------------------
/opt/airflow/dags/minio_to_snowflake_dag.py                           1           0  1.44s           2026-05-09T20:41:28
================================================================================
[2026-05-09T20:42:18.212+0000] {manager.py:878} INFO - 
================================================================================
DAG File Processing Stats

File Path                                    PID    Runtime      # DAGs    # Errors  Last Runtime    Last Run
-------------------------------------------  -----  ---------  --------  ----------  --------------  -------------------
/opt/airflow/dags/minio_to_snowflake_dag.py                           1           0  3.10s           2026-05-09T20:42:02
================================================================================
[2026-05-09T20:42:37.405+0000] {manager.py:737} INFO - Searching for files in /opt/airflow/dags
[2026-05-09T20:42:37.457+0000] {manager.py:740} INFO - There are 1 files in /opt/airflow/dags
[2026-05-09T20:42:48.675+0000] {manager.py:878} INFO - 
================================================================================
DAG File Processing Stats

File Path                                    PID    Runtime      # DAGs    # Errors  Last Runtime    Last Run
-------------------------------------------  -----  ---------  --------  ----------  --------------  -------------------
/opt/airflow/dags/minio_to_snowflake_dag.py                           1           0  5.05s           2026-05-09T20:42:37
================================================================================
[2026-05-09T20:43:54.303+0000] {manager.py:878} INFO - 
================================================================================
DAG File Processing Stats

File Path                                      PID  Runtime      # DAGs    # Errors  Last Runtime    Last Run
-------------------------------------------  -----  ---------  --------  ----------  --------------  -------------------
/opt/airflow/dags/minio_to_snowflake_dag.py    803  45.02s            1           0  5.05s           2026-05-09T20:42:37
================================================================================
[2026-05-09T20:43:57.122+0000] {manager.py:1016} ERROR - Processor for /opt/airflow/dags/minio_to_snowflake_dag.py exited with return code 1.
[2026-05-09T20:44:26.754+0000] {manager.py:878} INFO - 
================================================================================
DAG File Processing Stats

File Path                                    PID    Runtime      # DAGs    # Errors  Last Runtime    Last Run
-------------------------------------------  -----  ---------  --------  ----------  --------------  -------------------
/opt/airflow/dags/minio_to_snowflake_dag.py                           0          -1  48.84s          2026-05-09T20:43:57
================================================================================
[2026-05-09T20:45:48.098+0000] {manager.py:1203} ERROR - Processor for /opt/airflow/dags/minio_to_snowflake_dag.py with PID 815 started at 2026-05-09T20:44:28.162837+00:00 has timed out, killing it.
[2026-05-09T20:46:19.097+0000] {manager.py:878} INFO - 
================================================================================
DAG File Processing Stats

File Path                                      PID  Runtime      # DAGs    # Errors  Last Runtime    Last Run
-------------------------------------------  -----  ---------  --------  ----------  --------------  -------------------
/opt/airflow/dags/minio_to_snowflake_dag.py    816  0.08s             0           1  68.34s          2026-05-09T20:45:36
================================================================================
[2026-05-09T20:48:22.761+0000] {manager.py:878} INFO - 
================================================================================
DAG File Processing Stats

File Path                                      PID  Runtime      # DAGs    # Errors  Last Runtime    Last Run
-------------------------------------------  -----  ---------  --------  ----------  --------------  -------------------
/opt/airflow/dags/minio_to_snowflake_dag.py    816  64.38s            0           1  68.34s          2026-05-09T20:45:36
================================================================================
[2026-05-09T20:48:24.319+0000] {manager.py:737} INFO - Searching for files in /opt/airflow/dags
[2026-05-09T20:48:25.088+0000] {manager.py:740} INFO - There are 1 files in /opt/airflow/dags
[2026-05-09T20:48:25.307+0000] {manager.py:1203} ERROR - Processor for /opt/airflow/dags/minio_to_snowflake_dag.py with PID 816 started at 2026-05-09T20:46:18.993161+00:00 has timed out, killing it.
[2026-05-09T20:48:53.496+0000] {manager.py:878} INFO - 
================================================================================
DAG File Processing Stats

File Path                                    PID    Runtime      # DAGs    # Errors  Last Runtime    Last Run
-------------------------------------------  -----  ---------  --------  ----------  --------------  -------------------
/opt/airflow/dags/minio_to_snowflake_dag.py                           1           0  13.69s          2026-05-09T20:48:53
================================================================================
[2026-05-09T20:49:23.859+0000] {manager.py:878} INFO - 
================================================================================
DAG File Processing Stats

File Path                                      PID  Runtime      # DAGs    # Errors  Last Runtime    Last Run
-------------------------------------------  -----  ---------  --------  ----------  --------------  -------------------
/opt/airflow/dags/minio_to_snowflake_dag.py    896  0.02s             1           0  13.69s          2026-05-09T20:48:53
================================================================================
[2026-05-09T20:49:53.866+0000] {manager.py:878} INFO - 
================================================================================
DAG File Processing Stats

File Path                                    PID    Runtime      # DAGs    # Errors  Last Runtime    Last Run
-------------------------------------------  -----  ---------  --------  ----------  --------------  -------------------
/opt/airflow/dags/minio_to_snowflake_dag.py                           1           0  3.80s           2026-05-09T20:49:27
================================================================================
[2026-05-09T20:50:23.942+0000] {manager.py:878} INFO - 
================================================================================
DAG File Processing Stats

File Path                                    PID    Runtime      # DAGs    # Errors  Last Runtime    Last Run
-------------------------------------------  -----  ---------  --------  ----------  --------------  -------------------
/opt/airflow/dags/minio_to_snowflake_dag.py                           1           0  2.85s           2026-05-09T20:50:00
================================================================================
[2026-05-09T20:50:54.198+0000] {manager.py:878} INFO - 
================================================================================
DAG File Processing Stats

File Path                                    PID    Runtime      # DAGs    # Errors  Last Runtime    Last Run
-------------------------------------------  -----  ---------  --------  ----------  --------------  -------------------
/opt/airflow/dags/minio_to_snowflake_dag.py                           1           0  1.25s           2026-05-09T20:50:32
================================================================================
[2026-05-09T20:51:24.492+0000] {manager.py:878} INFO - 
================================================================================
DAG File Processing Stats

File Path                                    PID    Runtime      # DAGs    # Errors  Last Runtime    Last Run
-------------------------------------------  -----  ---------  --------  ----------  --------------  -------------------
/opt/airflow/dags/minio_to_snowflake_dag.py                           1           0  1.40s           2026-05-09T20:51:03
================================================================================
[2026-05-09T20:51:55.165+0000] {manager.py:878} INFO - 
================================================================================
DAG File Processing Stats

File Path                                    PID    Runtime      # DAGs    # Errors  Last Runtime    Last Run
-------------------------------------------  -----  ---------  --------  ----------  --------------  -------------------
/opt/airflow/dags/minio_to_snowflake_dag.py                           1           0  1.14s           2026-05-09T20:51:35
================================================================================
[2026-05-09T20:52:25.369+0000] {manager.py:878} INFO - 
================================================================================
DAG File Processing Stats

File Path                                    PID    Runtime      # DAGs    # Errors  Last Runtime    Last Run
-------------------------------------------  -----  ---------  --------  ----------  --------------  -------------------
/opt/airflow/dags/minio_to_snowflake_dag.py                           1           0  3.90s           2026-05-09T20:52:09
================================================================================
[2026-05-09T20:52:55.902+0000] {manager.py:878} INFO - 
================================================================================
DAG File Processing Stats

File Path                                    PID    Runtime      # DAGs    # Errors  Last Runtime    Last Run
-------------------------------------------  -----  ---------  --------  ----------  --------------  -------------------
/opt/airflow/dags/minio_to_snowflake_dag.py                           1           0  1.32s           2026-05-09T20:52:40
================================================================================
[2026-05-09T20:53:25.215+0000] {manager.py:737} INFO - Searching for files in /opt/airflow/dags
[2026-05-09T20:53:25.260+0000] {manager.py:740} INFO - There are 1 files in /opt/airflow/dags
[2026-05-09T20:53:26.317+0000] {manager.py:878} INFO - 
================================================================================
DAG File Processing Stats

File Path                                    PID    Runtime      # DAGs    # Errors  Last Runtime    Last Run
-------------------------------------------  -----  ---------  --------  ----------  --------------  -------------------
/opt/airflow/dags/minio_to_snowflake_dag.py                           1           0  2.03s           2026-05-09T20:53:13
================================================================================
[2026-05-09T20:53:56.571+0000] {manager.py:878} INFO - 
================================================================================
DAG File Processing Stats

File Path                                    PID    Runtime      # DAGs    # Errors  Last Runtime    Last Run
-------------------------------------------  -----  ---------  --------  ----------  --------------  -------------------
/opt/airflow/dags/minio_to_snowflake_dag.py                           1           0  1.53s           2026-05-09T20:53:44
================================================================================
[2026-05-09T20:54:26.721+0000] {manager.py:878} INFO - 
================================================================================
DAG File Processing Stats

File Path                                    PID    Runtime      # DAGs    # Errors  Last Runtime    Last Run
-------------------------------------------  -----  ---------  --------  ----------  --------------  -------------------
/opt/airflow/dags/minio_to_snowflake_dag.py                           1           0  5.33s           2026-05-09T20:54:20
================================================================================
[2026-05-09T20:54:57.014+0000] {manager.py:878} INFO - 
================================================================================
DAG File Processing Stats

File Path                                    PID    Runtime      # DAGs    # Errors  Last Runtime    Last Run
-------------------------------------------  -----  ---------  --------  ----------  --------------  -------------------
/opt/airflow/dags/minio_to_snowflake_dag.py                           1           0  3.75s           2026-05-09T20:54:54
================================================================================
[2026-05-09T20:55:27.326+0000] {manager.py:878} INFO - 
================================================================================
DAG File Processing Stats

File Path                                      PID  Runtime      # DAGs    # Errors  Last Runtime    Last Run
-------------------------------------------  -----  ---------  --------  ----------  --------------  -------------------
/opt/airflow/dags/minio_to_snowflake_dag.py   1285  2.38s             1           0  3.75s           2026-05-09T20:54:54
================================================================================
[2026-05-09T20:55:57.577+0000] {manager.py:878} INFO - 
================================================================================
DAG File Processing Stats

File Path                                    PID    Runtime      # DAGs    # Errors  Last Runtime    Last Run
-------------------------------------------  -----  ---------  --------  ----------  --------------  -------------------
/opt/airflow/dags/minio_to_snowflake_dag.py                           1           0  2.80s           2026-05-09T20:55:27
================================================================================
[2026-05-09T20:56:27.692+0000] {manager.py:878} INFO - 
================================================================================
DAG File Processing Stats

File Path                                    PID    Runtime      # DAGs    # Errors  Last Runtime    Last Run
-------------------------------------------  -----  ---------  --------  ----------  --------------  -------------------
/opt/airflow/dags/minio_to_snowflake_dag.py                           1           0  1.39s           2026-05-09T20:55:59
================================================================================
[2026-05-09T20:56:58.342+0000] {manager.py:878} INFO - 
================================================================================
DAG File Processing Stats

File Path                                    PID    Runtime      # DAGs    # Errors  Last Runtime    Last Run
-------------------------------------------  -----  ---------  --------  ----------  --------------  -------------------
/opt/airflow/dags/minio_to_snowflake_dag.py                           1           0  10.36s          2026-05-09T20:56:40
================================================================================
[2026-05-09T20:57:28.376+0000] {manager.py:878} INFO - 
================================================================================
DAG File Processing Stats

File Path                                    PID    Runtime      # DAGs    # Errors  Last Runtime    Last Run
-------------------------------------------  -----  ---------  --------  ----------  --------------  -------------------
/opt/airflow/dags/minio_to_snowflake_dag.py                           1           0  13.75s          2026-05-09T20:57:24
================================================================================
[2026-05-09T20:57:58.397+0000] {manager.py:878} INFO - 
================================================================================
DAG File Processing Stats

File Path                                    PID    Runtime      # DAGs    # Errors  Last Runtime    Last Run
-------------------------------------------  -----  ---------  --------  ----------  --------------  -------------------
/opt/airflow/dags/minio_to_snowflake_dag.py                           1           0  2.56s           2026-05-09T20:57:44
================================================================================
[2026-05-09T20:58:25.599+0000] {manager.py:737} INFO - Searching for files in /opt/airflow/dags
[2026-05-09T20:58:25.689+0000] {manager.py:740} INFO - There are 1 files in /opt/airflow/dags
[2026-05-09T20:58:28.765+0000] {manager.py:878} INFO - 
================================================================================
DAG File Processing Stats

File Path                                    PID    Runtime      # DAGs    # Errors  Last Runtime    Last Run
-------------------------------------------  -----  ---------  --------  ----------  --------------  -------------------
/opt/airflow/dags/minio_to_snowflake_dag.py                           1           0  2.51s           2026-05-09T20:58:17
================================================================================
[2026-05-09T20:58:58.855+0000] {manager.py:878} INFO - 
================================================================================
DAG File Processing Stats

File Path                                    PID    Runtime      # DAGs    # Errors  Last Runtime    Last Run
-------------------------------------------  -----  ---------  --------  ----------  --------------  -------------------
/opt/airflow/dags/minio_to_snowflake_dag.py                           1           0  2.86s           2026-05-09T20:58:50
================================================================================
[2026-05-09T20:59:29.241+0000] {manager.py:878} INFO - 
================================================================================
DAG File Processing Stats

File Path                                    PID    Runtime      # DAGs    # Errors  Last Runtime    Last Run
-------------------------------------------  -----  ---------  --------  ----------  --------------  -------------------
/opt/airflow/dags/minio_to_snowflake_dag.py                           1           0  2.40s           2026-05-09T20:59:23
================================================================================
[2026-05-09T20:59:59.742+0000] {manager.py:878} INFO - 
================================================================================
DAG File Processing Stats

File Path                                    PID    Runtime      # DAGs    # Errors  Last Runtime    Last Run
-------------------------------------------  -----  ---------  --------  ----------  --------------  -------------------
/opt/airflow/dags/minio_to_snowflake_dag.py                           1           0  2.36s           2026-05-09T20:59:56
================================================================================
[2026-05-09T21:00:29.751+0000] {manager.py:878} INFO - 
================================================================================
DAG File Processing Stats

File Path                                    PID    Runtime      # DAGs    # Errors  Last Runtime    Last Run
-------------------------------------------  -----  ---------  --------  ----------  --------------  -------------------
/opt/airflow/dags/minio_to_snowflake_dag.py                           1           0  2.42s           2026-05-09T21:00:28
================================================================================
[2026-05-09T21:01:00.021+0000] {manager.py:878} INFO - 
================================================================================
DAG File Processing Stats

File Path                                      PID  Runtime      # DAGs    # Errors  Last Runtime    Last Run
-------------------------------------------  -----  ---------  --------  ----------  --------------  -------------------
/opt/airflow/dags/minio_to_snowflake_dag.py   1329  1.03s             1           0  2.42s           2026-05-09T21:00:28
================================================================================
[2026-05-09T21:01:30.835+0000] {manager.py:878} INFO - 
================================================================================
DAG File Processing Stats

File Path                                    PID    Runtime      # DAGs    # Errors  Last Runtime    Last Run
-------------------------------------------  -----  ---------  --------  ----------  --------------  -------------------
/opt/airflow/dags/minio_to_snowflake_dag.py                           1           0  2.70s           2026-05-09T21:01:01
================================================================================
[2026-05-09T21:02:01.110+0000] {manager.py:878} INFO - 
================================================================================
DAG File Processing Stats

File Path                                    PID    Runtime      # DAGs    # Errors  Last Runtime    Last Run
-------------------------------------------  -----  ---------  --------  ----------  --------------  -------------------
/opt/airflow/dags/minio_to_snowflake_dag.py                           1           0  20.14s          2026-05-09T21:01:52
================================================================================
[2026-05-09T21:02:31.205+0000] {manager.py:878} INFO - 
================================================================================
DAG File Processing Stats

File Path                                    PID    Runtime      # DAGs    # Errors  Last Runtime    Last Run
-------------------------------------------  -----  ---------  --------  ----------  --------------  -------------------
/opt/airflow/dags/minio_to_snowflake_dag.py                           1           0  6.89s           2026-05-09T21:02:29
================================================================================
[2026-05-09T21:03:01.289+0000] {manager.py:878} INFO - 
================================================================================
DAG File Processing Stats

File Path                                      PID  Runtime      # DAGs    # Errors  Last Runtime    Last Run
-------------------------------------------  -----  ---------  --------  ----------  --------------  -------------------
/opt/airflow/dags/minio_to_snowflake_dag.py   1341  2.03s             1           0  6.89s           2026-05-09T21:02:29
================================================================================
[2026-05-09T21:03:25.780+0000] {manager.py:737} INFO - Searching for files in /opt/airflow/dags
[2026-05-09T21:03:25.821+0000] {manager.py:740} INFO - There are 1 files in /opt/airflow/dags
[2026-05-09T21:03:31.918+0000] {manager.py:878} INFO - 
================================================================================
DAG File Processing Stats

File Path                                      PID  Runtime      # DAGs    # Errors  Last Runtime    Last Run
-------------------------------------------  -----  ---------  --------  ----------  --------------  -------------------
/opt/airflow/dags/minio_to_snowflake_dag.py   1345  0.01s             1           0  2.64s           2026-05-09T21:03:01
================================================================================
[2026-05-09T21:04:02.378+0000] {manager.py:878} INFO - 
================================================================================
DAG File Processing Stats

File Path                                    PID    Runtime      # DAGs    # Errors  Last Runtime    Last Run
-------------------------------------------  -----  ---------  --------  ----------  --------------  -------------------
/opt/airflow/dags/minio_to_snowflake_dag.py                           1           0  2.62s           2026-05-09T21:03:34
================================================================================
[2026-05-09T21:04:32.682+0000] {manager.py:878} INFO - 
================================================================================
DAG File Processing Stats

File Path                                    PID    Runtime      # DAGs    # Errors  Last Runtime    Last Run
-------------------------------------------  -----  ---------  --------  ----------  --------------  -------------------
/opt/airflow/dags/minio_to_snowflake_dag.py                           1           0  2.73s           2026-05-09T21:04:07
================================================================================
[2026-05-09T21:05:03.020+0000] {manager.py:878} INFO - 
================================================================================
DAG File Processing Stats

File Path                                    PID    Runtime      # DAGs    # Errors  Last Runtime    Last Run
-------------------------------------------  -----  ---------  --------  ----------  --------------  -------------------
/opt/airflow/dags/minio_to_snowflake_dag.py                           1           0  3.35s           2026-05-09T21:04:41
================================================================================
[2026-05-09T21:05:33.485+0000] {manager.py:878} INFO - 
================================================================================
DAG File Processing Stats

File Path                                    PID    Runtime      # DAGs    # Errors  Last Runtime    Last Run
-------------------------------------------  -----  ---------  --------  ----------  --------------  -------------------
/opt/airflow/dags/minio_to_snowflake_dag.py                           1           0  2.47s           2026-05-09T21:05:13
================================================================================
[2026-05-09T21:06:03.523+0000] {manager.py:878} INFO - 
================================================================================
DAG File Processing Stats

File Path                                    PID    Runtime      # DAGs    # Errors  Last Runtime    Last Run
-------------------------------------------  -----  ---------  --------  ----------  --------------  -------------------
/opt/airflow/dags/minio_to_snowflake_dag.py                           1           0  4.35s           2026-05-09T21:05:48
================================================================================
[2026-05-09T21:06:34.508+0000] {manager.py:878} INFO - 
================================================================================
DAG File Processing Stats

File Path                                    PID    Runtime      # DAGs    # Errors  Last Runtime    Last Run
-------------------------------------------  -----  ---------  --------  ----------  --------------  -------------------
/opt/airflow/dags/minio_to_snowflake_dag.py                           1           0  2.75s           2026-05-09T21:06:21
================================================================================
[2026-05-09T21:07:04.652+0000] {manager.py:878} INFO - 
================================================================================
DAG File Processing Stats

File Path                                    PID    Runtime      # DAGs    # Errors  Last Runtime    Last Run
-------------------------------------------  -----  ---------  --------  ----------  --------------  -------------------
/opt/airflow/dags/minio_to_snowflake_dag.py                           1           0  2.90s           2026-05-09T21:06:54
================================================================================
[2026-05-09T21:07:34.996+0000] {manager.py:878} INFO - 
================================================================================
DAG File Processing Stats

File Path                                    PID    Runtime      # DAGs    # Errors  Last Runtime    Last Run
-------------------------------------------  -----  ---------  --------  ----------  --------------  -------------------
/opt/airflow/dags/minio_to_snowflake_dag.py                           1           0  2.76s           2026-05-09T21:07:27
================================================================================
[2026-05-09T21:08:05.911+0000] {manager.py:878} INFO - 
================================================================================
DAG File Processing Stats

File Path                                    PID    Runtime      # DAGs    # Errors  Last Runtime    Last Run
-------------------------------------------  -----  ---------  --------  ----------  --------------  -------------------
/opt/airflow/dags/minio_to_snowflake_dag.py                           1           0  2.10s           2026-05-09T21:07:59
================================================================================
[2026-05-09T21:08:26.058+0000] {manager.py:737} INFO - Searching for files in /opt/airflow/dags
[2026-05-09T21:08:26.095+0000] {manager.py:740} INFO - There are 1 files in /opt/airflow/dags
[2026-05-09T21:08:36.025+0000] {manager.py:878} INFO - 
================================================================================
DAG File Processing Stats

File Path                                    PID    Runtime      # DAGs    # Errors  Last Runtime    Last Run
-------------------------------------------  -----  ---------  --------  ----------  --------------  -------------------
/opt/airflow/dags/minio_to_snowflake_dag.py                           1           0  2.83s           2026-05-09T21:08:32
================================================================================
[2026-05-09T21:09:23.130+0000] {manager.py:878} INFO - 
================================================================================
DAG File Processing Stats

File Path                                      PID  Runtime      # DAGs    # Errors  Last Runtime    Last Run
-------------------------------------------  -----  ---------  --------  ----------  --------------  -------------------
/opt/airflow/dags/minio_to_snowflake_dag.py   1385  19.87s            1           0  2.83s           2026-05-09T21:08:32
================================================================================
[2026-05-09T21:09:53.766+0000] {manager.py:878} INFO - 
================================================================================
DAG File Processing Stats

File Path                                    PID    Runtime      # DAGs    # Errors  Last Runtime    Last Run
-------------------------------------------  -----  ---------  --------  ----------  --------------  -------------------
/opt/airflow/dags/minio_to_snowflake_dag.py                           1           0  42.50s          2026-05-09T21:09:45
================================================================================
[2026-05-09T21:10:30.402+0000] {manager.py:878} INFO - 
================================================================================
DAG File Processing Stats

File Path                                      PID  Runtime      # DAGs    # Errors  Last Runtime    Last Run
-------------------------------------------  -----  ---------  --------  ----------  --------------  -------------------
/opt/airflow/dags/minio_to_snowflake_dag.py   1390  13.70s            1           0  42.50s          2026-05-09T21:09:45
================================================================================
[2026-05-09T21:11:28.189+0000] {manager.py:1203} ERROR - Processor for /opt/airflow/dags/minio_to_snowflake_dag.py with PID 1390 started at 2026-05-09T21:10:16.662368+00:00 has timed out, killing it.
[2026-05-09T21:11:28.892+0000] {manager.py:878} INFO - 
================================================================================
DAG File Processing Stats

File Path                                    PID    Runtime      # DAGs    # Errors  Last Runtime    Last Run
-------------------------------------------  -----  ---------  --------  ----------  --------------  -------------------
/opt/airflow/dags/minio_to_snowflake_dag.py                           0           1  71.51s          2026-05-09T21:11:28
================================================================================
[2026-05-09T21:11:59.012+0000] {manager.py:878} INFO - 
================================================================================
DAG File Processing Stats

File Path                                      PID  Runtime      # DAGs    # Errors  Last Runtime    Last Run
-------------------------------------------  -----  ---------  --------  ----------  --------------  -------------------
/opt/airflow/dags/minio_to_snowflake_dag.py   1401  0.07s             0           1  71.51s          2026-05-09T21:11:28
================================================================================
[2026-05-09T21:12:57.068+0000] {manager.py:1203} ERROR - Processor for /opt/airflow/dags/minio_to_snowflake_dag.py with PID 1401 started at 2026-05-09T21:11:58.915998+00:00 has timed out, killing it.
[2026-05-09T21:15:15.911+0000] {manager.py:878} INFO - 
================================================================================
DAG File Processing Stats

File Path                                      PID  Runtime      # DAGs    # Errors  Last Runtime    Last Run
-------------------------------------------  -----  ---------  --------  ----------  --------------  -------------------
/opt/airflow/dags/minio_to_snowflake_dag.py   1402  0.06s             0           1  56.01s          2026-05-09T21:12:54
================================================================================
[2026-05-09T21:15:16.297+0000] {manager.py:737} INFO - Searching for files in /opt/airflow/dags
[2026-05-09T21:15:16.672+0000] {manager.py:740} INFO - There are 1 files in /opt/airflow/dags
[2026-05-09T21:15:46.321+0000] {manager.py:452} INFO - Exiting gracefully upon receiving signal 15
[2026-05-09T21:15:46.321+0000] {manager.py:452} INFO - Exiting gracefully upon receiving signal 15
[2026-05-10T06:50:01.626+0000] {manager.py:470} INFO - Processing files using up to 2 processes at a time 
[2026-05-10T06:50:01.631+0000] {manager.py:471} INFO - Process each file at most once every 30 seconds
[2026-05-10T06:50:01.633+0000] {manager.py:472} INFO - Checking for new files in /opt/airflow/dags every 300 seconds
[2026-05-10T06:50:01.636+0000] {manager.py:737} INFO - Searching for files in /opt/airflow/dags
[2026-05-10T06:50:01.703+0000] {manager.py:740} INFO - There are 1 files in /opt/airflow/dags
[2026-05-10T06:50:03.867+0000] {manager.py:878} INFO - 
================================================================================
DAG File Processing Stats

File Path                                      PID  Runtime      # DAGs    # Errors  Last Runtime    Last Run
-------------------------------------------  -----  ---------  --------  ----------  --------------  ----------
/opt/airflow/dags/minio_to_snowflake_dag.py     25  1.32s             0           0
================================================================================
[2026-05-10T06:50:34.313+0000] {manager.py:878} INFO - 
================================================================================
DAG File Processing Stats

File Path                                    PID    Runtime      # DAGs    # Errors  Last Runtime    Last Run
-------------------------------------------  -----  ---------  --------  ----------  --------------  -------------------
/opt/airflow/dags/minio_to_snowflake_dag.py                           1           0  21.42s          2026-05-10T06:50:23
================================================================================
[2026-05-10T06:51:04.883+0000] {manager.py:878} INFO - 
================================================================================
DAG File Processing Stats

File Path                                      PID  Runtime      # DAGs    # Errors  Last Runtime    Last Run
-------------------------------------------  -----  ---------  --------  ----------  --------------  -------------------
/opt/airflow/dags/minio_to_snowflake_dag.py     71  10.15s            1           0  21.42s          2026-05-10T06:50:23
================================================================================
[2026-05-10T06:51:35.124+0000] {manager.py:878} INFO - 
================================================================================
DAG File Processing Stats

File Path                                    PID    Runtime      # DAGs    # Errors  Last Runtime    Last Run
-------------------------------------------  -----  ---------  --------  ----------  --------------  -------------------
/opt/airflow/dags/minio_to_snowflake_dag.py                           1           0  11.36s          2026-05-10T06:51:06
================================================================================
[2026-05-10T06:52:05.713+0000] {manager.py:878} INFO - 
================================================================================
DAG File Processing Stats

File Path                                    PID    Runtime      # DAGs    # Errors  Last Runtime    Last Run
-------------------------------------------  -----  ---------  --------  ----------  --------------  -------------------
/opt/airflow/dags/minio_to_snowflake_dag.py                           1           0  11.64s          2026-05-10T06:51:47
================================================================================
[2026-05-10T06:52:35.799+0000] {manager.py:878} INFO - 
================================================================================
DAG File Processing Stats

File Path                                    PID    Runtime      # DAGs    # Errors  Last Runtime    Last Run
-------------------------------------------  -----  ---------  --------  ----------  --------------  -------------------
/opt/airflow/dags/minio_to_snowflake_dag.py                           1           0  6.21s           2026-05-10T06:52:24
================================================================================
[2026-05-10T06:53:06.026+0000] {manager.py:878} INFO - 
================================================================================
DAG File Processing Stats

File Path                                    PID    Runtime      # DAGs    # Errors  Last Runtime    Last Run
-------------------------------------------  -----  ---------  --------  ----------  --------------  -------------------
/opt/airflow/dags/minio_to_snowflake_dag.py                           1           0  9.27s           2026-05-10T06:53:04
================================================================================
[2026-05-10T06:53:36.282+0000] {manager.py:878} INFO - 
================================================================================
DAG File Processing Stats

File Path                                      PID  Runtime      # DAGs    # Errors  Last Runtime    Last Run
-------------------------------------------  -----  ---------  --------  ----------  --------------  -------------------
/opt/airflow/dags/minio_to_snowflake_dag.py    283  2.03s             1           0  9.27s           2026-05-10T06:53:04
================================================================================
[2026-05-10T06:54:06.638+0000] {manager.py:878} INFO - 
================================================================================
DAG File Processing Stats

File Path                                    PID    Runtime      # DAGs    # Errors  Last Runtime    Last Run
-------------------------------------------  -----  ---------  --------  ----------  --------------  -------------------
/opt/airflow/dags/minio_to_snowflake_dag.py                           1           0  2.50s           2026-05-10T06:53:36
================================================================================
[2026-05-10T06:54:37.038+0000] {manager.py:878} INFO - 
================================================================================
DAG File Processing Stats

File Path                                    PID    Runtime      # DAGs    # Errors  Last Runtime    Last Run
-------------------------------------------  -----  ---------  --------  ----------  --------------  -------------------
/opt/airflow/dags/minio_to_snowflake_dag.py                           1           0  2.58s           2026-05-10T06:54:09
================================================================================
[2026-05-10T06:55:01.708+0000] {manager.py:737} INFO - Searching for files in /opt/airflow/dags
[2026-05-10T06:55:01.761+0000] {manager.py:740} INFO - There are 1 files in /opt/airflow/dags
[2026-05-10T06:55:07.506+0000] {manager.py:878} INFO - 
================================================================================
DAG File Processing Stats

File Path                                    PID    Runtime      # DAGs    # Errors  Last Runtime    Last Run
-------------------------------------------  -----  ---------  --------  ----------  --------------  -------------------
/opt/airflow/dags/minio_to_snowflake_dag.py                           1           0  2.50s           2026-05-10T06:54:42
================================================================================
[2026-05-10T06:55:37.766+0000] {manager.py:878} INFO - 
================================================================================
DAG File Processing Stats

File Path                                    PID    Runtime      # DAGs    # Errors  Last Runtime    Last Run
-------------------------------------------  -----  ---------  --------  ----------  --------------  -------------------
/opt/airflow/dags/minio_to_snowflake_dag.py                           1           0  1.95s           2026-05-10T06:55:14
================================================================================
[2026-05-10T06:56:08.334+0000] {manager.py:878} INFO - 
================================================================================
DAG File Processing Stats

File Path                                    PID    Runtime      # DAGs    # Errors  Last Runtime    Last Run
-------------------------------------------  -----  ---------  --------  ----------  --------------  -------------------
/opt/airflow/dags/minio_to_snowflake_dag.py                           1           0  2.30s           2026-05-10T06:55:47
================================================================================
[2026-05-10T06:56:38.870+0000] {manager.py:878} INFO - 
================================================================================
DAG File Processing Stats

File Path                                    PID    Runtime      # DAGs    # Errors  Last Runtime    Last Run
-------------------------------------------  -----  ---------  --------  ----------  --------------  -------------------
/opt/airflow/dags/minio_to_snowflake_dag.py                           1           0  3.26s           2026-05-10T06:56:20
================================================================================
[2026-05-10T06:57:09.358+0000] {manager.py:878} INFO - 
================================================================================
DAG File Processing Stats

File Path                                    PID    Runtime      # DAGs    # Errors  Last Runtime    Last Run
-------------------------------------------  -----  ---------  --------  ----------  --------------  -------------------
/opt/airflow/dags/minio_to_snowflake_dag.py                           1           0  2.41s           2026-05-10T06:56:53
================================================================================
[2026-05-10T06:57:39.782+0000] {manager.py:878} INFO - 
================================================================================
DAG File Processing Stats

File Path                                    PID    Runtime      # DAGs    # Errors  Last Runtime    Last Run
-------------------------------------------  -----  ---------  --------  ----------  --------------  -------------------
/opt/airflow/dags/minio_to_snowflake_dag.py                           1           0  5.46s           2026-05-10T06:57:28
================================================================================
[2026-05-10T06:58:10.086+0000] {manager.py:878} INFO - 
================================================================================
DAG File Processing Stats

File Path                                    PID    Runtime      # DAGs    # Errors  Last Runtime    Last Run
-------------------------------------------  -----  ---------  --------  ----------  --------------  -------------------
/opt/airflow/dags/minio_to_snowflake_dag.py                           1           0  3.90s           2026-05-10T06:58:03
================================================================================
[2026-05-10T06:58:40.440+0000] {manager.py:878} INFO - 
================================================================================
DAG File Processing Stats

File Path                                    PID    Runtime      # DAGs    # Errors  Last Runtime    Last Run
-------------------------------------------  -----  ---------  --------  ----------  --------------  -------------------
/opt/airflow/dags/minio_to_snowflake_dag.py                           1           0  2.26s           2026-05-10T06:58:35
================================================================================
[2026-05-10T06:59:10.913+0000] {manager.py:878} INFO - 
================================================================================
DAG File Processing Stats

File Path                                    PID    Runtime      # DAGs    # Errors  Last Runtime    Last Run
-------------------------------------------  -----  ---------  --------  ----------  --------------  -------------------
/opt/airflow/dags/minio_to_snowflake_dag.py                           1           0  1.57s           2026-05-10T06:59:07
================================================================================
[2026-05-10T06:59:41.482+0000] {manager.py:878} INFO - 
================================================================================
DAG File Processing Stats

File Path                                    PID    Runtime      # DAGs    # Errors  Last Runtime    Last Run
-------------------------------------------  -----  ---------  --------  ----------  --------------  -------------------
/opt/airflow/dags/minio_to_snowflake_dag.py                           1           0  2.38s           2026-05-10T06:59:39
================================================================================
[2026-05-10T07:00:01.973+0000] {manager.py:737} INFO - Searching for files in /opt/airflow/dags
[2026-05-10T07:00:02.016+0000] {manager.py:740} INFO - There are 1 files in /opt/airflow/dags
[2026-05-10T07:00:11.716+0000] {manager.py:878} INFO - 
================================================================================
DAG File Processing Stats

File Path                                      PID  Runtime      # DAGs    # Errors  Last Runtime    Last Run
-------------------------------------------  -----  ---------  --------  ----------  --------------  -------------------
/opt/airflow/dags/minio_to_snowflake_dag.py    723  1.61s             1           0  2.38s           2026-05-10T06:59:39
================================================================================
[2026-05-10T07:00:41.944+0000] {manager.py:878} INFO - 
================================================================================
DAG File Processing Stats

File Path                                      PID  Runtime      # DAGs    # Errors  Last Runtime    Last Run
-------------------------------------------  -----  ---------  --------  ----------  --------------  -------------------
/opt/airflow/dags/minio_to_snowflake_dag.py    755  0.01s             1           0  1.71s           2026-05-10T07:00:11
================================================================================
[2026-05-10T07:01:12.212+0000] {manager.py:878} INFO - 
================================================================================
DAG File Processing Stats

File Path                                    PID    Runtime      # DAGs    # Errors  Last Runtime    Last Run
-------------------------------------------  -----  ---------  --------  ----------  --------------  -------------------
/opt/airflow/dags/minio_to_snowflake_dag.py                           1           0  1.71s           2026-05-10T07:00:43
================================================================================
[2026-05-10T07:01:42.418+0000] {manager.py:878} INFO - 
================================================================================
DAG File Processing Stats

File Path                                    PID    Runtime      # DAGs    # Errors  Last Runtime    Last Run
-------------------------------------------  -----  ---------  --------  ----------  --------------  -------------------
/opt/airflow/dags/minio_to_snowflake_dag.py                           1           0  1.76s           2026-05-10T07:01:15
================================================================================
[2026-05-10T07:02:13.035+0000] {manager.py:878} INFO - 
================================================================================
DAG File Processing Stats

File Path                                    PID    Runtime      # DAGs    # Errors  Last Runtime    Last Run
-------------------------------------------  -----  ---------  --------  ----------  --------------  -------------------
/opt/airflow/dags/minio_to_snowflake_dag.py                           1           0  2.02s           2026-05-10T07:01:47
================================================================================
[2026-05-10T07:02:43.315+0000] {manager.py:878} INFO - 
================================================================================
DAG File Processing Stats

File Path                                    PID    Runtime      # DAGs    # Errors  Last Runtime    Last Run
-------------------------------------------  -----  ---------  --------  ----------  --------------  -------------------
/opt/airflow/dags/minio_to_snowflake_dag.py                           1           0  2.18s           2026-05-10T07:02:20
================================================================================
[2026-05-10T07:03:13.600+0000] {manager.py:878} INFO - 
================================================================================
DAG File Processing Stats

File Path                                    PID    Runtime      # DAGs    # Errors  Last Runtime    Last Run
-------------------------------------------  -----  ---------  --------  ----------  --------------  -------------------
/opt/airflow/dags/minio_to_snowflake_dag.py                           1           0  3.15s           2026-05-10T07:02:53
================================================================================
[2026-05-10T07:03:44.001+0000] {manager.py:878} INFO - 
================================================================================
DAG File Processing Stats

File Path                                    PID    Runtime      # DAGs    # Errors  Last Runtime    Last Run
-------------------------------------------  -----  ---------  --------  ----------  --------------  -------------------
/opt/airflow/dags/minio_to_snowflake_dag.py                           1           0  2.74s           2026-05-10T07:03:26
================================================================================
[2026-05-10T07:04:14.374+0000] {manager.py:878} INFO - 
================================================================================
DAG File Processing Stats

File Path                                    PID    Runtime      # DAGs    # Errors  Last Runtime    Last Run
-------------------------------------------  -----  ---------  --------  ----------  --------------  -------------------
/opt/airflow/dags/minio_to_snowflake_dag.py                           1           0  2.59s           2026-05-10T07:03:59
================================================================================
[2026-05-10T07:04:44.659+0000] {manager.py:878} INFO - 
================================================================================
DAG File Processing Stats

File Path                                    PID    Runtime      # DAGs    # Errors  Last Runtime    Last Run
-------------------------------------------  -----  ---------  --------  ----------  --------------  -------------------
/opt/airflow/dags/minio_to_snowflake_dag.py                           1           0  3.00s           2026-05-10T07:04:32
================================================================================
[2026-05-10T07:05:02.795+0000] {manager.py:737} INFO - Searching for files in /opt/airflow/dags
[2026-05-10T07:05:02.864+0000] {manager.py:740} INFO - There are 1 files in /opt/airflow/dags
[2026-05-10T07:05:14.668+0000] {manager.py:878} INFO - 
================================================================================
DAG File Processing Stats

File Path                                    PID    Runtime      # DAGs    # Errors  Last Runtime    Last Run
-------------------------------------------  -----  ---------  --------  ----------  --------------  -------------------
/opt/airflow/dags/minio_to_snowflake_dag.py                           1           0  3.65s           2026-05-10T07:05:06
================================================================================
[2026-05-10T07:05:44.933+0000] {manager.py:878} INFO - 
================================================================================
DAG File Processing Stats

File Path                                    PID    Runtime      # DAGs    # Errors  Last Runtime    Last Run
-------------------------------------------  -----  ---------  --------  ----------  --------------  -------------------
/opt/airflow/dags/minio_to_snowflake_dag.py                           1           0  2.26s           2026-05-10T07:05:39
================================================================================
[2026-05-10T07:06:15.195+0000] {manager.py:878} INFO - 
================================================================================
DAG File Processing Stats

File Path                                    PID    Runtime      # DAGs    # Errors  Last Runtime    Last Run
-------------------------------------------  -----  ---------  --------  ----------  --------------  -------------------
/opt/airflow/dags/minio_to_snowflake_dag.py                           1           0  2.93s           2026-05-10T07:06:12
================================================================================
[2026-05-10T07:06:45.553+0000] {manager.py:878} INFO - 
================================================================================
DAG File Processing Stats

File Path                                    PID    Runtime      # DAGs    # Errors  Last Runtime    Last Run
-------------------------------------------  -----  ---------  --------  ----------  --------------  -------------------
/opt/airflow/dags/minio_to_snowflake_dag.py                           1           0  2.52s           2026-05-10T07:06:44
================================================================================
[2026-05-10T07:07:15.787+0000] {manager.py:878} INFO - 
================================================================================
DAG File Processing Stats

File Path                                      PID  Runtime      # DAGs    # Errors  Last Runtime    Last Run
-------------------------------------------  -----  ---------  --------  ----------  --------------  -------------------
/opt/airflow/dags/minio_to_snowflake_dag.py   1194  0.54s             1           0  2.52s           2026-05-10T07:06:44
================================================================================
[2026-05-10T07:07:45.990+0000] {manager.py:878} INFO - 
================================================================================
DAG File Processing Stats

File Path                                    PID    Runtime      # DAGs    # Errors  Last Runtime    Last Run
-------------------------------------------  -----  ---------  --------  ----------  --------------  -------------------
/opt/airflow/dags/minio_to_snowflake_dag.py                           1           0  1.89s           2026-05-10T07:07:17
================================================================================
[2026-05-10T07:08:16.616+0000] {manager.py:878} INFO - 
================================================================================
DAG File Processing Stats

File Path                                    PID    Runtime      # DAGs    # Errors  Last Runtime    Last Run
-------------------------------------------  -----  ---------  --------  ----------  --------------  -------------------
/opt/airflow/dags/minio_to_snowflake_dag.py                           1           0  2.16s           2026-05-10T07:07:49
================================================================================
[2026-05-10T07:08:46.965+0000] {manager.py:878} INFO - 
================================================================================
DAG File Processing Stats

File Path                                    PID    Runtime      # DAGs    # Errors  Last Runtime    Last Run
-------------------------------------------  -----  ---------  --------  ----------  --------------  -------------------
/opt/airflow/dags/minio_to_snowflake_dag.py                           1           0  1.37s           2026-05-10T07:08:21
================================================================================
[2026-05-10T07:09:17.439+0000] {manager.py:878} INFO - 
================================================================================
DAG File Processing Stats

File Path                                    PID    Runtime      # DAGs    # Errors  Last Runtime    Last Run
-------------------------------------------  -----  ---------  --------  ----------  --------------  -------------------
/opt/airflow/dags/minio_to_snowflake_dag.py                           1           0  2.13s           2026-05-10T07:08:53
================================================================================
[2026-05-10T07:09:47.741+0000] {manager.py:878} INFO - 
================================================================================
DAG File Processing Stats

File Path                                    PID    Runtime      # DAGs    # Errors  Last Runtime    Last Run
-------------------------------------------  -----  ---------  --------  ----------  --------------  -------------------
/opt/airflow/dags/minio_to_snowflake_dag.py                           1           0  2.50s           2026-05-10T07:09:25
================================================================================
[2026-05-10T07:10:03.255+0000] {manager.py:737} INFO - Searching for files in /opt/airflow/dags
[2026-05-10T07:10:03.295+0000] {manager.py:740} INFO - There are 1 files in /opt/airflow/dags
[2026-05-10T07:10:18.426+0000] {manager.py:878} INFO - 
================================================================================
DAG File Processing Stats

File Path                                    PID    Runtime      # DAGs    # Errors  Last Runtime    Last Run
-------------------------------------------  -----  ---------  --------  ----------  --------------  -------------------
/opt/airflow/dags/minio_to_snowflake_dag.py                           1           0  2.07s           2026-05-10T07:09:58
================================================================================
[2026-05-10T07:10:48.674+0000] {manager.py:878} INFO - 
================================================================================
DAG File Processing Stats

File Path                                    PID    Runtime      # DAGs    # Errors  Last Runtime    Last Run
-------------------------------------------  -----  ---------  --------  ----------  --------------  -------------------
/opt/airflow/dags/minio_to_snowflake_dag.py                           1           0  2.12s           2026-05-10T07:10:30
================================================================================
[2026-05-10T07:11:19.005+0000] {manager.py:878} INFO - 
================================================================================
DAG File Processing Stats

File Path                                    PID    Runtime      # DAGs    # Errors  Last Runtime    Last Run
-------------------------------------------  -----  ---------  --------  ----------  --------------  -------------------
/opt/airflow/dags/minio_to_snowflake_dag.py                           1           0  1.46s           2026-05-10T07:11:02
================================================================================
[2026-05-10T07:11:49.202+0000] {manager.py:878} INFO - 
================================================================================
DAG File Processing Stats

File Path                                    PID    Runtime      # DAGs    # Errors  Last Runtime    Last Run
-------------------------------------------  -----  ---------  --------  ----------  --------------  -------------------
/opt/airflow/dags/minio_to_snowflake_dag.py                           1           0  1.93s           2026-05-10T07:11:34
================================================================================
[2026-05-10T07:12:19.449+0000] {manager.py:878} INFO - 
================================================================================
DAG File Processing Stats

File Path                                    PID    Runtime      # DAGs    # Errors  Last Runtime    Last Run
-------------------------------------------  -----  ---------  --------  ----------  --------------  -------------------
/opt/airflow/dags/minio_to_snowflake_dag.py                           1           0  1.72s           2026-05-10T07:12:06
================================================================================
[2026-05-10T07:12:49.493+0000] {manager.py:878} INFO - 
================================================================================
DAG File Processing Stats

File Path                                    PID    Runtime      # DAGs    # Errors  Last Runtime    Last Run
-------------------------------------------  -----  ---------  --------  ----------  --------------  -------------------
/opt/airflow/dags/minio_to_snowflake_dag.py                           1           0  1.84s           2026-05-10T07:12:38
================================================================================
[2026-05-10T07:13:19.729+0000] {manager.py:878} INFO - 
================================================================================
DAG File Processing Stats

File Path                                    PID    Runtime      # DAGs    # Errors  Last Runtime    Last Run
-------------------------------------------  -----  ---------  --------  ----------  --------------  -------------------
/opt/airflow/dags/minio_to_snowflake_dag.py                           1           0  1.99s           2026-05-10T07:13:10
================================================================================
[2026-05-10T07:13:49.963+0000] {manager.py:878} INFO - 
================================================================================
DAG File Processing Stats

File Path                                    PID    Runtime      # DAGs    # Errors  Last Runtime    Last Run
-------------------------------------------  -----  ---------  --------  ----------  --------------  -------------------
/opt/airflow/dags/minio_to_snowflake_dag.py                           1           0  2.04s           2026-05-10T07:13:42
================================================================================
[2026-05-10T07:14:20.224+0000] {manager.py:878} INFO - 
================================================================================
DAG File Processing Stats

File Path                                    PID    Runtime      # DAGs    # Errors  Last Runtime    Last Run
-------------------------------------------  -----  ---------  --------  ----------  --------------  -------------------
/opt/airflow/dags/minio_to_snowflake_dag.py                           1           0  1.58s           2026-05-10T07:14:14
================================================================================
[2026-05-10T07:14:50.445+0000] {manager.py:878} INFO - 
================================================================================
DAG File Processing Stats

File Path                                    PID    Runtime      # DAGs    # Errors  Last Runtime    Last Run
-------------------------------------------  -----  ---------  --------  ----------  --------------  -------------------
/opt/airflow/dags/minio_to_snowflake_dag.py                           1           0  2.52s           2026-05-10T07:14:47
================================================================================
[2026-05-10T07:15:03.540+0000] {manager.py:737} INFO - Searching for files in /opt/airflow/dags
[2026-05-10T07:15:03.582+0000] {manager.py:740} INFO - There are 1 files in /opt/airflow/dags
[2026-05-10T07:15:20.781+0000] {manager.py:878} INFO - 
================================================================================
DAG File Processing Stats

File Path                                    PID    Runtime      # DAGs    # Errors  Last Runtime    Last Run
-------------------------------------------  -----  ---------  --------  ----------  --------------  -------------------
/opt/airflow/dags/minio_to_snowflake_dag.py                           1           0  2.10s           2026-05-10T07:15:19
================================================================================
[2026-05-10T07:15:51.029+0000] {manager.py:878} INFO - 
================================================================================
DAG File Processing Stats

File Path                                      PID  Runtime      # DAGs    # Errors  Last Runtime    Last Run
-------------------------------------------  -----  ---------  --------  ----------  --------------  -------------------
/opt/airflow/dags/minio_to_snowflake_dag.py   1760  1.02s             1           0  2.10s           2026-05-10T07:15:19
================================================================================
[2026-05-10T07:16:21.344+0000] {manager.py:878} INFO - 
================================================================================
DAG File Processing Stats

File Path                                    PID    Runtime      # DAGs    # Errors  Last Runtime    Last Run
-------------------------------------------  -----  ---------  --------  ----------  --------------  -------------------
/opt/airflow/dags/minio_to_snowflake_dag.py                           1           0  2.22s           2026-05-10T07:15:52
================================================================================
[2026-05-10T07:16:51.607+0000] {manager.py:878} INFO - 
================================================================================
DAG File Processing Stats

File Path                                    PID    Runtime      # DAGs    # Errors  Last Runtime    Last Run
-------------------------------------------  -----  ---------  --------  ----------  --------------  -------------------
/opt/airflow/dags/minio_to_snowflake_dag.py                           1           0  3.10s           2026-05-10T07:16:25
================================================================================
[2026-05-10T07:17:21.877+0000] {manager.py:878} INFO - 
================================================================================
DAG File Processing Stats

File Path                                    PID    Runtime      # DAGs    # Errors  Last Runtime    Last Run
-------------------------------------------  -----  ---------  --------  ----------  --------------  -------------------
/opt/airflow/dags/minio_to_snowflake_dag.py                           1           0  2.24s           2026-05-10T07:16:57
================================================================================
[2026-05-10T07:17:52.025+0000] {manager.py:878} INFO - 
================================================================================
DAG File Processing Stats

File Path                                    PID    Runtime      # DAGs    # Errors  Last Runtime    Last Run
-------------------------------------------  -----  ---------  --------  ----------  --------------  -------------------
/opt/airflow/dags/minio_to_snowflake_dag.py                           1           0  1.93s           2026-05-10T07:17:29
================================================================================
[2026-05-10T07:18:22.473+0000] {manager.py:878} INFO - 
================================================================================
DAG File Processing Stats

File Path                                    PID    Runtime      # DAGs    # Errors  Last Runtime    Last Run
-------------------------------------------  -----  ---------  --------  ----------  --------------  -------------------
/opt/airflow/dags/minio_to_snowflake_dag.py                           1           0  1.23s           2026-05-10T07:18:01
================================================================================
[2026-05-10T07:18:52.744+0000] {manager.py:878} INFO - 
================================================================================
DAG File Processing Stats

File Path                                    PID    Runtime      # DAGs    # Errors  Last Runtime    Last Run
-------------------------------------------  -----  ---------  --------  ----------  --------------  -------------------
/opt/airflow/dags/minio_to_snowflake_dag.py                           1           0  2.10s           2026-05-10T07:18:33
================================================================================
[2026-05-10T07:19:23.011+0000] {manager.py:878} INFO - 
================================================================================
DAG File Processing Stats

File Path                                    PID    Runtime      # DAGs    # Errors  Last Runtime    Last Run
-------------------------------------------  -----  ---------  --------  ----------  --------------  -------------------
/opt/airflow/dags/minio_to_snowflake_dag.py                           1           0  1.52s           2026-05-10T07:19:05
================================================================================
[2026-05-10T07:19:53.252+0000] {manager.py:878} INFO - 
================================================================================
DAG File Processing Stats

File Path                                    PID    Runtime      # DAGs    # Errors  Last Runtime    Last Run
-------------------------------------------  -----  ---------  --------  ----------  --------------  -------------------
/opt/airflow/dags/minio_to_snowflake_dag.py                           1           0  2.56s           2026-05-10T07:19:38
================================================================================
[2026-05-10T07:20:04.350+0000] {manager.py:737} INFO - Searching for files in /opt/airflow/dags
[2026-05-10T07:20:04.406+0000] {manager.py:740} INFO - There are 1 files in /opt/airflow/dags
[2026-05-10T07:20:23.653+0000] {manager.py:878} INFO - 
================================================================================
DAG File Processing Stats

File Path                                    PID    Runtime      # DAGs    # Errors  Last Runtime    Last Run
-------------------------------------------  -----  ---------  --------  ----------  --------------  -------------------
/opt/airflow/dags/minio_to_snowflake_dag.py                           1           0  1.48s           2026-05-10T07:20:09
================================================================================
[2026-05-10T07:20:53.772+0000] {manager.py:878} INFO - 
================================================================================
DAG File Processing Stats

File Path                                    PID    Runtime      # DAGs    # Errors  Last Runtime    Last Run
-------------------------------------------  -----  ---------  --------  ----------  --------------  -------------------
/opt/airflow/dags/minio_to_snowflake_dag.py                           1           0  2.51s           2026-05-10T07:20:42
================================================================================
[2026-05-10T07:21:24.036+0000] {manager.py:878} INFO - 
================================================================================
DAG File Processing Stats

File Path                                    PID    Runtime      # DAGs    # Errors  Last Runtime    Last Run
-------------------------------------------  -----  ---------  --------  ----------  --------------  -------------------
/opt/airflow/dags/minio_to_snowflake_dag.py                           1           0  2.18s           2026-05-10T07:21:15
================================================================================
[2026-05-10T07:21:54.081+0000] {manager.py:878} INFO - 
================================================================================
DAG File Processing Stats

File Path                                    PID    Runtime      # DAGs    # Errors  Last Runtime    Last Run
-------------------------------------------  -----  ---------  --------  ----------  --------------  -------------------
/opt/airflow/dags/minio_to_snowflake_dag.py                           1           0  2.78s           2026-05-10T07:21:48
================================================================================
[2026-05-10T07:22:24.336+0000] {manager.py:878} INFO - 
================================================================================
DAG File Processing Stats

File Path                                    PID    Runtime      # DAGs    # Errors  Last Runtime    Last Run
-------------------------------------------  -----  ---------  --------  ----------  --------------  -------------------
/opt/airflow/dags/minio_to_snowflake_dag.py                           1           0  1.97s           2026-05-10T07:22:20
================================================================================
[2026-05-10T07:22:54.926+0000] {manager.py:878} INFO - 
================================================================================
DAG File Processing Stats

File Path                                    PID    Runtime      # DAGs    # Errors  Last Runtime    Last Run
-------------------------------------------  -----  ---------  --------  ----------  --------------  -------------------
/opt/airflow/dags/minio_to_snowflake_dag.py                           1           0  2.40s           2026-05-10T07:22:52
================================================================================
[2026-05-10T07:23:25.249+0000] {manager.py:878} INFO - 
================================================================================
DAG File Processing Stats

File Path                                      PID  Runtime      # DAGs    # Errors  Last Runtime    Last Run
-------------------------------------------  -----  ---------  --------  ----------  --------------  -------------------
/opt/airflow/dags/minio_to_snowflake_dag.py   2267  2.04s             1           0  2.40s           2026-05-10T07:22:52
================================================================================
[2026-05-10T07:23:55.317+0000] {manager.py:878} INFO - 
================================================================================
DAG File Processing Stats

File Path                                    PID    Runtime      # DAGs    # Errors  Last Runtime    Last Run
-------------------------------------------  -----  ---------  --------  ----------  --------------  -------------------
/opt/airflow/dags/minio_to_snowflake_dag.py                           1           0  2.89s           2026-05-10T07:23:26
================================================================================
[2026-05-10T07:24:25.559+0000] {manager.py:878} INFO - 
================================================================================
DAG File Processing Stats

File Path                                    PID    Runtime      # DAGs    # Errors  Last Runtime    Last Run
-------------------------------------------  -----  ---------  --------  ----------  --------------  -------------------
/opt/airflow/dags/minio_to_snowflake_dag.py                           1           0  2.14s           2026-05-10T07:23:58
================================================================================
[2026-05-10T07:24:55.708+0000] {manager.py:878} INFO - 
================================================================================
DAG File Processing Stats

File Path                                    PID    Runtime      # DAGs    # Errors  Last Runtime    Last Run
-------------------------------------------  -----  ---------  --------  ----------  --------------  -------------------
/opt/airflow/dags/minio_to_snowflake_dag.py                           1           0  1.93s           2026-05-10T07:24:30
================================================================================
[2026-05-10T07:25:04.895+0000] {manager.py:737} INFO - Searching for files in /opt/airflow/dags
[2026-05-10T07:25:04.939+0000] {manager.py:740} INFO - There are 1 files in /opt/airflow/dags
[2026-05-10T07:25:26.132+0000] {manager.py:878} INFO - 
================================================================================
DAG File Processing Stats

File Path                                    PID    Runtime      # DAGs    # Errors  Last Runtime    Last Run
-------------------------------------------  -----  ---------  --------  ----------  --------------  -------------------
/opt/airflow/dags/minio_to_snowflake_dag.py                           1           0  1.28s           2026-05-10T07:25:02
================================================================================
[2026-05-10T07:25:56.345+0000] {manager.py:878} INFO - 
================================================================================
DAG File Processing Stats

File Path                                    PID    Runtime      # DAGs    # Errors  Last Runtime    Last Run
-------------------------------------------  -----  ---------  --------  ----------  --------------  -------------------
/opt/airflow/dags/minio_to_snowflake_dag.py                           1           0  1.98s           2026-05-10T07:25:34
================================================================================
[2026-05-10T07:26:26.607+0000] {manager.py:878} INFO - 
================================================================================
DAG File Processing Stats

File Path                                    PID    Runtime      # DAGs    # Errors  Last Runtime    Last Run
-------------------------------------------  -----  ---------  --------  ----------  --------------  -------------------
/opt/airflow/dags/minio_to_snowflake_dag.py                           1           0  1.69s           2026-05-10T07:26:06
================================================================================
[2026-05-10T07:26:56.795+0000] {manager.py:878} INFO - 
================================================================================
DAG File Processing Stats

File Path                                    PID    Runtime      # DAGs    # Errors  Last Runtime    Last Run
-------------------------------------------  -----  ---------  --------  ----------  --------------  -------------------
/opt/airflow/dags/minio_to_snowflake_dag.py                           1           0  2.01s           2026-05-10T07:26:38
================================================================================
[2026-05-10T07:27:26.992+0000] {manager.py:878} INFO - 
================================================================================
DAG File Processing Stats

File Path                                    PID    Runtime      # DAGs    # Errors  Last Runtime    Last Run
-------------------------------------------  -----  ---------  --------  ----------  --------------  -------------------
/opt/airflow/dags/minio_to_snowflake_dag.py                           1           0  1.89s           2026-05-10T07:27:10
================================================================================
[2026-05-10T07:27:57.875+0000] {manager.py:878} INFO - 
================================================================================
DAG File Processing Stats

File Path                                    PID    Runtime      # DAGs    # Errors  Last Runtime    Last Run
-------------------------------------------  -----  ---------  --------  ----------  --------------  -------------------
/opt/airflow/dags/minio_to_snowflake_dag.py                           1           0  2.10s           2026-05-10T07:27:42
================================================================================
[2026-05-10T07:28:28.153+0000] {manager.py:878} INFO - 
================================================================================
DAG File Processing Stats

File Path                                    PID    Runtime      # DAGs    # Errors  Last Runtime    Last Run
-------------------------------------------  -----  ---------  --------  ----------  --------------  -------------------
/opt/airflow/dags/minio_to_snowflake_dag.py                           1           0  1.68s           2026-05-10T07:28:14
================================================================================
[2026-05-10T07:28:58.440+0000] {manager.py:878} INFO - 
================================================================================
DAG File Processing Stats

File Path                                    PID    Runtime      # DAGs    # Errors  Last Runtime    Last Run
-------------------------------------------  -----  ---------  --------  ----------  --------------  -------------------
/opt/airflow/dags/minio_to_snowflake_dag.py                           1           0  4.02s           2026-05-10T07:28:49
================================================================================
[2026-05-10T07:29:28.465+0000] {manager.py:878} INFO - 
================================================================================
DAG File Processing Stats

File Path                                    PID    Runtime      # DAGs    # Errors  Last Runtime    Last Run
-------------------------------------------  -----  ---------  --------  ----------  --------------  -------------------
/opt/airflow/dags/minio_to_snowflake_dag.py                           1           0  2.08s           2026-05-10T07:29:21
================================================================================
[2026-05-10T07:29:58.664+0000] {manager.py:878} INFO - 
================================================================================
DAG File Processing Stats

File Path                                    PID    Runtime      # DAGs    # Errors  Last Runtime    Last Run
-------------------------------------------  -----  ---------  --------  ----------  --------------  -------------------
/opt/airflow/dags/minio_to_snowflake_dag.py                           1           0  2.39s           2026-05-10T07:29:53
================================================================================
[2026-05-10T07:30:05.057+0000] {manager.py:737} INFO - Searching for files in /opt/airflow/dags
[2026-05-10T07:30:05.115+0000] {manager.py:740} INFO - There are 1 files in /opt/airflow/dags
[2026-05-10T07:30:29.049+0000] {manager.py:878} INFO - 
================================================================================
DAG File Processing Stats

File Path                                    PID    Runtime      # DAGs    # Errors  Last Runtime    Last Run
-------------------------------------------  -----  ---------  --------  ----------  --------------  -------------------
/opt/airflow/dags/minio_to_snowflake_dag.py                           1           0  4.08s           2026-05-10T07:30:28
================================================================================
[2026-05-10T07:30:59.272+0000] {manager.py:878} INFO - 
================================================================================
DAG File Processing Stats

File Path                                      PID  Runtime      # DAGs    # Errors  Last Runtime    Last Run
-------------------------------------------  -----  ---------  --------  ----------  --------------  -------------------
/opt/airflow/dags/minio_to_snowflake_dag.py   2768  0.64s             1           0  4.08s           2026-05-10T07:30:28
================================================================================
[2026-05-10T07:31:29.413+0000] {manager.py:878} INFO - 
================================================================================
DAG File Processing Stats

File Path                                    PID    Runtime      # DAGs    # Errors  Last Runtime    Last Run
-------------------------------------------  -----  ---------  --------  ----------  --------------  -------------------
/opt/airflow/dags/minio_to_snowflake_dag.py                           1           0  2.57s           2026-05-10T07:31:01
================================================================================
[2026-05-10T07:32:00.226+0000] {manager.py:878} INFO - 
================================================================================
DAG File Processing Stats

File Path                                    PID    Runtime      # DAGs    # Errors  Last Runtime    Last Run
-------------------------------------------  -----  ---------  --------  ----------  --------------  -------------------
/opt/airflow/dags/minio_to_snowflake_dag.py                           1           0  3.79s           2026-05-10T07:31:35
================================================================================
[2026-05-10T07:32:30.661+0000] {manager.py:878} INFO - 
================================================================================
DAG File Processing Stats

File Path                                    PID    Runtime      # DAGs    # Errors  Last Runtime    Last Run
-------------------------------------------  -----  ---------  --------  ----------  --------------  -------------------
/opt/airflow/dags/minio_to_snowflake_dag.py                           1           0  2.49s           2026-05-10T07:32:07
================================================================================
[2026-05-10T07:33:00.946+0000] {manager.py:878} INFO - 
================================================================================
DAG File Processing Stats

File Path                                    PID    Runtime      # DAGs    # Errors  Last Runtime    Last Run
-------------------------------------------  -----  ---------  --------  ----------  --------------  -------------------
/opt/airflow/dags/minio_to_snowflake_dag.py                           1           0  3.02s           2026-05-10T07:32:41
================================================================================
[2026-05-10T07:33:31.086+0000] {manager.py:878} INFO - 
================================================================================
DAG File Processing Stats

File Path                                    PID    Runtime      # DAGs    # Errors  Last Runtime    Last Run
-------------------------------------------  -----  ---------  --------  ----------  --------------  -------------------
/opt/airflow/dags/minio_to_snowflake_dag.py                           1           0  1.88s           2026-05-10T07:33:12
================================================================================
[2026-05-10T07:34:01.311+0000] {manager.py:878} INFO - 
================================================================================
DAG File Processing Stats

File Path                                    PID    Runtime      # DAGs    # Errors  Last Runtime    Last Run
-------------------------------------------  -----  ---------  --------  ----------  --------------  -------------------
/opt/airflow/dags/minio_to_snowflake_dag.py                           1           0  2.31s           2026-05-10T07:33:45
================================================================================
[2026-05-10T07:34:31.859+0000] {manager.py:878} INFO - 
================================================================================
DAG File Processing Stats

File Path                                    PID    Runtime      # DAGs    # Errors  Last Runtime    Last Run
-------------------------------------------  -----  ---------  --------  ----------  --------------  -------------------
/opt/airflow/dags/minio_to_snowflake_dag.py                           1           0  2.09s           2026-05-10T07:34:17
================================================================================
[2026-05-10T07:35:02.258+0000] {manager.py:878} INFO - 
================================================================================
DAG File Processing Stats

File Path                                    PID    Runtime      # DAGs    # Errors  Last Runtime    Last Run
-------------------------------------------  -----  ---------  --------  ----------  --------------  -------------------
/opt/airflow/dags/minio_to_snowflake_dag.py                           1           0  3.46s           2026-05-10T07:34:51
================================================================================
[2026-05-10T07:35:05.282+0000] {manager.py:737} INFO - Searching for files in /opt/airflow/dags
[2026-05-10T07:35:05.342+0000] {manager.py:740} INFO - There are 1 files in /opt/airflow/dags
[2026-05-10T07:35:32.712+0000] {manager.py:878} INFO - 
================================================================================
DAG File Processing Stats

File Path                                    PID    Runtime      # DAGs    # Errors  Last Runtime    Last Run
-------------------------------------------  -----  ---------  --------  ----------  --------------  -------------------
/opt/airflow/dags/minio_to_snowflake_dag.py                           1           0  3.03s           2026-05-10T07:35:24
================================================================================
[2026-05-10T07:36:03.084+0000] {manager.py:878} INFO - 
================================================================================
DAG File Processing Stats

File Path                                    PID    Runtime      # DAGs    # Errors  Last Runtime    Last Run
-------------------------------------------  -----  ---------  --------  ----------  --------------  -------------------
/opt/airflow/dags/minio_to_snowflake_dag.py                           1           0  2.53s           2026-05-10T07:35:57
================================================================================
[2026-05-10T07:36:33.744+0000] {manager.py:878} INFO - 
================================================================================
DAG File Processing Stats

File Path                                    PID    Runtime      # DAGs    # Errors  Last Runtime    Last Run
-------------------------------------------  -----  ---------  --------  ----------  --------------  -------------------
/opt/airflow/dags/minio_to_snowflake_dag.py                           1           0  2.28s           2026-05-10T07:36:29
================================================================================
[2026-05-10T07:37:04.238+0000] {manager.py:878} INFO - 
================================================================================
DAG File Processing Stats

File Path                                    PID    Runtime      # DAGs    # Errors  Last Runtime    Last Run
-------------------------------------------  -----  ---------  --------  ----------  --------------  -------------------
/opt/airflow/dags/minio_to_snowflake_dag.py                           1           0  1.41s           2026-05-10T07:37:01
================================================================================
[2026-05-10T07:37:34.299+0000] {manager.py:878} INFO - 
================================================================================
DAG File Processing Stats

File Path                                    PID    Runtime      # DAGs    # Errors  Last Runtime    Last Run
-------------------------------------------  -----  ---------  --------  ----------  --------------  -------------------
/opt/airflow/dags/minio_to_snowflake_dag.py                           1           0  2.80s           2026-05-10T07:37:34
================================================================================
[2026-05-10T07:38:04.527+0000] {manager.py:878} INFO - 
================================================================================
DAG File Processing Stats

File Path                                      PID  Runtime      # DAGs    # Errors  Last Runtime    Last Run
-------------------------------------------  -----  ---------  --------  ----------  --------------  -------------------
/opt/airflow/dags/minio_to_snowflake_dag.py   3239  0.01s             1           0  2.80s           2026-05-10T07:37:34
================================================================================
[2026-05-10T07:38:34.638+0000] {manager.py:878} INFO - 
================================================================================
DAG File Processing Stats

File Path                                    PID    Runtime      # DAGs    # Errors  Last Runtime    Last Run
-------------------------------------------  -----  ---------  --------  ----------  --------------  -------------------
/opt/airflow/dags/minio_to_snowflake_dag.py                           1           0  1.91s           2026-05-10T07:38:06
================================================================================
[2026-05-10T07:39:04.815+0000] {manager.py:878} INFO - 
================================================================================
DAG File Processing Stats

File Path                                    PID    Runtime      # DAGs    # Errors  Last Runtime    Last Run
-------------------------------------------  -----  ---------  --------  ----------  --------------  -------------------
/opt/airflow/dags/minio_to_snowflake_dag.py                           1           0  1.96s           2026-05-10T07:38:38
================================================================================
[2026-05-10T07:39:35.060+0000] {manager.py:878} INFO - 
================================================================================
DAG File Processing Stats

File Path                                    PID    Runtime      # DAGs    # Errors  Last Runtime    Last Run
-------------------------------------------  -----  ---------  --------  ----------  --------------  -------------------
/opt/airflow/dags/minio_to_snowflake_dag.py                           1           0  2.31s           2026-05-10T07:39:11
================================================================================
[2026-05-10T07:40:05.545+0000] {manager.py:737} INFO - Searching for files in /opt/airflow/dags
[2026-05-10T07:40:05.585+0000] {manager.py:740} INFO - There are 1 files in /opt/airflow/dags
[2026-05-10T07:40:05.616+0000] {manager.py:878} INFO - 
================================================================================
DAG File Processing Stats

File Path                                    PID    Runtime      # DAGs    # Errors  Last Runtime    Last Run
-------------------------------------------  -----  ---------  --------  ----------  --------------  -------------------
/opt/airflow/dags/minio_to_snowflake_dag.py                           1           0  2.15s           2026-05-10T07:39:43
================================================================================
[2026-05-10T07:40:35.871+0000] {manager.py:878} INFO - 
================================================================================
DAG File Processing Stats

File Path                                    PID    Runtime      # DAGs    # Errors  Last Runtime    Last Run
-------------------------------------------  -----  ---------  --------  ----------  --------------  -------------------
/opt/airflow/dags/minio_to_snowflake_dag.py                           1           0  2.21s           2026-05-10T07:40:15
================================================================================
[2026-05-10T07:41:06.110+0000] {manager.py:878} INFO - 
================================================================================
DAG File Processing Stats

File Path                                    PID    Runtime      # DAGs    # Errors  Last Runtime    Last Run
-------------------------------------------  -----  ---------  --------  ----------  --------------  -------------------
/opt/airflow/dags/minio_to_snowflake_dag.py                           1           0  2.14s           2026-05-10T07:40:48
================================================================================
[2026-05-10T07:41:36.416+0000] {manager.py:878} INFO - 
================================================================================
DAG File Processing Stats

File Path                                    PID    Runtime      # DAGs    # Errors  Last Runtime    Last Run
-------------------------------------------  -----  ---------  --------  ----------  --------------  -------------------
/opt/airflow/dags/minio_to_snowflake_dag.py                           1           0  1.51s           2026-05-10T07:41:19
================================================================================
[2026-05-10T07:42:07.069+0000] {manager.py:878} INFO - 
================================================================================
DAG File Processing Stats

File Path                                    PID    Runtime      # DAGs    # Errors  Last Runtime    Last Run
-------------------------------------------  -----  ---------  --------  ----------  --------------  -------------------
/opt/airflow/dags/minio_to_snowflake_dag.py                           1           0  2.06s           2026-05-10T07:41:51
================================================================================
[2026-05-10T07:42:37.073+0000] {manager.py:878} INFO - 
================================================================================
DAG File Processing Stats

File Path                                    PID    Runtime      # DAGs    # Errors  Last Runtime    Last Run
-------------------------------------------  -----  ---------  --------  ----------  --------------  -------------------
/opt/airflow/dags/minio_to_snowflake_dag.py                           1           0  11.77s          2026-05-10T07:42:33
================================================================================
[2026-05-10T07:43:07.273+0000] {manager.py:878} INFO - 
================================================================================
DAG File Processing Stats

File Path                                    PID    Runtime      # DAGs    # Errors  Last Runtime    Last Run
-------------------------------------------  -----  ---------  --------  ----------  --------------  -------------------
/opt/airflow/dags/minio_to_snowflake_dag.py                           1           0  2.26s           2026-05-10T07:43:06
================================================================================
[2026-05-10T07:43:37.587+0000] {manager.py:878} INFO - 
================================================================================
DAG File Processing Stats

File Path                                      PID  Runtime      # DAGs    # Errors  Last Runtime    Last Run
-------------------------------------------  -----  ---------  --------  ----------  --------------  -------------------
/opt/airflow/dags/minio_to_snowflake_dag.py   3637  1.02s             1           0  2.26s           2026-05-10T07:43:06
================================================================================
[2026-05-10T07:44:07.891+0000] {manager.py:878} INFO - 
================================================================================
DAG File Processing Stats

File Path                                    PID    Runtime      # DAGs    # Errors  Last Runtime    Last Run
-------------------------------------------  -----  ---------  --------  ----------  --------------  -------------------
/opt/airflow/dags/minio_to_snowflake_dag.py                           1           0  1.39s           2026-05-10T07:43:37
================================================================================
[2026-05-10T07:44:38.417+0000] {manager.py:878} INFO - 
================================================================================
DAG File Processing Stats

File Path                                    PID    Runtime      # DAGs    # Errors  Last Runtime    Last Run
-------------------------------------------  -----  ---------  --------  ----------  --------------  -------------------
/opt/airflow/dags/minio_to_snowflake_dag.py                           1           0  1.28s           2026-05-10T07:44:09
================================================================================
[2026-05-10T07:45:05.715+0000] {manager.py:737} INFO - Searching for files in /opt/airflow/dags
[2026-05-10T07:45:05.773+0000] {manager.py:740} INFO - There are 1 files in /opt/airflow/dags
[2026-05-10T07:45:08.836+0000] {manager.py:878} INFO - 
================================================================================
DAG File Processing Stats

File Path                                    PID    Runtime      # DAGs    # Errors  Last Runtime    Last Run
-------------------------------------------  -----  ---------  --------  ----------  --------------  -------------------
/opt/airflow/dags/minio_to_snowflake_dag.py                           1           0  2.06s           2026-05-10T07:44:41
================================================================================
[2026-05-10T07:45:39.066+0000] {manager.py:878} INFO - 
================================================================================
DAG File Processing Stats

File Path                                    PID    Runtime      # DAGs    # Errors  Last Runtime    Last Run
-------------------------------------------  -----  ---------  --------  ----------  --------------  -------------------
/opt/airflow/dags/minio_to_snowflake_dag.py                           1           0  1.65s           2026-05-10T07:45:13
================================================================================
[2026-05-10T07:46:09.070+0000] {manager.py:878} INFO - 
================================================================================
DAG File Processing Stats

File Path                                    PID    Runtime      # DAGs    # Errors  Last Runtime    Last Run
-------------------------------------------  -----  ---------  --------  ----------  --------------  -------------------
/opt/airflow/dags/minio_to_snowflake_dag.py                           1           0  1.17s           2026-05-10T07:45:44
================================================================================
[2026-05-10T07:46:39.303+0000] {manager.py:878} INFO - 
================================================================================
DAG File Processing Stats

File Path                                    PID    Runtime      # DAGs    # Errors  Last Runtime    Last Run
-------------------------------------------  -----  ---------  --------  ----------  --------------  -------------------
/opt/airflow/dags/minio_to_snowflake_dag.py                           1           0  4.39s           2026-05-10T07:46:19
================================================================================
[2026-05-10T07:47:09.719+0000] {manager.py:878} INFO - 
================================================================================
DAG File Processing Stats

File Path                                    PID    Runtime      # DAGs    # Errors  Last Runtime    Last Run
-------------------------------------------  -----  ---------  --------  ----------  --------------  -------------------
/opt/airflow/dags/minio_to_snowflake_dag.py                           1           0  1.66s           2026-05-10T07:46:51
================================================================================
[2026-05-10T07:47:39.938+0000] {manager.py:878} INFO - 
================================================================================
DAG File Processing Stats

File Path                                    PID    Runtime      # DAGs    # Errors  Last Runtime    Last Run
-------------------------------------------  -----  ---------  --------  ----------  --------------  -------------------
/opt/airflow/dags/minio_to_snowflake_dag.py                           1           0  1.56s           2026-05-10T07:47:22
================================================================================
[2026-05-10T07:48:10.211+0000] {manager.py:878} INFO - 
================================================================================
DAG File Processing Stats

File Path                                    PID    Runtime      # DAGs    # Errors  Last Runtime    Last Run
-------------------------------------------  -----  ---------  --------  ----------  --------------  -------------------
/opt/airflow/dags/minio_to_snowflake_dag.py                           1           0  1.33s           2026-05-10T07:47:54
================================================================================
[2026-05-10T07:48:40.791+0000] {manager.py:878} INFO - 
================================================================================
DAG File Processing Stats

File Path                                    PID    Runtime      # DAGs    # Errors  Last Runtime    Last Run
-------------------------------------------  -----  ---------  --------  ----------  --------------  -------------------
/opt/airflow/dags/minio_to_snowflake_dag.py                           1           0  1.18s           2026-05-10T07:48:25
================================================================================
[2026-05-10T07:49:11.156+0000] {manager.py:878} INFO - 
================================================================================
DAG File Processing Stats

File Path                                    PID    Runtime      # DAGs    # Errors  Last Runtime    Last Run
-------------------------------------------  -----  ---------  --------  ----------  --------------  -------------------
/opt/airflow/dags/minio_to_snowflake_dag.py                           1           0  1.45s           2026-05-10T07:48:57
================================================================================
[2026-05-10T07:49:41.705+0000] {manager.py:878} INFO - 
================================================================================
DAG File Processing Stats

File Path                                    PID    Runtime      # DAGs    # Errors  Last Runtime    Last Run
-------------------------------------------  -----  ---------  --------  ----------  --------------  -------------------
/opt/airflow/dags/minio_to_snowflake_dag.py                           1           0  1.23s           2026-05-10T07:49:28
================================================================================
[2026-05-10T07:50:06.207+0000] {manager.py:737} INFO - Searching for files in /opt/airflow/dags
[2026-05-10T07:50:06.255+0000] {manager.py:740} INFO - There are 1 files in /opt/airflow/dags
[2026-05-10T07:50:12.329+0000] {manager.py:878} INFO - 
================================================================================
DAG File Processing Stats

File Path                                    PID    Runtime      # DAGs    # Errors  Last Runtime    Last Run
-------------------------------------------  -----  ---------  --------  ----------  --------------  -------------------
/opt/airflow/dags/minio_to_snowflake_dag.py                           1           0  4.45s           2026-05-10T07:50:03
================================================================================
[2026-05-10T07:50:42.744+0000] {manager.py:878} INFO - 
================================================================================
DAG File Processing Stats

File Path                                    PID    Runtime      # DAGs    # Errors  Last Runtime    Last Run
-------------------------------------------  -----  ---------  --------  ----------  --------------  -------------------
/opt/airflow/dags/minio_to_snowflake_dag.py                           1           0  1.50s           2026-05-10T07:50:35
================================================================================
[2026-05-10T07:51:12.793+0000] {manager.py:878} INFO - 
================================================================================
DAG File Processing Stats

File Path                                    PID    Runtime      # DAGs    # Errors  Last Runtime    Last Run
-------------------------------------------  -----  ---------  --------  ----------  --------------  -------------------
/opt/airflow/dags/minio_to_snowflake_dag.py                           1           0  4.30s           2026-05-10T07:51:09
================================================================================
[2026-05-10T07:51:43.073+0000] {manager.py:878} INFO - 
================================================================================
DAG File Processing Stats

File Path                                    PID    Runtime      # DAGs    # Errors  Last Runtime    Last Run
-------------------------------------------  -----  ---------  --------  ----------  --------------  -------------------
/opt/airflow/dags/minio_to_snowflake_dag.py                           1           0  1.55s           2026-05-10T07:51:41
================================================================================
[2026-05-10T07:52:13.322+0000] {manager.py:878} INFO - 
================================================================================
DAG File Processing Stats

File Path                                      PID  Runtime      # DAGs    # Errors  Last Runtime    Last Run
-------------------------------------------  -----  ---------  --------  ----------  --------------  -------------------
/opt/airflow/dags/minio_to_snowflake_dag.py   4207  1.51s             1           0  1.55s           2026-05-10T07:51:41
================================================================================
[2026-05-10T07:52:43.608+0000] {manager.py:878} INFO - 
================================================================================
DAG File Processing Stats

File Path                                      PID  Runtime      # DAGs    # Errors  Last Runtime    Last Run
-------------------------------------------  -----  ---------  --------  ----------  --------------  -------------------
/opt/airflow/dags/minio_to_snowflake_dag.py   4238  0.01s             1           0  1.70s           2026-05-10T07:52:13
================================================================================
[2026-05-10T07:53:13.923+0000] {manager.py:878} INFO - 
================================================================================
DAG File Processing Stats

File Path                                    PID    Runtime      # DAGs    # Errors  Last Runtime    Last Run
-------------------------------------------  -----  ---------  --------  ----------  --------------  -------------------
/opt/airflow/dags/minio_to_snowflake_dag.py                           1           0  1.22s           2026-05-10T07:52:44
================================================================================
[2026-05-10T07:53:44.222+0000] {manager.py:878} INFO - 
================================================================================
DAG File Processing Stats

File Path                                    PID    Runtime      # DAGs    # Errors  Last Runtime    Last Run
-------------------------------------------  -----  ---------  --------  ----------  --------------  -------------------
/opt/airflow/dags/minio_to_snowflake_dag.py                           1           0  3.73s           2026-05-10T07:53:18
================================================================================
[2026-05-10T07:54:14.423+0000] {manager.py:878} INFO - 
================================================================================
DAG File Processing Stats

File Path                                    PID    Runtime      # DAGs    # Errors  Last Runtime    Last Run
-------------------------------------------  -----  ---------  --------  ----------  --------------  -------------------
/opt/airflow/dags/minio_to_snowflake_dag.py                           1           0  1.33s           2026-05-10T07:53:50
================================================================================
[2026-05-10T07:54:44.655+0000] {manager.py:878} INFO - 
================================================================================
DAG File Processing Stats

File Path                                    PID    Runtime      # DAGs    # Errors  Last Runtime    Last Run
-------------------------------------------  -----  ---------  --------  ----------  --------------  -------------------
/opt/airflow/dags/minio_to_snowflake_dag.py                           1           0  1.24s           2026-05-10T07:54:21
================================================================================
[2026-05-10T07:55:07.025+0000] {manager.py:737} INFO - Searching for files in /opt/airflow/dags
[2026-05-10T07:55:07.070+0000] {manager.py:740} INFO - There are 1 files in /opt/airflow/dags
[2026-05-10T07:55:15.161+0000] {manager.py:878} INFO - 
================================================================================
DAG File Processing Stats

File Path                                    PID    Runtime      # DAGs    # Errors  Last Runtime    Last Run
-------------------------------------------  -----  ---------  --------  ----------  --------------  -------------------
/opt/airflow/dags/minio_to_snowflake_dag.py                           1           0  1.14s           2026-05-10T07:54:53
================================================================================
[2026-05-10T07:55:45.415+0000] {manager.py:878} INFO - 
================================================================================
DAG File Processing Stats

File Path                                    PID    Runtime      # DAGs    # Errors  Last Runtime    Last Run
-------------------------------------------  -----  ---------  --------  ----------  --------------  -------------------
/opt/airflow/dags/minio_to_snowflake_dag.py                           1           0  1.15s           2026-05-10T07:55:24
================================================================================
[2026-05-10T07:56:15.661+0000] {manager.py:878} INFO - 
================================================================================
DAG File Processing Stats

File Path                                    PID    Runtime      # DAGs    # Errors  Last Runtime    Last Run
-------------------------------------------  -----  ---------  --------  ----------  --------------  -------------------
/opt/airflow/dags/minio_to_snowflake_dag.py                           1           0  1.07s           2026-05-10T07:55:55
================================================================================
[2026-05-10T07:56:45.916+0000] {manager.py:878} INFO - 
================================================================================
DAG File Processing Stats

File Path                                    PID    Runtime      # DAGs    # Errors  Last Runtime    Last Run
-------------------------------------------  -----  ---------  --------  ----------  --------------  -------------------
/opt/airflow/dags/minio_to_snowflake_dag.py                           1           0  1.12s           2026-05-10T07:56:26
================================================================================
[2026-05-10T07:57:16.273+0000] {manager.py:878} INFO - 
================================================================================
DAG File Processing Stats

File Path                                    PID    Runtime      # DAGs    # Errors  Last Runtime    Last Run
-------------------------------------------  -----  ---------  --------  ----------  --------------  -------------------
/opt/airflow/dags/minio_to_snowflake_dag.py                           1           0  1.39s           2026-05-10T07:56:58
================================================================================
[2026-05-10T07:57:46.529+0000] {manager.py:878} INFO - 
================================================================================
DAG File Processing Stats

File Path                                    PID    Runtime      # DAGs    # Errors  Last Runtime    Last Run
-------------------------------------------  -----  ---------  --------  ----------  --------------  -------------------
/opt/airflow/dags/minio_to_snowflake_dag.py                           1           0  2.63s           2026-05-10T07:57:31
================================================================================
[2026-05-10T07:58:16.622+0000] {manager.py:878} INFO - 
================================================================================
DAG File Processing Stats

File Path                                    PID    Runtime      # DAGs    # Errors  Last Runtime    Last Run
-------------------------------------------  -----  ---------  --------  ----------  --------------  -------------------
/opt/airflow/dags/minio_to_snowflake_dag.py                           1           0  1.66s           2026-05-10T07:58:03
================================================================================
[2026-05-10T07:58:47.261+0000] {manager.py:878} INFO - 
================================================================================
DAG File Processing Stats

File Path                                    PID    Runtime      # DAGs    # Errors  Last Runtime    Last Run
-------------------------------------------  -----  ---------  --------  ----------  --------------  -------------------
/opt/airflow/dags/minio_to_snowflake_dag.py                           1           0  3.34s           2026-05-10T07:58:37
================================================================================
[2026-05-10T07:59:17.300+0000] {manager.py:878} INFO - 
================================================================================
DAG File Processing Stats

File Path                                    PID    Runtime      # DAGs    # Errors  Last Runtime    Last Run
-------------------------------------------  -----  ---------  --------  ----------  --------------  -------------------
/opt/airflow/dags/minio_to_snowflake_dag.py                           1           0  2.80s           2026-05-10T07:59:10
================================================================================
[2026-05-10T07:59:47.796+0000] {manager.py:878} INFO - 
================================================================================
DAG File Processing Stats

File Path                                    PID    Runtime      # DAGs    # Errors  Last Runtime    Last Run
-------------------------------------------  -----  ---------  --------  ----------  --------------  -------------------
/opt/airflow/dags/minio_to_snowflake_dag.py                           1           0  1.70s           2026-05-10T07:59:42
================================================================================
[2026-05-10T08:00:07.409+0000] {manager.py:737} INFO - Searching for files in /opt/airflow/dags
[2026-05-10T08:00:07.464+0000] {manager.py:740} INFO - There are 1 files in /opt/airflow/dags
[2026-05-10T08:00:18.107+0000] {manager.py:878} INFO - 
================================================================================
DAG File Processing Stats

File Path                                    PID    Runtime      # DAGs    # Errors  Last Runtime    Last Run
-------------------------------------------  -----  ---------  --------  ----------  --------------  -------------------
/opt/airflow/dags/minio_to_snowflake_dag.py                           1           0  2.66s           2026-05-10T08:00:15
================================================================================
[2026-05-10T08:00:48.369+0000] {manager.py:878} INFO - 
================================================================================
DAG File Processing Stats

File Path                                    PID    Runtime      # DAGs    # Errors  Last Runtime    Last Run
-------------------------------------------  -----  ---------  --------  ----------  --------------  -------------------
/opt/airflow/dags/minio_to_snowflake_dag.py                           1           0  1.91s           2026-05-10T08:00:47
================================================================================
[2026-05-10T08:01:18.640+0000] {manager.py:878} INFO - 
================================================================================
DAG File Processing Stats

File Path                                      PID  Runtime      # DAGs    # Errors  Last Runtime    Last Run
-------------------------------------------  -----  ---------  --------  ----------  --------------  -------------------
/opt/airflow/dags/minio_to_snowflake_dag.py   4831  1.03s             1           0  1.91s           2026-05-10T08:00:47
================================================================================
[2026-05-10T08:01:49.124+0000] {manager.py:878} INFO - 
================================================================================
DAG File Processing Stats

File Path                                    PID    Runtime      # DAGs    # Errors  Last Runtime    Last Run
-------------------------------------------  -----  ---------  --------  ----------  --------------  -------------------
/opt/airflow/dags/minio_to_snowflake_dag.py                           1           0  2.79s           2026-05-10T08:01:20
================================================================================
[2026-05-10T08:02:19.239+0000] {manager.py:878} INFO - 
================================================================================
DAG File Processing Stats

File Path                                    PID    Runtime      # DAGs    # Errors  Last Runtime    Last Run
-------------------------------------------  -----  ---------  --------  ----------  --------------  -------------------
/opt/airflow/dags/minio_to_snowflake_dag.py                           1           0  1.42s           2026-05-10T08:01:52
================================================================================
[2026-05-10T08:02:49.476+0000] {manager.py:878} INFO - 
================================================================================
DAG File Processing Stats

File Path                                    PID    Runtime      # DAGs    # Errors  Last Runtime    Last Run
-------------------------------------------  -----  ---------  --------  ----------  --------------  -------------------
/opt/airflow/dags/minio_to_snowflake_dag.py                           1           0  1.09s           2026-05-10T08:02:23
================================================================================
[2026-05-10T08:03:19.743+0000] {manager.py:878} INFO - 
================================================================================
DAG File Processing Stats

File Path                                    PID    Runtime      # DAGs    # Errors  Last Runtime    Last Run
-------------------------------------------  -----  ---------  --------  ----------  --------------  -------------------
/opt/airflow/dags/minio_to_snowflake_dag.py                           1           0  1.20s           2026-05-10T08:02:54
================================================================================
[2026-05-10T08:03:50.026+0000] {manager.py:878} INFO - 
================================================================================
DAG File Processing Stats

File Path                                    PID    Runtime      # DAGs    # Errors  Last Runtime    Last Run
-------------------------------------------  -----  ---------  --------  ----------  --------------  -------------------
/opt/airflow/dags/minio_to_snowflake_dag.py                           1           0  1.07s           2026-05-10T08:03:25
================================================================================
[2026-05-10T08:04:20.318+0000] {manager.py:878} INFO - 
================================================================================
DAG File Processing Stats

File Path                                    PID    Runtime      # DAGs    # Errors  Last Runtime    Last Run
-------------------------------------------  -----  ---------  --------  ----------  --------------  -------------------
/opt/airflow/dags/minio_to_snowflake_dag.py                           1           0  2.23s           2026-05-10T08:03:58
================================================================================
[2026-05-10T08:04:50.734+0000] {manager.py:878} INFO - 
================================================================================
DAG File Processing Stats

File Path                                    PID    Runtime      # DAGs    # Errors  Last Runtime    Last Run
-------------------------------------------  -----  ---------  --------  ----------  --------------  -------------------
/opt/airflow/dags/minio_to_snowflake_dag.py                           1           0  1.39s           2026-05-10T08:04:29
================================================================================
[2026-05-10T08:05:08.061+0000] {manager.py:737} INFO - Searching for files in /opt/airflow/dags
[2026-05-10T08:05:08.107+0000] {manager.py:740} INFO - There are 1 files in /opt/airflow/dags
[2026-05-10T08:05:21.249+0000] {manager.py:878} INFO - 
================================================================================
DAG File Processing Stats

File Path                                    PID    Runtime      # DAGs    # Errors  Last Runtime    Last Run
-------------------------------------------  -----  ---------  --------  ----------  --------------  -------------------
/opt/airflow/dags/minio_to_snowflake_dag.py                           1           0  1.37s           2026-05-10T08:05:01
================================================================================
[2026-05-10T08:05:51.552+0000] {manager.py:878} INFO - 
================================================================================
DAG File Processing Stats

File Path                                    PID    Runtime      # DAGs    # Errors  Last Runtime    Last Run
-------------------------------------------  -----  ---------  --------  ----------  --------------  -------------------
/opt/airflow/dags/minio_to_snowflake_dag.py                           1           0  1.30s           2026-05-10T08:05:32
================================================================================
[2026-05-10T08:06:21.981+0000] {manager.py:878} INFO - 
================================================================================
DAG File Processing Stats

File Path                                    PID    Runtime      # DAGs    # Errors  Last Runtime    Last Run
-------------------------------------------  -----  ---------  --------  ----------  --------------  -------------------
/opt/airflow/dags/minio_to_snowflake_dag.py                           1           0  1.31s           2026-05-10T08:06:04
================================================================================
[2026-05-10T08:06:52.528+0000] {manager.py:878} INFO - 
================================================================================
DAG File Processing Stats

File Path                                    PID    Runtime      # DAGs    # Errors  Last Runtime    Last Run
-------------------------------------------  -----  ---------  --------  ----------  --------------  -------------------
/opt/airflow/dags/minio_to_snowflake_dag.py                           1           0  1.10s           2026-05-10T08:06:35
================================================================================
[2026-05-10T08:07:22.799+0000] {manager.py:878} INFO - 
================================================================================
DAG File Processing Stats

File Path                                    PID    Runtime      # DAGs    # Errors  Last Runtime    Last Run
-------------------------------------------  -----  ---------  --------  ----------  --------------  -------------------
/opt/airflow/dags/minio_to_snowflake_dag.py                           1           0  1.33s           2026-05-10T08:07:06
================================================================================
[2026-05-10T08:07:53.288+0000] {manager.py:878} INFO - 
================================================================================
DAG File Processing Stats

File Path                                    PID    Runtime      # DAGs    # Errors  Last Runtime    Last Run
-------------------------------------------  -----  ---------  --------  ----------  --------------  -------------------
/opt/airflow/dags/minio_to_snowflake_dag.py                           1           0  1.10s           2026-05-10T08:07:38
================================================================================
[2026-05-10T08:08:23.583+0000] {manager.py:878} INFO - 
================================================================================
DAG File Processing Stats

File Path                                    PID    Runtime      # DAGs    # Errors  Last Runtime    Last Run
-------------------------------------------  -----  ---------  --------  ----------  --------------  -------------------
/opt/airflow/dags/minio_to_snowflake_dag.py                           1           0  1.33s           2026-05-10T08:08:09
================================================================================
[2026-05-10T08:08:54.064+0000] {manager.py:878} INFO - 
================================================================================
DAG File Processing Stats

File Path                                    PID    Runtime      # DAGs    # Errors  Last Runtime    Last Run
-------------------------------------------  -----  ---------  --------  ----------  --------------  -------------------
/opt/airflow/dags/minio_to_snowflake_dag.py                           1           0  1.49s           2026-05-10T08:08:41
================================================================================
[2026-05-10T08:09:24.276+0000] {manager.py:878} INFO - 
================================================================================
DAG File Processing Stats

File Path                                    PID    Runtime      # DAGs    # Errors  Last Runtime    Last Run
-------------------------------------------  -----  ---------  --------  ----------  --------------  -------------------
/opt/airflow/dags/minio_to_snowflake_dag.py                           1           0  1.57s           2026-05-10T08:09:13
================================================================================
[2026-05-10T08:09:54.629+0000] {manager.py:878} INFO - 
================================================================================
DAG File Processing Stats

File Path                                    PID    Runtime      # DAGs    # Errors  Last Runtime    Last Run
-------------------------------------------  -----  ---------  --------  ----------  --------------  -------------------
/opt/airflow/dags/minio_to_snowflake_dag.py                           1           0  1.32s           2026-05-10T08:09:44
================================================================================
[2026-05-10T08:10:08.730+0000] {manager.py:737} INFO - Searching for files in /opt/airflow/dags
[2026-05-10T08:10:08.777+0000] {manager.py:740} INFO - There are 1 files in /opt/airflow/dags
[2026-05-10T08:10:24.650+0000] {manager.py:878} INFO - 
================================================================================
DAG File Processing Stats

File Path                                    PID    Runtime      # DAGs    # Errors  Last Runtime    Last Run
-------------------------------------------  -----  ---------  --------  ----------  --------------  -------------------
/opt/airflow/dags/minio_to_snowflake_dag.py                           1           0  1.62s           2026-05-10T08:10:16
================================================================================
[2026-05-10T08:10:55.283+0000] {manager.py:878} INFO - 
================================================================================
DAG File Processing Stats

File Path                                    PID    Runtime      # DAGs    # Errors  Last Runtime    Last Run
-------------------------------------------  -----  ---------  --------  ----------  --------------  -------------------
/opt/airflow/dags/minio_to_snowflake_dag.py                           1           0  1.50s           2026-05-10T08:10:48
================================================================================
[2026-05-10T08:11:25.688+0000] {manager.py:878} INFO - 
================================================================================
DAG File Processing Stats

File Path                                    PID    Runtime      # DAGs    # Errors  Last Runtime    Last Run
-------------------------------------------  -----  ---------  --------  ----------  --------------  -------------------
/opt/airflow/dags/minio_to_snowflake_dag.py                           1           0  1.73s           2026-05-10T08:11:20
================================================================================
[2026-05-10T08:11:55.954+0000] {manager.py:878} INFO - 
================================================================================
DAG File Processing Stats

File Path                                    PID    Runtime      # DAGs    # Errors  Last Runtime    Last Run
-------------------------------------------  -----  ---------  --------  ----------  --------------  -------------------
/opt/airflow/dags/minio_to_snowflake_dag.py                           1           0  1.55s           2026-05-10T08:11:52
================================================================================
[2026-05-10T08:12:26.267+0000] {manager.py:878} INFO - 
================================================================================
DAG File Processing Stats

File Path                                    PID    Runtime      # DAGs    # Errors  Last Runtime    Last Run
-------------------------------------------  -----  ---------  --------  ----------  --------------  -------------------
/opt/airflow/dags/minio_to_snowflake_dag.py                           1           0  1.39s           2026-05-10T08:12:23
================================================================================
[2026-05-10T08:12:56.827+0000] {manager.py:878} INFO - 
================================================================================
DAG File Processing Stats

File Path                                    PID    Runtime      # DAGs    # Errors  Last Runtime    Last Run
-------------------------------------------  -----  ---------  --------  ----------  --------------  -------------------
/opt/airflow/dags/minio_to_snowflake_dag.py                           1           0  1.15s           2026-05-10T08:12:54
================================================================================
[2026-05-10T08:13:27.057+0000] {manager.py:878} INFO - 
================================================================================
DAG File Processing Stats

File Path                                    PID    Runtime      # DAGs    # Errors  Last Runtime    Last Run
-------------------------------------------  -----  ---------  --------  ----------  --------------  -------------------
/opt/airflow/dags/minio_to_snowflake_dag.py                           1           0  1.04s           2026-05-10T08:13:26
================================================================================
[2026-05-10T08:13:57.310+0000] {manager.py:878} INFO - 
================================================================================
DAG File Processing Stats

File Path                                      PID  Runtime      # DAGs    # Errors  Last Runtime    Last Run
-------------------------------------------  -----  ---------  --------  ----------  --------------  -------------------
/opt/airflow/dags/minio_to_snowflake_dag.py   5648  1.02s             1           0  1.04s           2026-05-10T08:13:26
================================================================================
[2026-05-10T08:14:27.548+0000] {manager.py:878} INFO - 
================================================================================
DAG File Processing Stats

File Path                                      PID  Runtime      # DAGs    # Errors  Last Runtime    Last Run
-------------------------------------------  -----  ---------  --------  ----------  --------------  -------------------
/opt/airflow/dags/minio_to_snowflake_dag.py   5711  0.01s             1           0  1.08s           2026-05-10T08:13:57
================================================================================
[2026-05-10T08:14:57.783+0000] {manager.py:878} INFO - 
================================================================================
DAG File Processing Stats

File Path                                    PID    Runtime      # DAGs    # Errors  Last Runtime    Last Run
-------------------------------------------  -----  ---------  --------  ----------  --------------  -------------------
/opt/airflow/dags/minio_to_snowflake_dag.py                           1           0  1.05s           2026-05-10T08:14:28
================================================================================
[2026-05-10T08:15:08.894+0000] {manager.py:737} INFO - Searching for files in /opt/airflow/dags
[2026-05-10T08:15:08.931+0000] {manager.py:740} INFO - There are 1 files in /opt/airflow/dags
[2026-05-10T08:15:28.100+0000] {manager.py:878} INFO - 
================================================================================
DAG File Processing Stats

File Path                                    PID    Runtime      # DAGs    # Errors  Last Runtime    Last Run
-------------------------------------------  -----  ---------  --------  ----------  --------------  -------------------
/opt/airflow/dags/minio_to_snowflake_dag.py                           1           0  1.14s           2026-05-10T08:14:59
================================================================================
[2026-05-10T08:15:58.358+0000] {manager.py:878} INFO - 
================================================================================
DAG File Processing Stats

File Path                                    PID    Runtime      # DAGs    # Errors  Last Runtime    Last Run
-------------------------------------------  -----  ---------  --------  ----------  --------------  -------------------
/opt/airflow/dags/minio_to_snowflake_dag.py                           1           0  1.07s           2026-05-10T08:15:31
================================================================================
[2026-05-10T08:16:28.613+0000] {manager.py:878} INFO - 
================================================================================
DAG File Processing Stats

File Path                                    PID    Runtime      # DAGs    # Errors  Last Runtime    Last Run
-------------------------------------------  -----  ---------  --------  ----------  --------------  -------------------
/opt/airflow/dags/minio_to_snowflake_dag.py                           1           0  1.31s           2026-05-10T08:16:02
================================================================================
[2026-05-10T08:16:58.839+0000] {manager.py:878} INFO - 
================================================================================
DAG File Processing Stats

File Path                                    PID    Runtime      # DAGs    # Errors  Last Runtime    Last Run
-------------------------------------------  -----  ---------  --------  ----------  --------------  -------------------
/opt/airflow/dags/minio_to_snowflake_dag.py                           1           0  1.61s           2026-05-10T08:16:34
================================================================================
[2026-05-10T08:17:29.114+0000] {manager.py:878} INFO - 
================================================================================
DAG File Processing Stats

File Path                                    PID    Runtime      # DAGs    # Errors  Last Runtime    Last Run
-------------------------------------------  -----  ---------  --------  ----------  --------------  -------------------
/opt/airflow/dags/minio_to_snowflake_dag.py                           1           0  1.41s           2026-05-10T08:17:06
================================================================================
[2026-05-10T08:17:59.737+0000] {manager.py:878} INFO - 
================================================================================
DAG File Processing Stats

File Path                                    PID    Runtime      # DAGs    # Errors  Last Runtime    Last Run
-------------------------------------------  -----  ---------  --------  ----------  --------------  -------------------
/opt/airflow/dags/minio_to_snowflake_dag.py                           1           0  1.27s           2026-05-10T08:17:37
================================================================================
[2026-05-10T08:18:29.979+0000] {manager.py:878} INFO - 
================================================================================
DAG File Processing Stats

File Path                                    PID    Runtime      # DAGs    # Errors  Last Runtime    Last Run
-------------------------------------------  -----  ---------  --------  ----------  --------------  -------------------
/opt/airflow/dags/minio_to_snowflake_dag.py                           1           0  1.94s           2026-05-10T08:18:10
================================================================================
[2026-05-10T08:19:00.178+0000] {manager.py:878} INFO - 
================================================================================
DAG File Processing Stats

File Path                                    PID    Runtime      # DAGs    # Errors  Last Runtime    Last Run
-------------------------------------------  -----  ---------  --------  ----------  --------------  -------------------
/opt/airflow/dags/minio_to_snowflake_dag.py                           1           0  1.89s           2026-05-10T08:18:41
================================================================================
[2026-05-10T08:19:30.482+0000] {manager.py:878} INFO - 
================================================================================
DAG File Processing Stats

File Path                                    PID    Runtime      # DAGs    # Errors  Last Runtime    Last Run
-------------------------------------------  -----  ---------  --------  ----------  --------------  -------------------
/opt/airflow/dags/minio_to_snowflake_dag.py                           1           0  2.07s           2026-05-10T08:19:14
================================================================================
[2026-05-10T08:20:00.760+0000] {manager.py:878} INFO - 
================================================================================
DAG File Processing Stats

File Path                                    PID    Runtime      # DAGs    # Errors  Last Runtime    Last Run
-------------------------------------------  -----  ---------  --------  ----------  --------------  -------------------
/opt/airflow/dags/minio_to_snowflake_dag.py                           1           0  1.53s           2026-05-10T08:19:46
================================================================================
[2026-05-10T08:20:09.337+0000] {manager.py:737} INFO - Searching for files in /opt/airflow/dags
[2026-05-10T08:20:09.398+0000] {manager.py:740} INFO - There are 1 files in /opt/airflow/dags
[2026-05-10T08:20:31.031+0000] {manager.py:878} INFO - 
================================================================================
DAG File Processing Stats

File Path                                    PID    Runtime      # DAGs    # Errors  Last Runtime    Last Run
-------------------------------------------  -----  ---------  --------  ----------  --------------  -------------------
/opt/airflow/dags/minio_to_snowflake_dag.py                           1           0  2.43s           2026-05-10T08:20:18
================================================================================
[2026-05-10T08:21:01.287+0000] {manager.py:878} INFO - 
================================================================================
DAG File Processing Stats

File Path                                    PID    Runtime      # DAGs    # Errors  Last Runtime    Last Run
-------------------------------------------  -----  ---------  --------  ----------  --------------  -------------------
/opt/airflow/dags/minio_to_snowflake_dag.py                           1           0  1.30s           2026-05-10T08:20:50
================================================================================
[2026-05-10T08:21:31.737+0000] {manager.py:878} INFO - 
================================================================================
DAG File Processing Stats

File Path                                    PID    Runtime      # DAGs    # Errors  Last Runtime    Last Run
-------------------------------------------  -----  ---------  --------  ----------  --------------  -------------------
/opt/airflow/dags/minio_to_snowflake_dag.py                           1           0  2.90s           2026-05-10T08:21:23
================================================================================
[2026-05-10T08:22:02.174+0000] {manager.py:878} INFO - 
================================================================================
DAG File Processing Stats

File Path                                    PID    Runtime      # DAGs    # Errors  Last Runtime    Last Run
-------------------------------------------  -----  ---------  --------  ----------  --------------  -------------------
/opt/airflow/dags/minio_to_snowflake_dag.py                           1           0  1.65s           2026-05-10T08:21:55
================================================================================
[2026-05-10T08:22:32.906+0000] {manager.py:878} INFO - 
================================================================================
DAG File Processing Stats

File Path                                    PID    Runtime      # DAGs    # Errors  Last Runtime    Last Run
-------------------------------------------  -----  ---------  --------  ----------  --------------  -------------------
/opt/airflow/dags/minio_to_snowflake_dag.py                           1           0  1.08s           2026-05-10T08:22:26
================================================================================
[2026-05-10T08:23:03.178+0000] {manager.py:878} INFO - 
================================================================================
DAG File Processing Stats

File Path                                    PID    Runtime      # DAGs    # Errors  Last Runtime    Last Run
-------------------------------------------  -----  ---------  --------  ----------  --------------  -------------------
/opt/airflow/dags/minio_to_snowflake_dag.py                           1           0  1.38s           2026-05-10T08:22:58
================================================================================
[2026-05-10T08:23:33.760+0000] {manager.py:878} INFO - 
================================================================================
DAG File Processing Stats

File Path                                    PID    Runtime      # DAGs    # Errors  Last Runtime    Last Run
-------------------------------------------  -----  ---------  --------  ----------  --------------  -------------------
/opt/airflow/dags/minio_to_snowflake_dag.py                           1           0  2.11s           2026-05-10T08:23:30
================================================================================
[2026-05-10T08:24:04.145+0000] {manager.py:878} INFO - 
================================================================================
DAG File Processing Stats

File Path                                      PID  Runtime      # DAGs    # Errors  Last Runtime    Last Run
-------------------------------------------  -----  ---------  --------  ----------  --------------  -------------------
/opt/airflow/dags/minio_to_snowflake_dag.py   6320  3.15s             1           0  2.11s           2026-05-10T08:23:30
================================================================================
[2026-05-10T08:24:34.585+0000] {manager.py:878} INFO - 
================================================================================
DAG File Processing Stats

File Path                                      PID  Runtime      # DAGs    # Errors  Last Runtime    Last Run
-------------------------------------------  -----  ---------  --------  ----------  --------------  -------------------
/opt/airflow/dags/minio_to_snowflake_dag.py   6383  0.01s             1           0  3.41s           2026-05-10T08:24:04
================================================================================
[2026-05-10T08:25:04.817+0000] {manager.py:878} INFO - 
================================================================================
DAG File Processing Stats

File Path                                    PID    Runtime      # DAGs    # Errors  Last Runtime    Last Run
-------------------------------------------  -----  ---------  --------  ----------  --------------  -------------------
/opt/airflow/dags/minio_to_snowflake_dag.py                           1           0  2.02s           2026-05-10T08:24:36
================================================================================
[2026-05-10T08:25:09.681+0000] {manager.py:737} INFO - Searching for files in /opt/airflow/dags
[2026-05-10T08:25:09.729+0000] {manager.py:740} INFO - There are 1 files in /opt/airflow/dags
[2026-05-10T08:25:34.958+0000] {manager.py:878} INFO - 
================================================================================
DAG File Processing Stats

File Path                                    PID    Runtime      # DAGs    # Errors  Last Runtime    Last Run
-------------------------------------------  -----  ---------  --------  ----------  --------------  -------------------
/opt/airflow/dags/minio_to_snowflake_dag.py                           1           0  2.82s           2026-05-10T08:25:09
================================================================================
[2026-05-10T08:26:05.335+0000] {manager.py:878} INFO - 
================================================================================
DAG File Processing Stats

File Path                                    PID    Runtime      # DAGs    # Errors  Last Runtime    Last Run
-------------------------------------------  -----  ---------  --------  ----------  --------------  -------------------
/opt/airflow/dags/minio_to_snowflake_dag.py                           1           0  1.34s           2026-05-10T08:25:41
================================================================================
[2026-05-10T08:26:35.427+0000] {manager.py:878} INFO - 
================================================================================
DAG File Processing Stats

File Path                                    PID    Runtime      # DAGs    # Errors  Last Runtime    Last Run
-------------------------------------------  -----  ---------  --------  ----------  --------------  -------------------
/opt/airflow/dags/minio_to_snowflake_dag.py                           1           0  1.82s           2026-05-10T08:26:13
================================================================================
[2026-05-10T08:27:05.686+0000] {manager.py:878} INFO - 
================================================================================
DAG File Processing Stats

File Path                                    PID    Runtime      # DAGs    # Errors  Last Runtime    Last Run
-------------------------------------------  -----  ---------  --------  ----------  --------------  -------------------
/opt/airflow/dags/minio_to_snowflake_dag.py                           1           0  1.20s           2026-05-10T08:26:44
================================================================================
[2026-05-10T08:27:35.920+0000] {manager.py:878} INFO - 
================================================================================
DAG File Processing Stats

File Path                                    PID    Runtime      # DAGs    # Errors  Last Runtime    Last Run
-------------------------------------------  -----  ---------  --------  ----------  --------------  -------------------
/opt/airflow/dags/minio_to_snowflake_dag.py                           1           0  2.05s           2026-05-10T08:27:16
================================================================================
[2026-05-10T08:28:06.187+0000] {manager.py:878} INFO - 
================================================================================
DAG File Processing Stats

File Path                                    PID    Runtime      # DAGs    # Errors  Last Runtime    Last Run
-------------------------------------------  -----  ---------  --------  ----------  --------------  -------------------
/opt/airflow/dags/minio_to_snowflake_dag.py                           1           0  2.62s           2026-05-10T08:27:49
================================================================================
[2026-05-10T08:28:36.493+0000] {manager.py:878} INFO - 
================================================================================
DAG File Processing Stats

File Path                                    PID    Runtime      # DAGs    # Errors  Last Runtime    Last Run
-------------------------------------------  -----  ---------  --------  ----------  --------------  -------------------
/opt/airflow/dags/minio_to_snowflake_dag.py                           1           0  4.01s           2026-05-10T08:28:23
================================================================================
[2026-05-10T08:29:06.608+0000] {manager.py:878} INFO - 
================================================================================
DAG File Processing Stats

File Path                                    PID    Runtime      # DAGs    # Errors  Last Runtime    Last Run
-------------------------------------------  -----  ---------  --------  ----------  --------------  -------------------
/opt/airflow/dags/minio_to_snowflake_dag.py                           1           0  1.27s           2026-05-10T08:28:55
================================================================================
[2026-05-10T08:29:36.868+0000] {manager.py:878} INFO - 
================================================================================
DAG File Processing Stats

File Path                                    PID    Runtime      # DAGs    # Errors  Last Runtime    Last Run
-------------------------------------------  -----  ---------  --------  ----------  --------------  -------------------
/opt/airflow/dags/minio_to_snowflake_dag.py                           1           0  1.38s           2026-05-10T08:29:27
================================================================================
[2026-05-10T08:30:07.046+0000] {manager.py:878} INFO - 
================================================================================
DAG File Processing Stats

File Path                                    PID    Runtime      # DAGs    # Errors  Last Runtime    Last Run
-------------------------------------------  -----  ---------  --------  ----------  --------------  -------------------
/opt/airflow/dags/minio_to_snowflake_dag.py                           1           0  8.61s           2026-05-10T08:30:06
================================================================================
[2026-05-10T08:30:10.069+0000] {manager.py:737} INFO - Searching for files in /opt/airflow/dags
[2026-05-10T08:30:10.184+0000] {manager.py:740} INFO - There are 1 files in /opt/airflow/dags
[2026-05-10T08:30:37.565+0000] {manager.py:878} INFO - 
================================================================================
DAG File Processing Stats

File Path                                      PID  Runtime      # DAGs    # Errors  Last Runtime    Last Run
-------------------------------------------  -----  ---------  --------  ----------  --------------  -------------------
/opt/airflow/dags/minio_to_snowflake_dag.py   6784  1.03s             1           0  8.61s           2026-05-10T08:30:06
================================================================================
[2026-05-10T08:31:07.917+0000] {manager.py:878} INFO - 
================================================================================
DAG File Processing Stats

File Path                                    PID    Runtime      # DAGs    # Errors  Last Runtime    Last Run
-------------------------------------------  -----  ---------  --------  ----------  --------------  -------------------
/opt/airflow/dags/minio_to_snowflake_dag.py                           1           0  3.15s           2026-05-10T08:30:39
================================================================================
[2026-05-10T08:31:38.453+0000] {manager.py:878} INFO - 
================================================================================
DAG File Processing Stats

File Path                                    PID    Runtime      # DAGs    # Errors  Last Runtime    Last Run
-------------------------------------------  -----  ---------  --------  ----------  --------------  -------------------
/opt/airflow/dags/minio_to_snowflake_dag.py                           1           0  16.41s          2026-05-10T08:31:26
================================================================================
[2026-05-10T08:32:08.635+0000] {manager.py:878} INFO - 
================================================================================
DAG File Processing Stats

File Path                                    PID    Runtime      # DAGs    # Errors  Last Runtime    Last Run
-------------------------------------------  -----  ---------  --------  ----------  --------------  -------------------
/opt/airflow/dags/minio_to_snowflake_dag.py                           1           0  6.41s           2026-05-10T08:32:03
================================================================================
[2026-05-10T08:32:38.830+0000] {manager.py:878} INFO - 
================================================================================
DAG File Processing Stats

File Path                                    PID    Runtime      # DAGs    # Errors  Last Runtime    Last Run
-------------------------------------------  -----  ---------  --------  ----------  --------------  -------------------
/opt/airflow/dags/minio_to_snowflake_dag.py                           1           0  1.41s           2026-05-10T08:32:35
================================================================================
[2026-05-10T08:33:09.300+0000] {manager.py:878} INFO - 
================================================================================
DAG File Processing Stats

File Path                                    PID    Runtime      # DAGs    # Errors  Last Runtime    Last Run
-------------------------------------------  -----  ---------  --------  ----------  --------------  -------------------
/opt/airflow/dags/minio_to_snowflake_dag.py                           1           0  2.11s           2026-05-10T08:33:07
================================================================================
[2026-05-10T08:33:39.602+0000] {manager.py:878} INFO - 
================================================================================
DAG File Processing Stats

File Path                                    PID    Runtime      # DAGs    # Errors  Last Runtime    Last Run
-------------------------------------------  -----  ---------  --------  ----------  --------------  -------------------
/opt/airflow/dags/minio_to_snowflake_dag.py                           1           0  1.12s           2026-05-10T08:33:38
================================================================================
[2026-05-10T08:34:09.843+0000] {manager.py:878} INFO - 
================================================================================
DAG File Processing Stats

File Path                                      PID  Runtime      # DAGs    # Errors  Last Runtime    Last Run
-------------------------------------------  -----  ---------  --------  ----------  --------------  -------------------
/opt/airflow/dags/minio_to_snowflake_dag.py   7081  1.02s             1           0  1.12s           2026-05-10T08:33:38
================================================================================
[2026-05-10T08:34:40.079+0000] {manager.py:878} INFO - 
================================================================================
DAG File Processing Stats

File Path                                      PID  Runtime      # DAGs    # Errors  Last Runtime    Last Run
-------------------------------------------  -----  ---------  --------  ----------  --------------  -------------------
/opt/airflow/dags/minio_to_snowflake_dag.py   7112  0.01s             1           0  1.21s           2026-05-10T08:34:10
================================================================================
[2026-05-10T08:35:10.441+0000] {manager.py:737} INFO - Searching for files in /opt/airflow/dags
[2026-05-10T08:35:10.490+0000] {manager.py:740} INFO - There are 1 files in /opt/airflow/dags
[2026-05-10T08:35:10.529+0000] {manager.py:878} INFO - 
================================================================================
DAG File Processing Stats

File Path                                    PID    Runtime      # DAGs    # Errors  Last Runtime    Last Run
-------------------------------------------  -----  ---------  --------  ----------  --------------  -------------------
/opt/airflow/dags/minio_to_snowflake_dag.py                           1           0  1.21s           2026-05-10T08:34:41
================================================================================
[2026-05-10T08:35:40.762+0000] {manager.py:878} INFO - 
================================================================================
DAG File Processing Stats

File Path                                    PID    Runtime      # DAGs    # Errors  Last Runtime    Last Run
-------------------------------------------  -----  ---------  --------  ----------  --------------  -------------------
/opt/airflow/dags/minio_to_snowflake_dag.py                           1           0  2.57s           2026-05-10T08:35:14
================================================================================
[2026-05-10T08:36:10.990+0000] {manager.py:878} INFO - 
================================================================================
DAG File Processing Stats

File Path                                    PID    Runtime      # DAGs    # Errors  Last Runtime    Last Run
-------------------------------------------  -----  ---------  --------  ----------  --------------  -------------------
/opt/airflow/dags/minio_to_snowflake_dag.py                           1           0  1.51s           2026-05-10T08:35:45
================================================================================
[2026-05-10T08:36:41.218+0000] {manager.py:878} INFO - 
================================================================================
DAG File Processing Stats

File Path                                    PID    Runtime      # DAGs    # Errors  Last Runtime    Last Run
-------------------------------------------  -----  ---------  --------  ----------  --------------  -------------------
/opt/airflow/dags/minio_to_snowflake_dag.py                           1           0  1.43s           2026-05-10T08:36:17
================================================================================
[2026-05-10T08:37:11.893+0000] {manager.py:878} INFO - 
================================================================================
DAG File Processing Stats

File Path                                    PID    Runtime      # DAGs    # Errors  Last Runtime    Last Run
-------------------------------------------  -----  ---------  --------  ----------  --------------  -------------------
/opt/airflow/dags/minio_to_snowflake_dag.py                           1           0  1.28s           2026-05-10T08:36:48
================================================================================
[2026-05-10T08:37:42.335+0000] {manager.py:878} INFO - 
================================================================================
DAG File Processing Stats

File Path                                    PID    Runtime      # DAGs    # Errors  Last Runtime    Last Run
-------------------------------------------  -----  ---------  --------  ----------  --------------  -------------------
/opt/airflow/dags/minio_to_snowflake_dag.py                           1           0  1.45s           2026-05-10T08:37:20
================================================================================
[2026-05-10T08:38:12.420+0000] {manager.py:878} INFO - 
================================================================================
DAG File Processing Stats

File Path                                    PID    Runtime      # DAGs    # Errors  Last Runtime    Last Run
-------------------------------------------  -----  ---------  --------  ----------  --------------  -------------------
/opt/airflow/dags/minio_to_snowflake_dag.py                           1           0  1.44s           2026-05-10T08:37:52
================================================================================
[2026-05-10T08:38:42.809+0000] {manager.py:878} INFO - 
================================================================================
DAG File Processing Stats

File Path                                    PID    Runtime      # DAGs    # Errors  Last Runtime    Last Run
-------------------------------------------  -----  ---------  --------  ----------  --------------  -------------------
/opt/airflow/dags/minio_to_snowflake_dag.py                           1           0  2.03s           2026-05-10T08:38:24
================================================================================
[2026-05-10T08:39:13.458+0000] {manager.py:878} INFO - 
================================================================================
DAG File Processing Stats

File Path                                    PID    Runtime      # DAGs    # Errors  Last Runtime    Last Run
-------------------------------------------  -----  ---------  --------  ----------  --------------  -------------------
/opt/airflow/dags/minio_to_snowflake_dag.py                           1           0  2.59s           2026-05-10T08:38:57
================================================================================
[2026-05-10T08:39:43.854+0000] {manager.py:878} INFO - 
================================================================================
DAG File Processing Stats

File Path                                    PID    Runtime      # DAGs    # Errors  Last Runtime    Last Run
-------------------------------------------  -----  ---------  --------  ----------  --------------  -------------------
/opt/airflow/dags/minio_to_snowflake_dag.py                           1           0  2.21s           2026-05-10T08:39:29
================================================================================
[2026-05-10T08:40:10.651+0000] {manager.py:737} INFO - Searching for files in /opt/airflow/dags
[2026-05-10T08:40:10.696+0000] {manager.py:740} INFO - There are 1 files in /opt/airflow/dags
[2026-05-10T08:40:14.154+0000] {manager.py:878} INFO - 
================================================================================
DAG File Processing Stats

File Path                                    PID    Runtime      # DAGs    # Errors  Last Runtime    Last Run
-------------------------------------------  -----  ---------  --------  ----------  --------------  -------------------
/opt/airflow/dags/minio_to_snowflake_dag.py                           1           0  1.57s           2026-05-10T08:40:01
================================================================================
[2026-05-10T08:40:44.399+0000] {manager.py:878} INFO - 
================================================================================
DAG File Processing Stats

File Path                                    PID    Runtime      # DAGs    # Errors  Last Runtime    Last Run
-------------------------------------------  -----  ---------  --------  ----------  --------------  -------------------
/opt/airflow/dags/minio_to_snowflake_dag.py                           1           0  1.63s           2026-05-10T08:40:33
================================================================================
[2026-05-10T08:41:14.820+0000] {manager.py:878} INFO - 
================================================================================
DAG File Processing Stats

File Path                                    PID    Runtime      # DAGs    # Errors  Last Runtime    Last Run
-------------------------------------------  -----  ---------  --------  ----------  --------------  -------------------
/opt/airflow/dags/minio_to_snowflake_dag.py                           1           0  1.57s           2026-05-10T08:41:05
================================================================================
[2026-05-10T08:41:44.893+0000] {manager.py:878} INFO - 
================================================================================
DAG File Processing Stats

File Path                                    PID    Runtime      # DAGs    # Errors  Last Runtime    Last Run
-------------------------------------------  -----  ---------  --------  ----------  --------------  -------------------
/opt/airflow/dags/minio_to_snowflake_dag.py                           1           0  1.44s           2026-05-10T08:41:36
================================================================================
[2026-05-10T08:42:15.651+0000] {manager.py:878} INFO - 
================================================================================
DAG File Processing Stats

File Path                                    PID    Runtime      # DAGs    # Errors  Last Runtime    Last Run
-------------------------------------------  -----  ---------  --------  ----------  --------------  -------------------
/opt/airflow/dags/minio_to_snowflake_dag.py                           1           0  2.66s           2026-05-10T08:42:09
================================================================================
[2026-05-10T08:42:46.006+0000] {manager.py:878} INFO - 
================================================================================
DAG File Processing Stats

File Path                                    PID    Runtime      # DAGs    # Errors  Last Runtime    Last Run
-------------------------------------------  -----  ---------  --------  ----------  --------------  -------------------
/opt/airflow/dags/minio_to_snowflake_dag.py                           1           0  1.43s           2026-05-10T08:42:41
================================================================================
[2026-05-10T08:43:16.622+0000] {manager.py:878} INFO - 
================================================================================
DAG File Processing Stats

File Path                                    PID    Runtime      # DAGs    # Errors  Last Runtime    Last Run
-------------------------------------------  -----  ---------  --------  ----------  --------------  -------------------
/opt/airflow/dags/minio_to_snowflake_dag.py                           1           0  2.27s           2026-05-10T08:43:13
================================================================================
[2026-05-10T08:43:47.141+0000] {manager.py:878} INFO - 
================================================================================
DAG File Processing Stats

File Path                                    PID    Runtime      # DAGs    # Errors  Last Runtime    Last Run
-------------------------------------------  -----  ---------  --------  ----------  --------------  -------------------
/opt/airflow/dags/minio_to_snowflake_dag.py                           1           0  1.10s           2026-05-10T08:43:45
================================================================================
[2026-05-10T08:44:17.425+0000] {manager.py:878} INFO - 
================================================================================
DAG File Processing Stats

File Path                                    PID    Runtime      # DAGs    # Errors  Last Runtime    Last Run
-------------------------------------------  -----  ---------  --------  ----------  --------------  -------------------
/opt/airflow/dags/minio_to_snowflake_dag.py                           1           0  1.98s           2026-05-10T08:44:17
================================================================================
[2026-05-10T08:44:47.662+0000] {manager.py:878} INFO - 
================================================================================
DAG File Processing Stats

File Path                                      PID  Runtime      # DAGs    # Errors  Last Runtime    Last Run
-------------------------------------------  -----  ---------  --------  ----------  --------------  -------------------
/opt/airflow/dags/minio_to_snowflake_dag.py   7786  0.01s             1           0  1.98s           2026-05-10T08:44:17
================================================================================
[2026-05-10T08:45:10.850+0000] {manager.py:737} INFO - Searching for files in /opt/airflow/dags
[2026-05-10T08:45:10.895+0000] {manager.py:740} INFO - There are 1 files in /opt/airflow/dags
[2026-05-10T08:45:17.980+0000] {manager.py:878} INFO - 
================================================================================
DAG File Processing Stats

File Path                                    PID    Runtime      # DAGs    # Errors  Last Runtime    Last Run
-------------------------------------------  -----  ---------  --------  ----------  --------------  -------------------
/opt/airflow/dags/minio_to_snowflake_dag.py                           1           0  1.29s           2026-05-10T08:44:48
================================================================================
[2026-05-10T08:45:48.491+0000] {manager.py:878} INFO - 
================================================================================
DAG File Processing Stats

File Path                                    PID    Runtime      # DAGs    # Errors  Last Runtime    Last Run
-------------------------------------------  -----  ---------  --------  ----------  --------------  -------------------
/opt/airflow/dags/minio_to_snowflake_dag.py                           1           0  1.75s           2026-05-10T08:45:20
================================================================================
[2026-05-10T08:45:59.594+0000] {manager.py:452} INFO - Exiting gracefully upon receiving signal 15
[2026-05-10T08:47:33.063+0000] {manager.py:470} INFO - Processing files using up to 2 processes at a time 
[2026-05-10T08:47:33.068+0000] {manager.py:471} INFO - Process each file at most once every 30 seconds
[2026-05-10T08:47:33.072+0000] {manager.py:472} INFO - Checking for new files in /opt/airflow/dags every 300 seconds
[2026-05-10T08:47:33.075+0000] {manager.py:737} INFO - Searching for files in /opt/airflow/dags
[2026-05-10T08:47:33.162+0000] {manager.py:740} INFO - There are 1 files in /opt/airflow/dags
[2026-05-10T08:47:34.881+0000] {manager.py:878} INFO - 
================================================================================
DAG File Processing Stats

File Path                                      PID  Runtime      # DAGs    # Errors  Last Runtime    Last Run
-------------------------------------------  -----  ---------  --------  ----------  --------------  ----------
/opt/airflow/dags/minio_to_snowflake_dag.py     26  0.98s             0           0
================================================================================
[2026-05-10T08:48:04.957+0000] {manager.py:878} INFO - 
================================================================================
DAG File Processing Stats

File Path                                    PID    Runtime      # DAGs    # Errors  Last Runtime    Last Run
-------------------------------------------  -----  ---------  --------  ----------  --------------  -------------------
/opt/airflow/dags/minio_to_snowflake_dag.py                           1           0  25.24s          2026-05-10T08:47:59
================================================================================
[2026-05-10T08:48:35.359+0000] {manager.py:878} INFO - 
================================================================================
DAG File Processing Stats

File Path                                      PID  Runtime      # DAGs    # Errors  Last Runtime    Last Run
-------------------------------------------  -----  ---------  --------  ----------  --------------  -------------------
/opt/airflow/dags/minio_to_snowflake_dag.py    112  6.14s             1           0  25.24s          2026-05-10T08:47:59
================================================================================
[2026-05-10T08:49:05.443+0000] {manager.py:878} INFO - 
================================================================================
DAG File Processing Stats

File Path                                    PID    Runtime      # DAGs    # Errors  Last Runtime    Last Run
-------------------------------------------  -----  ---------  --------  ----------  --------------  -------------------
/opt/airflow/dags/minio_to_snowflake_dag.py                           1           0  7.02s           2026-05-10T08:48:36
================================================================================
[2026-05-10T08:49:35.616+0000] {manager.py:878} INFO - 
================================================================================
DAG File Processing Stats

File Path                                    PID    Runtime      # DAGs    # Errors  Last Runtime    Last Run
-------------------------------------------  -----  ---------  --------  ----------  --------------  -------------------
/opt/airflow/dags/minio_to_snowflake_dag.py                           1           0  2.96s           2026-05-10T08:49:09
================================================================================
[2026-05-10T08:50:05.637+0000] {manager.py:878} INFO - 
================================================================================
DAG File Processing Stats

File Path                                    PID    Runtime      # DAGs    # Errors  Last Runtime    Last Run
-------------------------------------------  -----  ---------  --------  ----------  --------------  -------------------
/opt/airflow/dags/minio_to_snowflake_dag.py                           1           0  1.80s           2026-05-10T08:49:41
================================================================================
[2026-05-10T08:50:36.282+0000] {manager.py:878} INFO - 
================================================================================
DAG File Processing Stats

File Path                                    PID    Runtime      # DAGs    # Errors  Last Runtime    Last Run
-------------------------------------------  -----  ---------  --------  ----------  --------------  -------------------
/opt/airflow/dags/minio_to_snowflake_dag.py                           1           0  1.48s           2026-05-10T08:50:13
================================================================================
[2026-05-10T08:51:06.595+0000] {manager.py:878} INFO - 
================================================================================
DAG File Processing Stats

File Path                                    PID    Runtime      # DAGs    # Errors  Last Runtime    Last Run
-------------------------------------------  -----  ---------  --------  ----------  --------------  -------------------
/opt/airflow/dags/minio_to_snowflake_dag.py                           1           0  1.17s           2026-05-10T08:50:44
================================================================================
[2026-05-10T08:51:37.119+0000] {manager.py:878} INFO - 
================================================================================
DAG File Processing Stats

File Path                                    PID    Runtime      # DAGs    # Errors  Last Runtime    Last Run
-------------------------------------------  -----  ---------  --------  ----------  --------------  -------------------
/opt/airflow/dags/minio_to_snowflake_dag.py                           1           0  2.20s           2026-05-10T08:51:16
================================================================================
[2026-05-10T08:52:07.194+0000] {manager.py:878} INFO - 
================================================================================
DAG File Processing Stats

File Path                                    PID    Runtime      # DAGs    # Errors  Last Runtime    Last Run
-------------------------------------------  -----  ---------  --------  ----------  --------------  -------------------
/opt/airflow/dags/minio_to_snowflake_dag.py                           1           0  6.73s           2026-05-10T08:51:53
================================================================================
[2026-05-10T08:52:33.231+0000] {manager.py:737} INFO - Searching for files in /opt/airflow/dags
[2026-05-10T08:52:34.146+0000] {manager.py:740} INFO - There are 1 files in /opt/airflow/dags
[2026-05-10T08:52:36.831+0000] {manager.py:878} INFO - 
================================================================================
DAG File Processing Stats

File Path                                      PID  Runtime      # DAGs    # Errors  Last Runtime    Last Run
-------------------------------------------  -----  ---------  --------  ----------  --------------  -------------------
/opt/airflow/dags/minio_to_snowflake_dag.py    425  11.54s            1           0  6.73s           2026-05-10T08:51:53
================================================================================
[2026-05-10T08:53:08.161+0000] {manager.py:878} INFO - 
================================================================================
DAG File Processing Stats

File Path                                      PID  Runtime      # DAGs    # Errors  Last Runtime    Last Run
-------------------------------------------  -----  ---------  --------  ----------  --------------  -------------------
/opt/airflow/dags/minio_to_snowflake_dag.py    425  42.86s            1           0  6.73s           2026-05-10T08:51:53
================================================================================
[2026-05-10T08:53:38.863+0000] {manager.py:878} INFO - 
================================================================================
DAG File Processing Stats

File Path                                    PID    Runtime      # DAGs    # Errors  Last Runtime    Last Run
-------------------------------------------  -----  ---------  --------  ----------  --------------  -------------------
/opt/airflow/dags/minio_to_snowflake_dag.py                           1           0  45.16s          2026-05-10T08:53:10
================================================================================
[2026-05-10T08:54:12.032+0000] {manager.py:878} INFO - 
================================================================================
DAG File Processing Stats

File Path                                      PID  Runtime      # DAGs    # Errors  Last Runtime    Last Run
-------------------------------------------  -----  ---------  --------  ----------  --------------  -------------------
/opt/airflow/dags/minio_to_snowflake_dag.py    451  27.88s            1           0  45.16s          2026-05-10T08:53:10
================================================================================
[2026-05-10T08:54:34.323+0000] {manager.py:1203} ERROR - Processor for /opt/airflow/dags/minio_to_snowflake_dag.py with PID 451 started at 2026-05-10T08:53:44.087121+00:00 has timed out, killing it.
[2026-05-10T08:54:42.342+0000] {manager.py:878} INFO - 
================================================================================
DAG File Processing Stats

File Path                                    PID    Runtime      # DAGs    # Errors  Last Runtime    Last Run
-------------------------------------------  -----  ---------  --------  ----------  --------------  -------------------
/opt/airflow/dags/minio_to_snowflake_dag.py                           0           1  50.22s          2026-05-10T08:54:34
================================================================================
[2026-05-10T08:55:12.369+0000] {manager.py:878} INFO - 
================================================================================
DAG File Processing Stats

File Path                                      PID  Runtime      # DAGs    # Errors  Last Runtime    Last Run
-------------------------------------------  -----  ---------  --------  ----------  --------------  -------------------
/opt/airflow/dags/minio_to_snowflake_dag.py    481  7.48s             0           1  50.22s          2026-05-10T08:54:34
================================================================================
[2026-05-10T08:55:42.570+0000] {manager.py:878} INFO - 
================================================================================
DAG File Processing Stats

File Path                                    PID    Runtime      # DAGs    # Errors  Last Runtime    Last Run
-------------------------------------------  -----  ---------  --------  ----------  --------------  -------------------
/opt/airflow/dags/minio_to_snowflake_dag.py                           1           0  32.54s          2026-05-10T08:55:37
================================================================================
[2026-05-10T08:56:13.142+0000] {manager.py:878} INFO - 
================================================================================
DAG File Processing Stats

File Path                                      PID  Runtime      # DAGs    # Errors  Last Runtime    Last Run
-------------------------------------------  -----  ---------  --------  ----------  --------------  -------------------
/opt/airflow/dags/minio_to_snowflake_dag.py    518  5.09s             1           0  32.54s          2026-05-10T08:55:37
================================================================================
[2026-05-10T08:56:43.158+0000] {manager.py:878} INFO - 
================================================================================
DAG File Processing Stats

File Path                                    PID    Runtime      # DAGs    # Errors  Last Runtime    Last Run
-------------------------------------------  -----  ---------  --------  ----------  --------------  -------------------
/opt/airflow/dags/minio_to_snowflake_dag.py                           1           0  22.03s          2026-05-10T08:56:29
================================================================================
[2026-05-10T08:57:13.749+0000] {manager.py:878} INFO - 
================================================================================
DAG File Processing Stats

File Path                                      PID  Runtime      # DAGs    # Errors  Last Runtime    Last Run
-------------------------------------------  -----  ---------  --------  ----------  --------------  -------------------
/opt/airflow/dags/minio_to_snowflake_dag.py    549  12.93s            1           0  22.03s          2026-05-10T08:56:29
================================================================================
[2026-05-10T08:57:33.526+0000] {manager.py:737} INFO - Searching for files in /opt/airflow/dags
[2026-05-10T08:57:33.842+0000] {manager.py:740} INFO - There are 2 files in /opt/airflow/dags
[2026-05-10T08:57:44.316+0000] {manager.py:878} INFO - 
================================================================================
DAG File Processing Stats

File Path                                    PID    Runtime      # DAGs    # Errors  Last Runtime    Last Run
-------------------------------------------  -----  ---------  --------  ----------  --------------  -------------------
/opt/airflow/dags/minio_to_snowflake_dag.py                           1           0  36.36s          2026-05-10T08:57:37
/opt/airflow/dags/scd_snapshots.py                                    1           0  3.97s           2026-05-10T08:57:38
================================================================================
[2026-05-10T08:58:14.844+0000] {manager.py:878} INFO - 
================================================================================
DAG File Processing Stats

File Path                                      PID  Runtime      # DAGs    # Errors  Last Runtime    Last Run
-------------------------------------------  -----  ---------  --------  ----------  --------------  -------------------
/opt/airflow/dags/minio_to_snowflake_dag.py    595  6.89s             1           0  36.36s          2026-05-10T08:57:37
/opt/airflow/dags/scd_snapshots.py                                    1           0  0.73s           2026-05-10T08:58:09
================================================================================
[2026-05-10T08:58:45.168+0000] {manager.py:878} INFO - 
================================================================================
DAG File Processing Stats

File Path                                    PID    Runtime      # DAGs    # Errors  Last Runtime    Last Run
-------------------------------------------  -----  ---------  --------  ----------  --------------  -------------------
/opt/airflow/dags/minio_to_snowflake_dag.py                           1           0  8.93s           2026-05-10T08:58:16
/opt/airflow/dags/scd_snapshots.py                                    1           0  0.39s           2026-05-10T08:58:40
================================================================================
[2026-05-10T08:59:15.858+0000] {manager.py:878} INFO - 
================================================================================
DAG File Processing Stats

File Path                                    PID    Runtime      # DAGs    # Errors  Last Runtime    Last Run
-------------------------------------------  -----  ---------  --------  ----------  --------------  -------------------
/opt/airflow/dags/minio_to_snowflake_dag.py                           1           0  4.45s           2026-05-10T08:58:51
/opt/airflow/dags/scd_snapshots.py                                    1           0  0.25s           2026-05-10T08:59:11
================================================================================
[2026-05-10T08:59:46.489+0000] {manager.py:878} INFO - 
================================================================================
DAG File Processing Stats

File Path                                    PID    Runtime      # DAGs    # Errors  Last Runtime    Last Run
-------------------------------------------  -----  ---------  --------  ----------  --------------  -------------------
/opt/airflow/dags/minio_to_snowflake_dag.py                           1           0  3.74s           2026-05-10T08:59:25
/opt/airflow/dags/scd_snapshots.py                                    1           0  0.29s           2026-05-10T08:59:41
================================================================================
[2026-05-10T09:00:16.962+0000] {manager.py:878} INFO - 
================================================================================
DAG File Processing Stats

File Path                                    PID    Runtime      # DAGs    # Errors  Last Runtime    Last Run
-------------------------------------------  -----  ---------  --------  ----------  --------------  -------------------
/opt/airflow/dags/minio_to_snowflake_dag.py                           1           0  2.86s           2026-05-10T08:59:58
/opt/airflow/dags/scd_snapshots.py                                    1           0  0.34s           2026-05-10T09:00:12
================================================================================
[2026-05-10T09:00:47.014+0000] {manager.py:878} INFO - 
================================================================================
DAG File Processing Stats

File Path                                    PID    Runtime      # DAGs    # Errors  Last Runtime    Last Run
-------------------------------------------  -----  ---------  --------  ----------  --------------  -------------------
/opt/airflow/dags/minio_to_snowflake_dag.py                           1           0  5.53s           2026-05-10T09:00:34
/opt/airflow/dags/scd_snapshots.py                                    1           0  0.37s           2026-05-10T09:00:43
================================================================================
[2026-05-10T09:01:17.814+0000] {manager.py:878} INFO - 
================================================================================
DAG File Processing Stats

File Path                                    PID    Runtime      # DAGs    # Errors  Last Runtime    Last Run
-------------------------------------------  -----  ---------  --------  ----------  --------------  -------------------
/opt/airflow/dags/minio_to_snowflake_dag.py                           1           0  3.96s           2026-05-10T09:01:09
/opt/airflow/dags/scd_snapshots.py                                    1           0  0.45s           2026-05-10T09:01:13
================================================================================
[2026-05-10T09:01:48.244+0000] {manager.py:878} INFO - 
================================================================================
DAG File Processing Stats

File Path                                    PID    Runtime      # DAGs    # Errors  Last Runtime    Last Run
-------------------------------------------  -----  ---------  --------  ----------  --------------  -------------------
/opt/airflow/dags/minio_to_snowflake_dag.py                           1           0  1.69s           2026-05-10T09:01:41
/opt/airflow/dags/scd_snapshots.py                                    1           0  0.31s           2026-05-10T09:01:44
================================================================================
[2026-05-10T09:02:18.947+0000] {manager.py:878} INFO - 
================================================================================
DAG File Processing Stats

File Path                                      PID  Runtime      # DAGs    # Errors  Last Runtime    Last Run
-------------------------------------------  -----  ---------  --------  ----------  --------------  -------------------
/opt/airflow/dags/scd_snapshots.py                                    1           0  2.19s           2026-05-10T09:02:16
/opt/airflow/dags/minio_to_snowflake_dag.py   1024  7.02s             1           0  1.69s           2026-05-10T09:01:41
================================================================================
[2026-05-10T09:02:34.168+0000] {manager.py:737} INFO - Searching for files in /opt/airflow/dags
[2026-05-10T09:02:34.245+0000] {manager.py:740} INFO - There are 2 files in /opt/airflow/dags
[2026-05-10T09:02:49.084+0000] {manager.py:878} INFO - 
================================================================================
DAG File Processing Stats

File Path                                    PID    Runtime      # DAGs    # Errors  Last Runtime    Last Run
-------------------------------------------  -----  ---------  --------  ----------  --------------  -------------------
/opt/airflow/dags/minio_to_snowflake_dag.py                           1           0  11.07s          2026-05-10T09:02:22
/opt/airflow/dags/scd_snapshots.py                                    1           0  0.57s           2026-05-10T09:02:48
================================================================================
[2026-05-10T09:03:19.310+0000] {manager.py:878} INFO - 
================================================================================
DAG File Processing Stats

File Path                                    PID    Runtime      # DAGs    # Errors  Last Runtime    Last Run
-------------------------------------------  -----  ---------  --------  ----------  --------------  -------------------
/opt/airflow/dags/minio_to_snowflake_dag.py                           1           0  3.68s           2026-05-10T09:02:56
/opt/airflow/dags/scd_snapshots.py                                    1           0  0.43s           2026-05-10T09:03:19
================================================================================
[2026-05-10T09:03:49.785+0000] {manager.py:878} INFO - 
================================================================================
DAG File Processing Stats

File Path                                      PID  Runtime      # DAGs    # Errors  Last Runtime    Last Run
-------------------------------------------  -----  ---------  --------  ----------  --------------  -------------------
/opt/airflow/dags/minio_to_snowflake_dag.py                           1           0  1.81s           2026-05-10T09:03:28
/opt/airflow/dags/scd_snapshots.py            1171  0.01s             1           0  0.43s           2026-05-10T09:03:19
================================================================================
[2026-05-10T17:17:11.728+0000] {manager.py:737} INFO - Searching for files in /opt/airflow/dags
[2026-05-10T17:17:12.776+0000] {manager.py:740} INFO - There are 2 files in /opt/airflow/dags
[2026-05-10T17:17:14.340+0000] {manager.py:878} INFO - 
================================================================================
DAG File Processing Stats

File Path                                      PID  Runtime      # DAGs    # Errors  Last Runtime    Last Run
-------------------------------------------  -----  ---------  --------  ----------  --------------  -------------------
/opt/airflow/dags/minio_to_snowflake_dag.py   1175  0.23s             1           0  1.81s           2026-05-10T09:03:28
/opt/airflow/dags/scd_snapshots.py            1174  0.88s             1           0  0.39s           2026-05-10T09:03:50
================================================================================
[2026-05-10T17:17:44.602+0000] {manager.py:878} INFO - 
================================================================================
DAG File Processing Stats

File Path                                    PID    Runtime      # DAGs    # Errors  Last Runtime    Last Run
-------------------------------------------  -----  ---------  --------  ----------  --------------  -------------------
/opt/airflow/dags/minio_to_snowflake_dag.py                           1           0  24.56s          2026-05-10T17:17:38
/opt/airflow/dags/scd_snapshots.py                                    1           0  5.14s           2026-05-10T17:17:18
================================================================================
[2026-05-10T17:18:15.027+0000] {manager.py:878} INFO - 
================================================================================
DAG File Processing Stats

File Path                                      PID  Runtime      # DAGs    # Errors  Last Runtime    Last Run
-------------------------------------------  -----  ---------  --------  ----------  --------------  -------------------
/opt/airflow/dags/minio_to_snowflake_dag.py   1262  6.11s             1           0  24.56s          2026-05-10T17:17:38
/opt/airflow/dags/scd_snapshots.py                                    1           0  0.37s           2026-05-10T17:17:49
================================================================================
[2026-05-10T17:18:45.708+0000] {manager.py:878} INFO - 
================================================================================
DAG File Processing Stats

File Path                                    PID    Runtime      # DAGs    # Errors  Last Runtime    Last Run
-------------------------------------------  -----  ---------  --------  ----------  --------------  -------------------
/opt/airflow/dags/minio_to_snowflake_dag.py                           1           0  8.01s           2026-05-10T17:18:16
/opt/airflow/dags/scd_snapshots.py                                    1           0  0.27s           2026-05-10T17:18:19
================================================================================
[2026-05-10T17:19:15.842+0000] {manager.py:878} INFO - 
================================================================================
DAG File Processing Stats

File Path                                    PID    Runtime      # DAGs    # Errors  Last Runtime    Last Run
-------------------------------------------  -----  ---------  --------  ----------  --------------  -------------------
/opt/airflow/dags/minio_to_snowflake_dag.py                           1           0  3.81s           2026-05-10T17:18:51
/opt/airflow/dags/scd_snapshots.py                                    1           0  2.20s           2026-05-10T17:18:52
================================================================================
[2026-05-10T17:19:45.978+0000] {manager.py:878} INFO - 
================================================================================
DAG File Processing Stats

File Path                                    PID    Runtime      # DAGs    # Errors  Last Runtime    Last Run
-------------------------------------------  -----  ---------  --------  ----------  --------------  -------------------
/opt/airflow/dags/minio_to_snowflake_dag.py                           1           0  2.15s           2026-05-10T17:19:24
/opt/airflow/dags/scd_snapshots.py                                    1           0  0.33s           2026-05-10T17:19:22
================================================================================
[2026-05-10T17:20:16.511+0000] {manager.py:878} INFO - 
================================================================================
DAG File Processing Stats

File Path                                    PID    Runtime      # DAGs    # Errors  Last Runtime    Last Run
-------------------------------------------  -----  ---------  --------  ----------  --------------  -------------------
/opt/airflow/dags/minio_to_snowflake_dag.py                           1           0  1.81s           2026-05-10T17:19:56
/opt/airflow/dags/scd_snapshots.py                                    1           0  0.46s           2026-05-10T17:19:53
================================================================================
[2026-05-10T17:20:46.592+0000] {manager.py:878} INFO - 
================================================================================
DAG File Processing Stats

File Path                                    PID    Runtime      # DAGs    # Errors  Last Runtime    Last Run
-------------------------------------------  -----  ---------  --------  ----------  --------------  -------------------
/opt/airflow/dags/minio_to_snowflake_dag.py                           1           0  1.89s           2026-05-10T17:20:28
/opt/airflow/dags/scd_snapshots.py                                    1           0  0.79s           2026-05-10T17:20:24
================================================================================
[2026-05-10T17:21:16.621+0000] {manager.py:878} INFO - 
================================================================================
DAG File Processing Stats

File Path                                    PID    Runtime      # DAGs    # Errors  Last Runtime    Last Run
-------------------------------------------  -----  ---------  --------  ----------  --------------  -------------------
/opt/airflow/dags/minio_to_snowflake_dag.py                           1           0  3.32s           2026-05-10T17:21:01
/opt/airflow/dags/scd_snapshots.py                                    1           0  0.65s           2026-05-10T17:20:55
================================================================================
[2026-05-10T17:21:46.808+0000] {manager.py:878} INFO - 
================================================================================
DAG File Processing Stats

File Path                                    PID    Runtime      # DAGs    # Errors  Last Runtime    Last Run
-------------------------------------------  -----  ---------  --------  ----------  --------------  -------------------
/opt/airflow/dags/scd_snapshots.py                                    1           0  2.76s           2026-05-10T17:21:28
/opt/airflow/dags/minio_to_snowflake_dag.py                           1           0  2.29s           2026-05-10T17:21:34
================================================================================
[2026-05-10T17:22:11.853+0000] {manager.py:737} INFO - Searching for files in /opt/airflow/dags
[2026-05-10T17:22:11.930+0000] {manager.py:740} INFO - There are 2 files in /opt/airflow/dags
[2026-05-10T17:22:17.035+0000] {manager.py:878} INFO - 
================================================================================
DAG File Processing Stats

File Path                                    PID    Runtime      # DAGs    # Errors  Last Runtime    Last Run
-------------------------------------------  -----  ---------  --------  ----------  --------------  -------------------
/opt/airflow/dags/minio_to_snowflake_dag.py                           1           0  1.62s           2026-05-10T17:22:06
/opt/airflow/dags/scd_snapshots.py                                    1           0  0.36s           2026-05-10T17:21:59
================================================================================
[2026-05-10T17:22:47.336+0000] {manager.py:878} INFO - 
================================================================================
DAG File Processing Stats

File Path                                    PID    Runtime      # DAGs    # Errors  Last Runtime    Last Run
-------------------------------------------  -----  ---------  --------  ----------  --------------  -------------------
/opt/airflow/dags/minio_to_snowflake_dag.py                           1           0  1.92s           2026-05-10T17:22:38
/opt/airflow/dags/scd_snapshots.py                                    1           0  0.35s           2026-05-10T17:22:30
================================================================================
[2026-05-10T17:23:17.858+0000] {manager.py:878} INFO - 
================================================================================
DAG File Processing Stats

File Path                                    PID    Runtime      # DAGs    # Errors  Last Runtime    Last Run
-------------------------------------------  -----  ---------  --------  ----------  --------------  -------------------
/opt/airflow/dags/minio_to_snowflake_dag.py                           1           0  1.94s           2026-05-10T17:23:10
/opt/airflow/dags/scd_snapshots.py                                    1           0  0.33s           2026-05-10T17:23:00
================================================================================
[2026-05-10T17:23:48.435+0000] {manager.py:878} INFO - 
================================================================================
DAG File Processing Stats

File Path                                    PID    Runtime      # DAGs    # Errors  Last Runtime    Last Run
-------------------------------------------  -----  ---------  --------  ----------  --------------  -------------------
/opt/airflow/dags/minio_to_snowflake_dag.py                           1           0  2.20s           2026-05-10T17:23:43
/opt/airflow/dags/scd_snapshots.py                                    1           0  0.41s           2026-05-10T17:23:31
================================================================================
[2026-05-10T17:24:19.133+0000] {manager.py:878} INFO - 
================================================================================
DAG File Processing Stats

File Path                                    PID    Runtime      # DAGs    # Errors  Last Runtime    Last Run
-------------------------------------------  -----  ---------  --------  ----------  --------------  -------------------
/opt/airflow/dags/minio_to_snowflake_dag.py                           1           0  2.20s           2026-05-10T17:24:16
/opt/airflow/dags/scd_snapshots.py                                    1           0  0.30s           2026-05-10T17:24:01
================================================================================
[2026-05-10T17:24:49.537+0000] {manager.py:878} INFO - 
================================================================================
DAG File Processing Stats

File Path                                    PID    Runtime      # DAGs    # Errors  Last Runtime    Last Run
-------------------------------------------  -----  ---------  --------  ----------  --------------  -------------------
/opt/airflow/dags/minio_to_snowflake_dag.py                           1           0  1.87s           2026-05-10T17:24:48
/opt/airflow/dags/scd_snapshots.py                                    1           0  0.48s           2026-05-10T17:24:32
================================================================================
[2026-05-10T17:25:20.035+0000] {manager.py:878} INFO - 
================================================================================
DAG File Processing Stats

File Path                                      PID  Runtime      # DAGs    # Errors  Last Runtime    Last Run
-------------------------------------------  -----  ---------  --------  ----------  --------------  -------------------
/opt/airflow/dags/minio_to_snowflake_dag.py   1824  1.02s             1           0  1.87s           2026-05-10T17:24:48
/opt/airflow/dags/scd_snapshots.py                                    1           0  0.77s           2026-05-10T17:25:04
================================================================================
[2026-05-10T17:25:50.639+0000] {manager.py:878} INFO - 
================================================================================
DAG File Processing Stats

File Path                                    PID    Runtime      # DAGs    # Errors  Last Runtime    Last Run
-------------------------------------------  -----  ---------  --------  ----------  --------------  -------------------
/opt/airflow/dags/minio_to_snowflake_dag.py                           1           0  4.74s           2026-05-10T17:25:23
/opt/airflow/dags/scd_snapshots.py                                    1           0  0.35s           2026-05-10T17:25:34
================================================================================
[2026-05-10T17:26:21.617+0000] {manager.py:878} INFO - 
================================================================================
DAG File Processing Stats

File Path                                    PID    Runtime      # DAGs    # Errors  Last Runtime    Last Run
-------------------------------------------  -----  ---------  --------  ----------  --------------  -------------------
/opt/airflow/dags/minio_to_snowflake_dag.py                           1           0  2.70s           2026-05-10T17:25:56
/opt/airflow/dags/scd_snapshots.py                                    1           0  0.44s           2026-05-10T17:26:05
================================================================================
[2026-05-10T17:26:51.850+0000] {manager.py:878} INFO - 
================================================================================
DAG File Processing Stats

File Path                                    PID    Runtime      # DAGs    # Errors  Last Runtime    Last Run
-------------------------------------------  -----  ---------  --------  ----------  --------------  -------------------
/opt/airflow/dags/minio_to_snowflake_dag.py                           1           0  7.51s           2026-05-10T17:26:35
/opt/airflow/dags/scd_snapshots.py                                    1           0  0.27s           2026-05-10T17:26:35
================================================================================
[2026-05-10T17:27:11.865+0000] {manager.py:737} INFO - Searching for files in /opt/airflow/dags
[2026-05-10T17:27:11.945+0000] {manager.py:740} INFO - There are 2 files in /opt/airflow/dags
[2026-05-10T17:27:22.116+0000] {manager.py:878} INFO - 
================================================================================
DAG File Processing Stats

File Path                                    PID    Runtime      # DAGs    # Errors  Last Runtime    Last Run
-------------------------------------------  -----  ---------  --------  ----------  --------------  -------------------
/opt/airflow/dags/minio_to_snowflake_dag.py                           1           0  2.01s           2026-05-10T17:27:07
/opt/airflow/dags/scd_snapshots.py                                    1           0  0.31s           2026-05-10T17:27:06
================================================================================
[2026-05-10T17:27:52.134+0000] {manager.py:878} INFO - 
================================================================================
DAG File Processing Stats

File Path                                    PID    Runtime      # DAGs    # Errors  Last Runtime    Last Run
-------------------------------------------  -----  ---------  --------  ----------  --------------  -------------------
/opt/airflow/dags/minio_to_snowflake_dag.py                           1           0  2.09s           2026-05-10T17:27:40
/opt/airflow/dags/scd_snapshots.py                                    1           0  0.46s           2026-05-10T17:27:36
================================================================================
[2026-05-10T17:28:22.475+0000] {manager.py:878} INFO - 
================================================================================
DAG File Processing Stats

File Path                                      PID  Runtime      # DAGs    # Errors  Last Runtime    Last Run
-------------------------------------------  -----  ---------  --------  ----------  --------------  -------------------
/opt/airflow/dags/scd_snapshots.py                                    1           0  4.48s           2026-05-10T17:28:11
/opt/airflow/dags/minio_to_snowflake_dag.py   1988  11.46s            1           0  2.09s           2026-05-10T17:27:40
================================================================================
[2026-05-10T17:28:52.854+0000] {manager.py:878} INFO - 
================================================================================
DAG File Processing Stats

File Path                                    PID    Runtime      # DAGs    # Errors  Last Runtime    Last Run
-------------------------------------------  -----  ---------  --------  ----------  --------------  -------------------
/opt/airflow/dags/minio_to_snowflake_dag.py                           1           0  13.23s          2026-05-10T17:28:24
/opt/airflow/dags/scd_snapshots.py                                    1           0  1.35s           2026-05-10T17:28:43
================================================================================
[2026-05-10T17:29:23.144+0000] {manager.py:878} INFO - 
================================================================================
DAG File Processing Stats

File Path                                    PID    Runtime      # DAGs    # Errors  Last Runtime    Last Run
-------------------------------------------  -----  ---------  --------  ----------  --------------  -------------------
/opt/airflow/dags/minio_to_snowflake_dag.py                           1           0  3.81s           2026-05-10T17:28:58
/opt/airflow/dags/scd_snapshots.py                                    1           0  0.26s           2026-05-10T17:29:14
================================================================================
[2026-05-10T17:29:53.743+0000] {manager.py:878} INFO - 
================================================================================
DAG File Processing Stats

File Path                                    PID    Runtime      # DAGs    # Errors  Last Runtime    Last Run
-------------------------------------------  -----  ---------  --------  ----------  --------------  -------------------
/opt/airflow/dags/minio_to_snowflake_dag.py                           1           0  2.02s           2026-05-10T17:29:31
/opt/airflow/dags/scd_snapshots.py                                    1           0  0.29s           2026-05-10T17:29:44
================================================================================
[2026-05-10T17:30:24.233+0000] {manager.py:878} INFO - 
================================================================================
DAG File Processing Stats

File Path                                    PID    Runtime      # DAGs    # Errors  Last Runtime    Last Run
-------------------------------------------  -----  ---------  --------  ----------  --------------  -------------------
/opt/airflow/dags/minio_to_snowflake_dag.py                           1           0  1.91s           2026-05-10T17:30:03
/opt/airflow/dags/scd_snapshots.py                                    1           0  0.41s           2026-05-10T17:30:15
================================================================================
[2026-05-10T17:30:54.317+0000] {manager.py:878} INFO - 
================================================================================
DAG File Processing Stats

File Path                                    PID    Runtime      # DAGs    # Errors  Last Runtime    Last Run
-------------------------------------------  -----  ---------  --------  ----------  --------------  -------------------
/opt/airflow/dags/minio_to_snowflake_dag.py                           1           0  1.75s           2026-05-10T17:30:36
/opt/airflow/dags/scd_snapshots.py                                    1           0  0.38s           2026-05-10T17:30:46
================================================================================
[2026-05-10T17:31:24.470+0000] {manager.py:878} INFO - 
================================================================================
DAG File Processing Stats

File Path                                    PID    Runtime      # DAGs    # Errors  Last Runtime    Last Run
-------------------------------------------  -----  ---------  --------  ----------  --------------  -------------------
/opt/airflow/dags/minio_to_snowflake_dag.py                           1           0  1.77s           2026-05-10T17:31:08
/opt/airflow/dags/scd_snapshots.py                                    1           0  0.32s           2026-05-10T17:31:16
================================================================================
[2026-05-10T17:31:55.148+0000] {manager.py:878} INFO - 
================================================================================
DAG File Processing Stats

File Path                                    PID    Runtime      # DAGs    # Errors  Last Runtime    Last Run
-------------------------------------------  -----  ---------  --------  ----------  --------------  -------------------
/opt/airflow/dags/minio_to_snowflake_dag.py                           1           0  2.05s           2026-05-10T17:31:40
/opt/airflow/dags/scd_snapshots.py                                    1           0  0.38s           2026-05-10T17:31:47
================================================================================
[2026-05-10T17:32:12.342+0000] {manager.py:737} INFO - Searching for files in /opt/airflow/dags
[2026-05-10T17:32:12.478+0000] {manager.py:740} INFO - There are 2 files in /opt/airflow/dags
[2026-05-10T17:32:25.818+0000] {manager.py:878} INFO - 
================================================================================
DAG File Processing Stats

File Path                                    PID    Runtime      # DAGs    # Errors  Last Runtime    Last Run
-------------------------------------------  -----  ---------  --------  ----------  --------------  -------------------
/opt/airflow/dags/minio_to_snowflake_dag.py                           1           0  1.56s           2026-05-10T17:32:12
/opt/airflow/dags/scd_snapshots.py                                    1           0  1.00s           2026-05-10T17:32:18
================================================================================
[2026-05-10T17:32:56.005+0000] {manager.py:878} INFO - 
================================================================================
DAG File Processing Stats

File Path                                    PID    Runtime      # DAGs    # Errors  Last Runtime    Last Run
-------------------------------------------  -----  ---------  --------  ----------  --------------  -------------------
/opt/airflow/dags/minio_to_snowflake_dag.py                           1           0  1.72s           2026-05-10T17:32:44
/opt/airflow/dags/scd_snapshots.py                                    1           0  0.37s           2026-05-10T17:32:49
================================================================================
[2026-05-10T17:33:26.207+0000] {manager.py:878} INFO - 
================================================================================
DAG File Processing Stats

File Path                                    PID    Runtime      # DAGs    # Errors  Last Runtime    Last Run
-------------------------------------------  -----  ---------  --------  ----------  --------------  -------------------
/opt/airflow/dags/minio_to_snowflake_dag.py                           1           0  5.93s           2026-05-10T17:33:21
/opt/airflow/dags/scd_snapshots.py                                    1           0  1.27s           2026-05-10T17:33:20
================================================================================
[2026-05-10T17:33:56.262+0000] {manager.py:878} INFO - 
================================================================================
DAG File Processing Stats

File Path                                    PID    Runtime      # DAGs    # Errors  Last Runtime    Last Run
-------------------------------------------  -----  ---------  --------  ----------  --------------  -------------------
/opt/airflow/dags/minio_to_snowflake_dag.py                           1           0  1.82s           2026-05-10T17:33:53
/opt/airflow/dags/scd_snapshots.py                                    1           0  0.37s           2026-05-10T17:33:51
================================================================================
[2026-05-10T17:34:26.276+0000] {manager.py:878} INFO - 
================================================================================
DAG File Processing Stats

File Path                                    PID    Runtime      # DAGs    # Errors  Last Runtime    Last Run
-------------------------------------------  -----  ---------  --------  ----------  --------------  -------------------
/opt/airflow/dags/minio_to_snowflake_dag.py                           1           0  1.61s           2026-05-10T17:34:25
/opt/airflow/dags/scd_snapshots.py                                    1           0  0.41s           2026-05-10T17:34:21
================================================================================
