[2026-05-09T18:36:19.098+0000] {processor.py:161} INFO - Started process (PID=25) to work on /opt/airflow/dags/minio_to_snowflake_dag.py
[2026-05-09T18:36:19.141+0000] {processor.py:830} INFO - Processing file /opt/airflow/dags/minio_to_snowflake_dag.py for tasks to queue
[2026-05-09T18:36:19.184+0000] {logging_mixin.py:188} INFO - [2026-05-09T18:36:19.181+0000] {dagbag.py:545} INFO - Filling up the DagBag from /opt/airflow/dags/minio_to_snowflake_dag.py
[2026-05-09T18:36:37.551+0000] {processor.py:840} INFO - DAG(s) 'minio_to_snowflake_banking' retrieved from /opt/airflow/dags/minio_to_snowflake_dag.py
[2026-05-09T18:36:39.145+0000] {logging_mixin.py:188} INFO - [2026-05-09T18:36:39.141+0000] {override.py:1858} INFO - Created Permission View: can read on DAG:minio_to_snowflake_banking
[2026-05-09T18:36:39.192+0000] {logging_mixin.py:188} INFO - [2026-05-09T18:36:39.192+0000] {override.py:1858} INFO - Created Permission View: can edit on DAG:minio_to_snowflake_banking
[2026-05-09T18:36:39.214+0000] {logging_mixin.py:188} INFO - [2026-05-09T18:36:39.213+0000] {override.py:1858} INFO - Created Permission View: can delete on DAG:minio_to_snowflake_banking
[2026-05-09T18:36:39.216+0000] {logging_mixin.py:188} INFO - [2026-05-09T18:36:39.215+0000] {dag.py:3089} INFO - Sync 1 DAGs
[2026-05-09T18:36:39.253+0000] {logging_mixin.py:188} INFO - [2026-05-09T18:36:39.250+0000] {dag.py:3111} INFO - Creating ORM DAG for minio_to_snowflake_banking
[2026-05-09T18:36:39.303+0000] {logging_mixin.py:188} INFO - [2026-05-09T18:36:39.302+0000] {dag.py:3947} INFO - Setting next_dagrun for minio_to_snowflake_banking to 2026-05-09 18:35:00+00:00, run_after=2026-05-09 18:36:00+00:00
[2026-05-09T18:36:39.370+0000] {processor.py:183} INFO - Processing /opt/airflow/dags/minio_to_snowflake_dag.py took 20.484 seconds
[2026-05-09T18:37:09.822+0000] {processor.py:161} INFO - Started process (PID=29) to work on /opt/airflow/dags/minio_to_snowflake_dag.py
[2026-05-09T18:37:09.831+0000] {processor.py:830} INFO - Processing file /opt/airflow/dags/minio_to_snowflake_dag.py for tasks to queue
[2026-05-09T18:37:09.853+0000] {logging_mixin.py:188} INFO - [2026-05-09T18:37:09.848+0000] {dagbag.py:545} INFO - Filling up the DagBag from /opt/airflow/dags/minio_to_snowflake_dag.py
[2026-05-09T18:37:15.602+0000] {processor.py:840} INFO - DAG(s) 'minio_to_snowflake_banking' retrieved from /opt/airflow/dags/minio_to_snowflake_dag.py
[2026-05-09T18:37:15.732+0000] {logging_mixin.py:188} INFO - [2026-05-09T18:37:15.731+0000] {dag.py:3089} INFO - Sync 1 DAGs
[2026-05-09T18:37:15.831+0000] {logging_mixin.py:188} INFO - [2026-05-09T18:37:15.830+0000] {dag.py:3947} INFO - Setting next_dagrun for minio_to_snowflake_banking to 2026-05-09 18:36:00+00:00, run_after=2026-05-09 18:37:00+00:00
[2026-05-09T18:37:15.891+0000] {processor.py:183} INFO - Processing /opt/airflow/dags/minio_to_snowflake_dag.py took 6.152 seconds
[2026-05-09T18:37:46.282+0000] {processor.py:161} INFO - Started process (PID=33) to work on /opt/airflow/dags/minio_to_snowflake_dag.py
[2026-05-09T18:37:46.292+0000] {processor.py:830} INFO - Processing file /opt/airflow/dags/minio_to_snowflake_dag.py for tasks to queue
[2026-05-09T18:37:46.331+0000] {logging_mixin.py:188} INFO - [2026-05-09T18:37:46.326+0000] {dagbag.py:545} INFO - Filling up the DagBag from /opt/airflow/dags/minio_to_snowflake_dag.py
[2026-05-09T18:37:51.508+0000] {processor.py:840} INFO - DAG(s) 'minio_to_snowflake_banking' retrieved from /opt/airflow/dags/minio_to_snowflake_dag.py
[2026-05-09T18:37:51.593+0000] {logging_mixin.py:188} INFO - [2026-05-09T18:37:51.590+0000] {dag.py:3089} INFO - Sync 1 DAGs
[2026-05-09T18:37:51.702+0000] {logging_mixin.py:188} INFO - [2026-05-09T18:37:51.701+0000] {dag.py:3947} INFO - Setting next_dagrun for minio_to_snowflake_banking to 2026-05-09 18:36:00+00:00, run_after=2026-05-09 18:37:00+00:00
[2026-05-09T18:37:51.815+0000] {processor.py:183} INFO - Processing /opt/airflow/dags/minio_to_snowflake_dag.py took 5.592 seconds
[2026-05-09T18:38:22.291+0000] {processor.py:161} INFO - Started process (PID=37) to work on /opt/airflow/dags/minio_to_snowflake_dag.py
[2026-05-09T18:38:22.294+0000] {processor.py:830} INFO - Processing file /opt/airflow/dags/minio_to_snowflake_dag.py for tasks to queue
[2026-05-09T18:38:22.300+0000] {logging_mixin.py:188} INFO - [2026-05-09T18:38:22.299+0000] {dagbag.py:545} INFO - Filling up the DagBag from /opt/airflow/dags/minio_to_snowflake_dag.py
[2026-05-09T18:38:23.970+0000] {processor.py:840} INFO - DAG(s) 'minio_to_snowflake_banking' retrieved from /opt/airflow/dags/minio_to_snowflake_dag.py
[2026-05-09T18:38:24.096+0000] {logging_mixin.py:188} INFO - [2026-05-09T18:38:24.094+0000] {dag.py:3089} INFO - Sync 1 DAGs
[2026-05-09T18:38:24.164+0000] {logging_mixin.py:188} INFO - [2026-05-09T18:38:24.163+0000] {dag.py:3947} INFO - Setting next_dagrun for minio_to_snowflake_banking to 2026-05-09 18:37:00+00:00, run_after=2026-05-09 18:38:00+00:00
[2026-05-09T18:38:24.211+0000] {processor.py:183} INFO - Processing /opt/airflow/dags/minio_to_snowflake_dag.py took 1.934 seconds
[2026-05-09T18:38:54.560+0000] {processor.py:161} INFO - Started process (PID=41) to work on /opt/airflow/dags/minio_to_snowflake_dag.py
[2026-05-09T18:38:54.562+0000] {processor.py:830} INFO - Processing file /opt/airflow/dags/minio_to_snowflake_dag.py for tasks to queue
[2026-05-09T18:38:54.566+0000] {logging_mixin.py:188} INFO - [2026-05-09T18:38:54.565+0000] {dagbag.py:545} INFO - Filling up the DagBag from /opt/airflow/dags/minio_to_snowflake_dag.py
[2026-05-09T18:38:56.213+0000] {processor.py:840} INFO - DAG(s) 'minio_to_snowflake_banking' retrieved from /opt/airflow/dags/minio_to_snowflake_dag.py
[2026-05-09T18:38:56.278+0000] {logging_mixin.py:188} INFO - [2026-05-09T18:38:56.277+0000] {dag.py:3089} INFO - Sync 1 DAGs
[2026-05-09T18:38:56.338+0000] {logging_mixin.py:188} INFO - [2026-05-09T18:38:56.337+0000] {dag.py:3947} INFO - Setting next_dagrun for minio_to_snowflake_banking to 2026-05-09 18:37:00+00:00, run_after=2026-05-09 18:38:00+00:00
[2026-05-09T18:38:56.386+0000] {processor.py:183} INFO - Processing /opt/airflow/dags/minio_to_snowflake_dag.py took 1.838 seconds
[2026-05-09T18:39:26.691+0000] {processor.py:161} INFO - Started process (PID=45) to work on /opt/airflow/dags/minio_to_snowflake_dag.py
[2026-05-09T18:39:26.693+0000] {processor.py:830} INFO - Processing file /opt/airflow/dags/minio_to_snowflake_dag.py for tasks to queue
[2026-05-09T18:39:26.696+0000] {logging_mixin.py:188} INFO - [2026-05-09T18:39:26.696+0000] {dagbag.py:545} INFO - Filling up the DagBag from /opt/airflow/dags/minio_to_snowflake_dag.py
[2026-05-09T18:39:27.594+0000] {processor.py:840} INFO - DAG(s) 'minio_to_snowflake_banking' retrieved from /opt/airflow/dags/minio_to_snowflake_dag.py
[2026-05-09T18:39:27.630+0000] {logging_mixin.py:188} INFO - [2026-05-09T18:39:27.629+0000] {dag.py:3089} INFO - Sync 1 DAGs
[2026-05-09T18:39:27.659+0000] {logging_mixin.py:188} INFO - [2026-05-09T18:39:27.659+0000] {dag.py:3947} INFO - Setting next_dagrun for minio_to_snowflake_banking to 2026-05-09 18:38:00+00:00, run_after=2026-05-09 18:39:00+00:00
[2026-05-09T18:39:27.690+0000] {processor.py:183} INFO - Processing /opt/airflow/dags/minio_to_snowflake_dag.py took 1.008 seconds
[2026-05-09T18:39:57.985+0000] {processor.py:161} INFO - Started process (PID=49) to work on /opt/airflow/dags/minio_to_snowflake_dag.py
[2026-05-09T18:39:57.987+0000] {processor.py:830} INFO - Processing file /opt/airflow/dags/minio_to_snowflake_dag.py for tasks to queue
[2026-05-09T18:39:57.990+0000] {logging_mixin.py:188} INFO - [2026-05-09T18:39:57.990+0000] {dagbag.py:545} INFO - Filling up the DagBag from /opt/airflow/dags/minio_to_snowflake_dag.py
[2026-05-09T18:39:58.982+0000] {processor.py:840} INFO - DAG(s) 'minio_to_snowflake_banking' retrieved from /opt/airflow/dags/minio_to_snowflake_dag.py
[2026-05-09T18:39:59.123+0000] {logging_mixin.py:188} INFO - [2026-05-09T18:39:59.121+0000] {dag.py:3089} INFO - Sync 1 DAGs
[2026-05-09T18:39:59.261+0000] {logging_mixin.py:188} INFO - [2026-05-09T18:39:59.261+0000] {dag.py:3947} INFO - Setting next_dagrun for minio_to_snowflake_banking to 2026-05-09 18:38:00+00:00, run_after=2026-05-09 18:39:00+00:00
[2026-05-09T18:39:59.312+0000] {processor.py:183} INFO - Processing /opt/airflow/dags/minio_to_snowflake_dag.py took 1.335 seconds
[2026-05-09T18:40:29.735+0000] {processor.py:161} INFO - Started process (PID=53) to work on /opt/airflow/dags/minio_to_snowflake_dag.py
[2026-05-09T18:40:29.737+0000] {processor.py:830} INFO - Processing file /opt/airflow/dags/minio_to_snowflake_dag.py for tasks to queue
[2026-05-09T18:40:29.741+0000] {logging_mixin.py:188} INFO - [2026-05-09T18:40:29.740+0000] {dagbag.py:545} INFO - Filling up the DagBag from /opt/airflow/dags/minio_to_snowflake_dag.py
[2026-05-09T18:40:31.292+0000] {processor.py:840} INFO - DAG(s) 'minio_to_snowflake_banking' retrieved from /opt/airflow/dags/minio_to_snowflake_dag.py
[2026-05-09T18:40:31.412+0000] {logging_mixin.py:188} INFO - [2026-05-09T18:40:31.411+0000] {dag.py:3089} INFO - Sync 1 DAGs
[2026-05-09T18:40:31.489+0000] {logging_mixin.py:188} INFO - [2026-05-09T18:40:31.488+0000] {dag.py:3947} INFO - Setting next_dagrun for minio_to_snowflake_banking to 2026-05-09 18:39:00+00:00, run_after=2026-05-09 18:40:00+00:00
[2026-05-09T18:40:31.536+0000] {processor.py:183} INFO - Processing /opt/airflow/dags/minio_to_snowflake_dag.py took 1.810 seconds
[2026-05-09T18:41:01.878+0000] {processor.py:161} INFO - Started process (PID=57) to work on /opt/airflow/dags/minio_to_snowflake_dag.py
[2026-05-09T18:41:01.917+0000] {processor.py:830} INFO - Processing file /opt/airflow/dags/minio_to_snowflake_dag.py for tasks to queue
[2026-05-09T18:41:01.986+0000] {logging_mixin.py:188} INFO - [2026-05-09T18:41:01.985+0000] {dagbag.py:545} INFO - Filling up the DagBag from /opt/airflow/dags/minio_to_snowflake_dag.py
[2026-05-09T18:41:07.441+0000] {processor.py:840} INFO - DAG(s) 'minio_to_snowflake_banking' retrieved from /opt/airflow/dags/minio_to_snowflake_dag.py
[2026-05-09T18:41:07.545+0000] {logging_mixin.py:188} INFO - [2026-05-09T18:41:07.544+0000] {dag.py:3089} INFO - Sync 1 DAGs
[2026-05-09T18:41:07.631+0000] {logging_mixin.py:188} INFO - [2026-05-09T18:41:07.630+0000] {dag.py:3947} INFO - Setting next_dagrun for minio_to_snowflake_banking to 2026-05-09 18:40:00+00:00, run_after=2026-05-09 18:41:00+00:00
[2026-05-09T18:41:07.726+0000] {processor.py:183} INFO - Processing /opt/airflow/dags/minio_to_snowflake_dag.py took 6.042 seconds
[2026-05-09T18:41:38.291+0000] {processor.py:161} INFO - Started process (PID=61) to work on /opt/airflow/dags/minio_to_snowflake_dag.py
[2026-05-09T18:41:38.311+0000] {processor.py:830} INFO - Processing file /opt/airflow/dags/minio_to_snowflake_dag.py for tasks to queue
[2026-05-09T18:41:38.335+0000] {logging_mixin.py:188} INFO - [2026-05-09T18:41:38.333+0000] {dagbag.py:545} INFO - Filling up the DagBag from /opt/airflow/dags/minio_to_snowflake_dag.py
[2026-05-09T18:41:47.985+0000] {processor.py:840} INFO - DAG(s) 'minio_to_snowflake_banking' retrieved from /opt/airflow/dags/minio_to_snowflake_dag.py
[2026-05-09T18:41:48.151+0000] {logging_mixin.py:188} INFO - [2026-05-09T18:41:48.149+0000] {dag.py:3089} INFO - Sync 1 DAGs
[2026-05-09T18:41:48.421+0000] {logging_mixin.py:188} INFO - [2026-05-09T18:41:48.420+0000] {dag.py:3947} INFO - Setting next_dagrun for minio_to_snowflake_banking to 2026-05-09 18:40:00+00:00, run_after=2026-05-09 18:41:00+00:00
[2026-05-09T18:41:48.526+0000] {processor.py:183} INFO - Processing /opt/airflow/dags/minio_to_snowflake_dag.py took 10.357 seconds
[2026-05-09T18:42:18.766+0000] {processor.py:161} INFO - Started process (PID=65) to work on /opt/airflow/dags/minio_to_snowflake_dag.py
[2026-05-09T18:42:18.795+0000] {processor.py:830} INFO - Processing file /opt/airflow/dags/minio_to_snowflake_dag.py for tasks to queue
[2026-05-09T18:42:18.835+0000] {logging_mixin.py:188} INFO - [2026-05-09T18:42:18.823+0000] {dagbag.py:545} INFO - Filling up the DagBag from /opt/airflow/dags/minio_to_snowflake_dag.py
[2026-05-09T18:42:24.675+0000] {processor.py:840} INFO - DAG(s) 'minio_to_snowflake_banking' retrieved from /opt/airflow/dags/minio_to_snowflake_dag.py
[2026-05-09T18:42:24.752+0000] {logging_mixin.py:188} INFO - [2026-05-09T18:42:24.751+0000] {dag.py:3089} INFO - Sync 1 DAGs
[2026-05-09T18:42:24.800+0000] {logging_mixin.py:188} INFO - [2026-05-09T18:42:24.800+0000] {dag.py:3947} INFO - Setting next_dagrun for minio_to_snowflake_banking to 2026-05-09 18:41:00+00:00, run_after=2026-05-09 18:42:00+00:00
[2026-05-09T18:42:24.858+0000] {processor.py:183} INFO - Processing /opt/airflow/dags/minio_to_snowflake_dag.py took 6.172 seconds
[2026-05-09T18:42:55.044+0000] {processor.py:161} INFO - Started process (PID=69) to work on /opt/airflow/dags/minio_to_snowflake_dag.py
[2026-05-09T18:42:55.046+0000] {processor.py:830} INFO - Processing file /opt/airflow/dags/minio_to_snowflake_dag.py for tasks to queue
[2026-05-09T18:42:55.051+0000] {logging_mixin.py:188} INFO - [2026-05-09T18:42:55.050+0000] {dagbag.py:545} INFO - Filling up the DagBag from /opt/airflow/dags/minio_to_snowflake_dag.py
[2026-05-09T18:42:56.540+0000] {processor.py:840} INFO - DAG(s) 'minio_to_snowflake_banking' retrieved from /opt/airflow/dags/minio_to_snowflake_dag.py
[2026-05-09T18:42:56.638+0000] {logging_mixin.py:188} INFO - [2026-05-09T18:42:56.636+0000] {dag.py:3089} INFO - Sync 1 DAGs
[2026-05-09T18:42:56.705+0000] {logging_mixin.py:188} INFO - [2026-05-09T18:42:56.705+0000] {dag.py:3947} INFO - Setting next_dagrun for minio_to_snowflake_banking to 2026-05-09 18:41:00+00:00, run_after=2026-05-09 18:42:00+00:00
[2026-05-09T18:42:56.745+0000] {processor.py:183} INFO - Processing /opt/airflow/dags/minio_to_snowflake_dag.py took 1.711 seconds
[2026-05-09T18:43:27.052+0000] {processor.py:161} INFO - Started process (PID=73) to work on /opt/airflow/dags/minio_to_snowflake_dag.py
[2026-05-09T18:43:27.054+0000] {processor.py:830} INFO - Processing file /opt/airflow/dags/minio_to_snowflake_dag.py for tasks to queue
[2026-05-09T18:43:27.059+0000] {logging_mixin.py:188} INFO - [2026-05-09T18:43:27.058+0000] {dagbag.py:545} INFO - Filling up the DagBag from /opt/airflow/dags/minio_to_snowflake_dag.py
[2026-05-09T18:43:28.427+0000] {processor.py:840} INFO - DAG(s) 'minio_to_snowflake_banking' retrieved from /opt/airflow/dags/minio_to_snowflake_dag.py
[2026-05-09T18:43:28.514+0000] {logging_mixin.py:188} INFO - [2026-05-09T18:43:28.512+0000] {dag.py:3089} INFO - Sync 1 DAGs
[2026-05-09T18:43:28.583+0000] {logging_mixin.py:188} INFO - [2026-05-09T18:43:28.582+0000] {dag.py:3947} INFO - Setting next_dagrun for minio_to_snowflake_banking to 2026-05-09 18:42:00+00:00, run_after=2026-05-09 18:43:00+00:00
[2026-05-09T18:43:28.621+0000] {processor.py:183} INFO - Processing /opt/airflow/dags/minio_to_snowflake_dag.py took 1.579 seconds
[2026-05-09T18:43:59.001+0000] {processor.py:161} INFO - Started process (PID=77) to work on /opt/airflow/dags/minio_to_snowflake_dag.py
[2026-05-09T18:43:59.003+0000] {processor.py:830} INFO - Processing file /opt/airflow/dags/minio_to_snowflake_dag.py for tasks to queue
[2026-05-09T18:43:59.008+0000] {logging_mixin.py:188} INFO - [2026-05-09T18:43:59.007+0000] {dagbag.py:545} INFO - Filling up the DagBag from /opt/airflow/dags/minio_to_snowflake_dag.py
[2026-05-09T18:44:00.788+0000] {processor.py:840} INFO - DAG(s) 'minio_to_snowflake_banking' retrieved from /opt/airflow/dags/minio_to_snowflake_dag.py
[2026-05-09T18:44:00.839+0000] {logging_mixin.py:188} INFO - [2026-05-09T18:44:00.838+0000] {dag.py:3089} INFO - Sync 1 DAGs
[2026-05-09T18:44:00.873+0000] {logging_mixin.py:188} INFO - [2026-05-09T18:44:00.873+0000] {dag.py:3947} INFO - Setting next_dagrun for minio_to_snowflake_banking to 2026-05-09 18:43:00+00:00, run_after=2026-05-09 18:44:00+00:00
[2026-05-09T18:44:00.922+0000] {processor.py:183} INFO - Processing /opt/airflow/dags/minio_to_snowflake_dag.py took 1.936 seconds
[2026-05-09T18:44:31.254+0000] {processor.py:161} INFO - Started process (PID=81) to work on /opt/airflow/dags/minio_to_snowflake_dag.py
[2026-05-09T18:44:31.257+0000] {processor.py:830} INFO - Processing file /opt/airflow/dags/minio_to_snowflake_dag.py for tasks to queue
[2026-05-09T18:44:31.260+0000] {logging_mixin.py:188} INFO - [2026-05-09T18:44:31.259+0000] {dagbag.py:545} INFO - Filling up the DagBag from /opt/airflow/dags/minio_to_snowflake_dag.py
[2026-05-09T18:44:32.536+0000] {processor.py:840} INFO - DAG(s) 'minio_to_snowflake_banking' retrieved from /opt/airflow/dags/minio_to_snowflake_dag.py
[2026-05-09T18:44:32.583+0000] {logging_mixin.py:188} INFO - [2026-05-09T18:44:32.582+0000] {dag.py:3089} INFO - Sync 1 DAGs
[2026-05-09T18:44:32.635+0000] {logging_mixin.py:188} INFO - [2026-05-09T18:44:32.634+0000] {dag.py:3947} INFO - Setting next_dagrun for minio_to_snowflake_banking to 2026-05-09 18:43:00+00:00, run_after=2026-05-09 18:44:00+00:00
[2026-05-09T18:44:32.703+0000] {processor.py:183} INFO - Processing /opt/airflow/dags/minio_to_snowflake_dag.py took 1.457 seconds
[2026-05-09T18:45:03.022+0000] {processor.py:161} INFO - Started process (PID=85) to work on /opt/airflow/dags/minio_to_snowflake_dag.py
[2026-05-09T18:45:03.024+0000] {processor.py:830} INFO - Processing file /opt/airflow/dags/minio_to_snowflake_dag.py for tasks to queue
[2026-05-09T18:45:03.027+0000] {logging_mixin.py:188} INFO - [2026-05-09T18:45:03.027+0000] {dagbag.py:545} INFO - Filling up the DagBag from /opt/airflow/dags/minio_to_snowflake_dag.py
[2026-05-09T18:45:04.000+0000] {processor.py:840} INFO - DAG(s) 'minio_to_snowflake_banking' retrieved from /opt/airflow/dags/minio_to_snowflake_dag.py
[2026-05-09T18:45:04.038+0000] {logging_mixin.py:188} INFO - [2026-05-09T18:45:04.038+0000] {dag.py:3089} INFO - Sync 1 DAGs
[2026-05-09T18:45:04.070+0000] {logging_mixin.py:188} INFO - [2026-05-09T18:45:04.070+0000] {dag.py:3947} INFO - Setting next_dagrun for minio_to_snowflake_banking to 2026-05-09 18:44:00+00:00, run_after=2026-05-09 18:45:00+00:00
[2026-05-09T18:45:04.098+0000] {processor.py:183} INFO - Processing /opt/airflow/dags/minio_to_snowflake_dag.py took 1.085 seconds
[2026-05-09T18:45:34.316+0000] {processor.py:161} INFO - Started process (PID=89) to work on /opt/airflow/dags/minio_to_snowflake_dag.py
[2026-05-09T18:45:34.319+0000] {processor.py:830} INFO - Processing file /opt/airflow/dags/minio_to_snowflake_dag.py for tasks to queue
[2026-05-09T18:45:34.328+0000] {logging_mixin.py:188} INFO - [2026-05-09T18:45:34.322+0000] {dagbag.py:545} INFO - Filling up the DagBag from /opt/airflow/dags/minio_to_snowflake_dag.py
[2026-05-09T18:45:35.307+0000] {processor.py:840} INFO - DAG(s) 'minio_to_snowflake_banking' retrieved from /opt/airflow/dags/minio_to_snowflake_dag.py
[2026-05-09T18:45:35.356+0000] {logging_mixin.py:188} INFO - [2026-05-09T18:45:35.355+0000] {dag.py:3089} INFO - Sync 1 DAGs
[2026-05-09T18:45:35.408+0000] {logging_mixin.py:188} INFO - [2026-05-09T18:45:35.407+0000] {dag.py:3947} INFO - Setting next_dagrun for minio_to_snowflake_banking to 2026-05-09 18:44:00+00:00, run_after=2026-05-09 18:45:00+00:00
[2026-05-09T18:45:35.436+0000] {processor.py:183} INFO - Processing /opt/airflow/dags/minio_to_snowflake_dag.py took 1.144 seconds
[2026-05-09T18:46:05.637+0000] {processor.py:161} INFO - Started process (PID=93) to work on /opt/airflow/dags/minio_to_snowflake_dag.py
[2026-05-09T18:46:05.639+0000] {processor.py:830} INFO - Processing file /opt/airflow/dags/minio_to_snowflake_dag.py for tasks to queue
[2026-05-09T18:46:05.644+0000] {logging_mixin.py:188} INFO - [2026-05-09T18:46:05.643+0000] {dagbag.py:545} INFO - Filling up the DagBag from /opt/airflow/dags/minio_to_snowflake_dag.py
[2026-05-09T18:46:06.609+0000] {processor.py:840} INFO - DAG(s) 'minio_to_snowflake_banking' retrieved from /opt/airflow/dags/minio_to_snowflake_dag.py
[2026-05-09T18:46:06.646+0000] {logging_mixin.py:188} INFO - [2026-05-09T18:46:06.645+0000] {dag.py:3089} INFO - Sync 1 DAGs
[2026-05-09T18:46:06.677+0000] {logging_mixin.py:188} INFO - [2026-05-09T18:46:06.676+0000] {dag.py:3947} INFO - Setting next_dagrun for minio_to_snowflake_banking to 2026-05-09 18:45:00+00:00, run_after=2026-05-09 18:46:00+00:00
[2026-05-09T18:46:06.714+0000] {processor.py:183} INFO - Processing /opt/airflow/dags/minio_to_snowflake_dag.py took 1.087 seconds
[2026-05-09T18:46:36.940+0000] {processor.py:161} INFO - Started process (PID=97) to work on /opt/airflow/dags/minio_to_snowflake_dag.py
[2026-05-09T18:46:36.942+0000] {processor.py:830} INFO - Processing file /opt/airflow/dags/minio_to_snowflake_dag.py for tasks to queue
[2026-05-09T18:46:36.946+0000] {logging_mixin.py:188} INFO - [2026-05-09T18:46:36.945+0000] {dagbag.py:545} INFO - Filling up the DagBag from /opt/airflow/dags/minio_to_snowflake_dag.py
[2026-05-09T18:46:37.896+0000] {processor.py:840} INFO - DAG(s) 'minio_to_snowflake_banking' retrieved from /opt/airflow/dags/minio_to_snowflake_dag.py
[2026-05-09T18:46:37.932+0000] {logging_mixin.py:188} INFO - [2026-05-09T18:46:37.932+0000] {dag.py:3089} INFO - Sync 1 DAGs
[2026-05-09T18:46:37.960+0000] {logging_mixin.py:188} INFO - [2026-05-09T18:46:37.960+0000] {dag.py:3947} INFO - Setting next_dagrun for minio_to_snowflake_banking to 2026-05-09 18:45:00+00:00, run_after=2026-05-09 18:46:00+00:00
[2026-05-09T18:46:37.989+0000] {processor.py:183} INFO - Processing /opt/airflow/dags/minio_to_snowflake_dag.py took 1.059 seconds
[2026-05-09T18:47:08.292+0000] {processor.py:161} INFO - Started process (PID=101) to work on /opt/airflow/dags/minio_to_snowflake_dag.py
[2026-05-09T18:47:08.294+0000] {processor.py:830} INFO - Processing file /opt/airflow/dags/minio_to_snowflake_dag.py for tasks to queue
[2026-05-09T18:47:08.297+0000] {logging_mixin.py:188} INFO - [2026-05-09T18:47:08.296+0000] {dagbag.py:545} INFO - Filling up the DagBag from /opt/airflow/dags/minio_to_snowflake_dag.py
[2026-05-09T18:47:09.534+0000] {processor.py:840} INFO - DAG(s) 'minio_to_snowflake_banking' retrieved from /opt/airflow/dags/minio_to_snowflake_dag.py
[2026-05-09T18:47:09.567+0000] {logging_mixin.py:188} INFO - [2026-05-09T18:47:09.566+0000] {dag.py:3089} INFO - Sync 1 DAGs
[2026-05-09T18:47:09.597+0000] {logging_mixin.py:188} INFO - [2026-05-09T18:47:09.597+0000] {dag.py:3947} INFO - Setting next_dagrun for minio_to_snowflake_banking to 2026-05-09 18:46:00+00:00, run_after=2026-05-09 18:47:00+00:00
[2026-05-09T18:47:09.634+0000] {processor.py:183} INFO - Processing /opt/airflow/dags/minio_to_snowflake_dag.py took 1.351 seconds
[2026-05-09T18:47:39.920+0000] {processor.py:161} INFO - Started process (PID=105) to work on /opt/airflow/dags/minio_to_snowflake_dag.py
[2026-05-09T18:47:39.923+0000] {processor.py:830} INFO - Processing file /opt/airflow/dags/minio_to_snowflake_dag.py for tasks to queue
[2026-05-09T18:47:39.927+0000] {logging_mixin.py:188} INFO - [2026-05-09T18:47:39.926+0000] {dagbag.py:545} INFO - Filling up the DagBag from /opt/airflow/dags/minio_to_snowflake_dag.py
[2026-05-09T18:47:41.250+0000] {processor.py:840} INFO - DAG(s) 'minio_to_snowflake_banking' retrieved from /opt/airflow/dags/minio_to_snowflake_dag.py
[2026-05-09T18:47:41.313+0000] {logging_mixin.py:188} INFO - [2026-05-09T18:47:41.313+0000] {dag.py:3089} INFO - Sync 1 DAGs
[2026-05-09T18:47:41.378+0000] {logging_mixin.py:188} INFO - [2026-05-09T18:47:41.378+0000] {dag.py:3947} INFO - Setting next_dagrun for minio_to_snowflake_banking to 2026-05-09 18:46:00+00:00, run_after=2026-05-09 18:47:00+00:00
[2026-05-09T18:47:41.445+0000] {processor.py:183} INFO - Processing /opt/airflow/dags/minio_to_snowflake_dag.py took 1.534 seconds
[2026-05-09T18:48:11.736+0000] {processor.py:161} INFO - Started process (PID=109) to work on /opt/airflow/dags/minio_to_snowflake_dag.py
[2026-05-09T18:48:11.738+0000] {processor.py:830} INFO - Processing file /opt/airflow/dags/minio_to_snowflake_dag.py for tasks to queue
[2026-05-09T18:48:11.741+0000] {logging_mixin.py:188} INFO - [2026-05-09T18:48:11.741+0000] {dagbag.py:545} INFO - Filling up the DagBag from /opt/airflow/dags/minio_to_snowflake_dag.py
[2026-05-09T18:48:12.902+0000] {processor.py:840} INFO - DAG(s) 'minio_to_snowflake_banking' retrieved from /opt/airflow/dags/minio_to_snowflake_dag.py
[2026-05-09T18:48:12.941+0000] {logging_mixin.py:188} INFO - [2026-05-09T18:48:12.940+0000] {dag.py:3089} INFO - Sync 1 DAGs
[2026-05-09T18:48:12.983+0000] {logging_mixin.py:188} INFO - [2026-05-09T18:48:12.983+0000] {dag.py:3947} INFO - Setting next_dagrun for minio_to_snowflake_banking to 2026-05-09 18:47:00+00:00, run_after=2026-05-09 18:48:00+00:00
[2026-05-09T18:48:13.023+0000] {processor.py:183} INFO - Processing /opt/airflow/dags/minio_to_snowflake_dag.py took 1.298 seconds
[2026-05-09T18:48:43.312+0000] {processor.py:161} INFO - Started process (PID=113) to work on /opt/airflow/dags/minio_to_snowflake_dag.py
[2026-05-09T18:48:43.315+0000] {processor.py:830} INFO - Processing file /opt/airflow/dags/minio_to_snowflake_dag.py for tasks to queue
[2026-05-09T18:48:43.318+0000] {logging_mixin.py:188} INFO - [2026-05-09T18:48:43.318+0000] {dagbag.py:545} INFO - Filling up the DagBag from /opt/airflow/dags/minio_to_snowflake_dag.py
[2026-05-09T18:48:44.298+0000] {processor.py:840} INFO - DAG(s) 'minio_to_snowflake_banking' retrieved from /opt/airflow/dags/minio_to_snowflake_dag.py
[2026-05-09T18:48:44.333+0000] {logging_mixin.py:188} INFO - [2026-05-09T18:48:44.332+0000] {dag.py:3089} INFO - Sync 1 DAGs
[2026-05-09T18:48:44.361+0000] {logging_mixin.py:188} INFO - [2026-05-09T18:48:44.361+0000] {dag.py:3947} INFO - Setting next_dagrun for minio_to_snowflake_banking to 2026-05-09 18:47:00+00:00, run_after=2026-05-09 18:48:00+00:00
[2026-05-09T18:48:44.390+0000] {processor.py:183} INFO - Processing /opt/airflow/dags/minio_to_snowflake_dag.py took 1.090 seconds
[2026-05-09T18:49:14.570+0000] {processor.py:161} INFO - Started process (PID=117) to work on /opt/airflow/dags/minio_to_snowflake_dag.py
[2026-05-09T18:49:14.573+0000] {processor.py:830} INFO - Processing file /opt/airflow/dags/minio_to_snowflake_dag.py for tasks to queue
[2026-05-09T18:49:14.578+0000] {logging_mixin.py:188} INFO - [2026-05-09T18:49:14.577+0000] {dagbag.py:545} INFO - Filling up the DagBag from /opt/airflow/dags/minio_to_snowflake_dag.py
[2026-05-09T18:49:15.637+0000] {processor.py:840} INFO - DAG(s) 'minio_to_snowflake_banking' retrieved from /opt/airflow/dags/minio_to_snowflake_dag.py
[2026-05-09T18:49:15.683+0000] {logging_mixin.py:188} INFO - [2026-05-09T18:49:15.683+0000] {dag.py:3089} INFO - Sync 1 DAGs
[2026-05-09T18:49:15.719+0000] {logging_mixin.py:188} INFO - [2026-05-09T18:49:15.719+0000] {dag.py:3947} INFO - Setting next_dagrun for minio_to_snowflake_banking to 2026-05-09 18:48:00+00:00, run_after=2026-05-09 18:49:00+00:00
[2026-05-09T18:49:15.757+0000] {processor.py:183} INFO - Processing /opt/airflow/dags/minio_to_snowflake_dag.py took 1.200 seconds
[2026-05-09T18:49:45.900+0000] {processor.py:161} INFO - Started process (PID=121) to work on /opt/airflow/dags/minio_to_snowflake_dag.py
[2026-05-09T18:49:45.902+0000] {processor.py:830} INFO - Processing file /opt/airflow/dags/minio_to_snowflake_dag.py for tasks to queue
[2026-05-09T18:49:45.906+0000] {logging_mixin.py:188} INFO - [2026-05-09T18:49:45.905+0000] {dagbag.py:545} INFO - Filling up the DagBag from /opt/airflow/dags/minio_to_snowflake_dag.py
[2026-05-09T18:49:46.793+0000] {processor.py:840} INFO - DAG(s) 'minio_to_snowflake_banking' retrieved from /opt/airflow/dags/minio_to_snowflake_dag.py
[2026-05-09T18:49:46.826+0000] {logging_mixin.py:188} INFO - [2026-05-09T18:49:46.826+0000] {dag.py:3089} INFO - Sync 1 DAGs
[2026-05-09T18:49:46.857+0000] {logging_mixin.py:188} INFO - [2026-05-09T18:49:46.857+0000] {dag.py:3947} INFO - Setting next_dagrun for minio_to_snowflake_banking to 2026-05-09 18:48:00+00:00, run_after=2026-05-09 18:49:00+00:00
[2026-05-09T18:49:46.887+0000] {processor.py:183} INFO - Processing /opt/airflow/dags/minio_to_snowflake_dag.py took 0.996 seconds
[2026-05-09T18:54:05.084+0000] {processor.py:161} INFO - Started process (PID=125) to work on /opt/airflow/dags/minio_to_snowflake_dag.py
[2026-05-09T18:54:05.106+0000] {processor.py:830} INFO - Processing file /opt/airflow/dags/minio_to_snowflake_dag.py for tasks to queue
[2026-05-09T18:54:05.158+0000] {logging_mixin.py:188} INFO - [2026-05-09T18:54:05.154+0000] {dagbag.py:545} INFO - Filling up the DagBag from /opt/airflow/dags/minio_to_snowflake_dag.py
[2026-05-09T18:54:10.823+0000] {processor.py:840} INFO - DAG(s) 'minio_to_snowflake_banking' retrieved from /opt/airflow/dags/minio_to_snowflake_dag.py
[2026-05-09T18:54:11.007+0000] {logging_mixin.py:188} INFO - [2026-05-09T18:54:11.005+0000] {dag.py:3089} INFO - Sync 1 DAGs
[2026-05-09T18:54:11.152+0000] {logging_mixin.py:188} INFO - [2026-05-09T18:54:11.151+0000] {dag.py:3947} INFO - Setting next_dagrun for minio_to_snowflake_banking to 2026-05-09 18:53:00+00:00, run_after=2026-05-09 18:54:00+00:00
[2026-05-09T18:54:11.263+0000] {processor.py:183} INFO - Processing /opt/airflow/dags/minio_to_snowflake_dag.py took 6.260 seconds
[2026-05-09T18:54:41.377+0000] {processor.py:161} INFO - Started process (PID=129) to work on /opt/airflow/dags/minio_to_snowflake_dag.py
[2026-05-09T18:54:41.379+0000] {processor.py:830} INFO - Processing file /opt/airflow/dags/minio_to_snowflake_dag.py for tasks to queue
[2026-05-09T18:54:41.383+0000] {logging_mixin.py:188} INFO - [2026-05-09T18:54:41.382+0000] {dagbag.py:545} INFO - Filling up the DagBag from /opt/airflow/dags/minio_to_snowflake_dag.py
[2026-05-09T18:54:42.826+0000] {processor.py:840} INFO - DAG(s) 'minio_to_snowflake_banking' retrieved from /opt/airflow/dags/minio_to_snowflake_dag.py
[2026-05-09T18:54:42.871+0000] {logging_mixin.py:188} INFO - [2026-05-09T18:54:42.870+0000] {dag.py:3089} INFO - Sync 1 DAGs
[2026-05-09T18:54:42.911+0000] {logging_mixin.py:188} INFO - [2026-05-09T18:54:42.910+0000] {dag.py:3947} INFO - Setting next_dagrun for minio_to_snowflake_banking to 2026-05-09 18:53:00+00:00, run_after=2026-05-09 18:54:00+00:00
[2026-05-09T18:54:42.974+0000] {processor.py:183} INFO - Processing /opt/airflow/dags/minio_to_snowflake_dag.py took 1.610 seconds
[2026-05-09T18:55:13.302+0000] {processor.py:161} INFO - Started process (PID=133) to work on /opt/airflow/dags/minio_to_snowflake_dag.py
[2026-05-09T18:55:13.304+0000] {processor.py:830} INFO - Processing file /opt/airflow/dags/minio_to_snowflake_dag.py for tasks to queue
[2026-05-09T18:55:13.308+0000] {logging_mixin.py:188} INFO - [2026-05-09T18:55:13.307+0000] {dagbag.py:545} INFO - Filling up the DagBag from /opt/airflow/dags/minio_to_snowflake_dag.py
[2026-05-09T18:55:14.452+0000] {processor.py:840} INFO - DAG(s) 'minio_to_snowflake_banking' retrieved from /opt/airflow/dags/minio_to_snowflake_dag.py
[2026-05-09T18:55:14.499+0000] {logging_mixin.py:188} INFO - [2026-05-09T18:55:14.498+0000] {dag.py:3089} INFO - Sync 1 DAGs
[2026-05-09T18:55:14.536+0000] {logging_mixin.py:188} INFO - [2026-05-09T18:55:14.535+0000] {dag.py:3947} INFO - Setting next_dagrun for minio_to_snowflake_banking to 2026-05-09 18:54:00+00:00, run_after=2026-05-09 18:55:00+00:00
[2026-05-09T18:55:14.576+0000] {processor.py:183} INFO - Processing /opt/airflow/dags/minio_to_snowflake_dag.py took 1.285 seconds
[2026-05-09T18:55:44.951+0000] {processor.py:161} INFO - Started process (PID=137) to work on /opt/airflow/dags/minio_to_snowflake_dag.py
[2026-05-09T18:55:44.954+0000] {processor.py:830} INFO - Processing file /opt/airflow/dags/minio_to_snowflake_dag.py for tasks to queue
[2026-05-09T18:55:44.958+0000] {logging_mixin.py:188} INFO - [2026-05-09T18:55:44.957+0000] {dagbag.py:545} INFO - Filling up the DagBag from /opt/airflow/dags/minio_to_snowflake_dag.py
[2026-05-09T18:55:48.183+0000] {processor.py:840} INFO - DAG(s) 'minio_to_snowflake_banking' retrieved from /opt/airflow/dags/minio_to_snowflake_dag.py
[2026-05-09T18:55:48.306+0000] {logging_mixin.py:188} INFO - [2026-05-09T18:55:48.305+0000] {dag.py:3089} INFO - Sync 1 DAGs
[2026-05-09T18:55:48.375+0000] {logging_mixin.py:188} INFO - [2026-05-09T18:55:48.374+0000] {dag.py:3947} INFO - Setting next_dagrun for minio_to_snowflake_banking to 2026-05-09 18:54:00+00:00, run_after=2026-05-09 18:55:00+00:00
[2026-05-09T18:55:48.442+0000] {processor.py:183} INFO - Processing /opt/airflow/dags/minio_to_snowflake_dag.py took 3.501 seconds
[2026-05-09T18:56:18.783+0000] {processor.py:161} INFO - Started process (PID=141) to work on /opt/airflow/dags/minio_to_snowflake_dag.py
[2026-05-09T18:56:18.786+0000] {processor.py:830} INFO - Processing file /opt/airflow/dags/minio_to_snowflake_dag.py for tasks to queue
[2026-05-09T18:56:18.793+0000] {logging_mixin.py:188} INFO - [2026-05-09T18:56:18.791+0000] {dagbag.py:545} INFO - Filling up the DagBag from /opt/airflow/dags/minio_to_snowflake_dag.py
[2026-05-09T18:56:20.187+0000] {processor.py:840} INFO - DAG(s) 'minio_to_snowflake_banking' retrieved from /opt/airflow/dags/minio_to_snowflake_dag.py
[2026-05-09T18:56:20.310+0000] {logging_mixin.py:188} INFO - [2026-05-09T18:56:20.309+0000] {dag.py:3089} INFO - Sync 1 DAGs
[2026-05-09T18:56:20.366+0000] {logging_mixin.py:188} INFO - [2026-05-09T18:56:20.366+0000] {dag.py:3947} INFO - Setting next_dagrun for minio_to_snowflake_banking to 2026-05-09 18:55:00+00:00, run_after=2026-05-09 18:56:00+00:00
[2026-05-09T18:56:20.413+0000] {processor.py:183} INFO - Processing /opt/airflow/dags/minio_to_snowflake_dag.py took 1.653 seconds
[2026-05-09T18:56:50.530+0000] {processor.py:161} INFO - Started process (PID=145) to work on /opt/airflow/dags/minio_to_snowflake_dag.py
[2026-05-09T18:56:50.532+0000] {processor.py:830} INFO - Processing file /opt/airflow/dags/minio_to_snowflake_dag.py for tasks to queue
[2026-05-09T18:56:50.542+0000] {logging_mixin.py:188} INFO - [2026-05-09T18:56:50.542+0000] {dagbag.py:545} INFO - Filling up the DagBag from /opt/airflow/dags/minio_to_snowflake_dag.py
[2026-05-09T18:56:51.583+0000] {processor.py:840} INFO - DAG(s) 'minio_to_snowflake_banking' retrieved from /opt/airflow/dags/minio_to_snowflake_dag.py
[2026-05-09T18:56:51.622+0000] {logging_mixin.py:188} INFO - [2026-05-09T18:56:51.621+0000] {dag.py:3089} INFO - Sync 1 DAGs
[2026-05-09T18:56:51.651+0000] {logging_mixin.py:188} INFO - [2026-05-09T18:56:51.651+0000] {dag.py:3947} INFO - Setting next_dagrun for minio_to_snowflake_banking to 2026-05-09 18:55:00+00:00, run_after=2026-05-09 18:56:00+00:00
[2026-05-09T18:56:51.683+0000] {processor.py:183} INFO - Processing /opt/airflow/dags/minio_to_snowflake_dag.py took 1.174 seconds
[2026-05-09T18:57:21.947+0000] {processor.py:161} INFO - Started process (PID=149) to work on /opt/airflow/dags/minio_to_snowflake_dag.py
[2026-05-09T18:57:21.949+0000] {processor.py:830} INFO - Processing file /opt/airflow/dags/minio_to_snowflake_dag.py for tasks to queue
[2026-05-09T18:57:21.953+0000] {logging_mixin.py:188} INFO - [2026-05-09T18:57:21.952+0000] {dagbag.py:545} INFO - Filling up the DagBag from /opt/airflow/dags/minio_to_snowflake_dag.py
[2026-05-09T18:57:22.936+0000] {processor.py:840} INFO - DAG(s) 'minio_to_snowflake_banking' retrieved from /opt/airflow/dags/minio_to_snowflake_dag.py
[2026-05-09T18:57:22.987+0000] {logging_mixin.py:188} INFO - [2026-05-09T18:57:22.986+0000] {dag.py:3089} INFO - Sync 1 DAGs
[2026-05-09T18:57:23.019+0000] {logging_mixin.py:188} INFO - [2026-05-09T18:57:23.018+0000] {dag.py:3947} INFO - Setting next_dagrun for minio_to_snowflake_banking to 2026-05-09 18:56:00+00:00, run_after=2026-05-09 18:57:00+00:00
[2026-05-09T18:57:23.054+0000] {processor.py:183} INFO - Processing /opt/airflow/dags/minio_to_snowflake_dag.py took 1.117 seconds
[2026-05-09T18:57:53.249+0000] {processor.py:161} INFO - Started process (PID=153) to work on /opt/airflow/dags/minio_to_snowflake_dag.py
[2026-05-09T18:57:53.252+0000] {processor.py:830} INFO - Processing file /opt/airflow/dags/minio_to_snowflake_dag.py for tasks to queue
[2026-05-09T18:57:53.258+0000] {logging_mixin.py:188} INFO - [2026-05-09T18:57:53.257+0000] {dagbag.py:545} INFO - Filling up the DagBag from /opt/airflow/dags/minio_to_snowflake_dag.py
[2026-05-09T18:57:54.247+0000] {processor.py:840} INFO - DAG(s) 'minio_to_snowflake_banking' retrieved from /opt/airflow/dags/minio_to_snowflake_dag.py
[2026-05-09T18:57:54.284+0000] {logging_mixin.py:188} INFO - [2026-05-09T18:57:54.283+0000] {dag.py:3089} INFO - Sync 1 DAGs
[2026-05-09T18:57:54.314+0000] {logging_mixin.py:188} INFO - [2026-05-09T18:57:54.314+0000] {dag.py:3947} INFO - Setting next_dagrun for minio_to_snowflake_banking to 2026-05-09 18:56:00+00:00, run_after=2026-05-09 18:57:00+00:00
[2026-05-09T18:57:54.355+0000] {processor.py:183} INFO - Processing /opt/airflow/dags/minio_to_snowflake_dag.py took 1.125 seconds
[2026-05-09T18:58:24.605+0000] {processor.py:161} INFO - Started process (PID=157) to work on /opt/airflow/dags/minio_to_snowflake_dag.py
[2026-05-09T18:58:24.608+0000] {processor.py:830} INFO - Processing file /opt/airflow/dags/minio_to_snowflake_dag.py for tasks to queue
[2026-05-09T18:58:24.626+0000] {logging_mixin.py:188} INFO - [2026-05-09T18:58:24.625+0000] {dagbag.py:545} INFO - Filling up the DagBag from /opt/airflow/dags/minio_to_snowflake_dag.py
[2026-05-09T18:58:25.809+0000] {processor.py:840} INFO - DAG(s) 'minio_to_snowflake_banking' retrieved from /opt/airflow/dags/minio_to_snowflake_dag.py
[2026-05-09T18:58:25.858+0000] {logging_mixin.py:188} INFO - [2026-05-09T18:58:25.857+0000] {dag.py:3089} INFO - Sync 1 DAGs
[2026-05-09T18:58:25.972+0000] {logging_mixin.py:188} INFO - [2026-05-09T18:58:25.972+0000] {dag.py:3947} INFO - Setting next_dagrun for minio_to_snowflake_banking to 2026-05-09 18:57:00+00:00, run_after=2026-05-09 18:58:00+00:00
[2026-05-09T18:58:26.062+0000] {processor.py:183} INFO - Processing /opt/airflow/dags/minio_to_snowflake_dag.py took 1.468 seconds
[2026-05-09T18:58:56.454+0000] {processor.py:161} INFO - Started process (PID=161) to work on /opt/airflow/dags/minio_to_snowflake_dag.py
[2026-05-09T18:58:56.457+0000] {processor.py:830} INFO - Processing file /opt/airflow/dags/minio_to_snowflake_dag.py for tasks to queue
[2026-05-09T18:58:56.466+0000] {logging_mixin.py:188} INFO - [2026-05-09T18:58:56.464+0000] {dagbag.py:545} INFO - Filling up the DagBag from /opt/airflow/dags/minio_to_snowflake_dag.py
[2026-05-09T18:58:59.709+0000] {processor.py:840} INFO - DAG(s) 'minio_to_snowflake_banking' retrieved from /opt/airflow/dags/minio_to_snowflake_dag.py
[2026-05-09T18:58:59.918+0000] {logging_mixin.py:188} INFO - [2026-05-09T18:58:59.914+0000] {dag.py:3089} INFO - Sync 1 DAGs
[2026-05-09T18:59:00.172+0000] {logging_mixin.py:188} INFO - [2026-05-09T18:59:00.171+0000] {dag.py:3947} INFO - Setting next_dagrun for minio_to_snowflake_banking to 2026-05-09 18:58:00+00:00, run_after=2026-05-09 18:59:00+00:00
[2026-05-09T18:59:00.291+0000] {processor.py:183} INFO - Processing /opt/airflow/dags/minio_to_snowflake_dag.py took 3.856 seconds
[2026-05-09T18:59:30.630+0000] {processor.py:161} INFO - Started process (PID=165) to work on /opt/airflow/dags/minio_to_snowflake_dag.py
[2026-05-09T18:59:30.632+0000] {processor.py:830} INFO - Processing file /opt/airflow/dags/minio_to_snowflake_dag.py for tasks to queue
[2026-05-09T18:59:30.649+0000] {logging_mixin.py:188} INFO - [2026-05-09T18:59:30.649+0000] {dagbag.py:545} INFO - Filling up the DagBag from /opt/airflow/dags/minio_to_snowflake_dag.py
[2026-05-09T18:59:31.910+0000] {processor.py:840} INFO - DAG(s) 'minio_to_snowflake_banking' retrieved from /opt/airflow/dags/minio_to_snowflake_dag.py
[2026-05-09T18:59:31.957+0000] {logging_mixin.py:188} INFO - [2026-05-09T18:59:31.956+0000] {dag.py:3089} INFO - Sync 1 DAGs
[2026-05-09T18:59:32.035+0000] {logging_mixin.py:188} INFO - [2026-05-09T18:59:32.034+0000] {dag.py:3947} INFO - Setting next_dagrun for minio_to_snowflake_banking to 2026-05-09 18:58:00+00:00, run_after=2026-05-09 18:59:00+00:00
[2026-05-09T18:59:32.088+0000] {processor.py:183} INFO - Processing /opt/airflow/dags/minio_to_snowflake_dag.py took 1.477 seconds
[2026-05-09T19:00:02.412+0000] {processor.py:161} INFO - Started process (PID=169) to work on /opt/airflow/dags/minio_to_snowflake_dag.py
[2026-05-09T19:00:02.414+0000] {processor.py:830} INFO - Processing file /opt/airflow/dags/minio_to_snowflake_dag.py for tasks to queue
[2026-05-09T19:00:02.418+0000] {logging_mixin.py:188} INFO - [2026-05-09T19:00:02.418+0000] {dagbag.py:545} INFO - Filling up the DagBag from /opt/airflow/dags/minio_to_snowflake_dag.py
[2026-05-09T19:00:03.732+0000] {processor.py:840} INFO - DAG(s) 'minio_to_snowflake_banking' retrieved from /opt/airflow/dags/minio_to_snowflake_dag.py
[2026-05-09T19:00:03.814+0000] {logging_mixin.py:188} INFO - [2026-05-09T19:00:03.813+0000] {dag.py:3089} INFO - Sync 1 DAGs
[2026-05-09T19:00:03.860+0000] {logging_mixin.py:188} INFO - [2026-05-09T19:00:03.859+0000] {dag.py:3947} INFO - Setting next_dagrun for minio_to_snowflake_banking to 2026-05-09 18:59:00+00:00, run_after=2026-05-09 19:00:00+00:00
[2026-05-09T19:00:03.895+0000] {processor.py:183} INFO - Processing /opt/airflow/dags/minio_to_snowflake_dag.py took 1.508 seconds
[2026-05-09T19:00:34.147+0000] {processor.py:161} INFO - Started process (PID=173) to work on /opt/airflow/dags/minio_to_snowflake_dag.py
[2026-05-09T19:00:34.150+0000] {processor.py:830} INFO - Processing file /opt/airflow/dags/minio_to_snowflake_dag.py for tasks to queue
[2026-05-09T19:00:34.160+0000] {logging_mixin.py:188} INFO - [2026-05-09T19:00:34.157+0000] {dagbag.py:545} INFO - Filling up the DagBag from /opt/airflow/dags/minio_to_snowflake_dag.py
[2026-05-09T19:00:35.490+0000] {processor.py:840} INFO - DAG(s) 'minio_to_snowflake_banking' retrieved from /opt/airflow/dags/minio_to_snowflake_dag.py
[2026-05-09T19:00:35.630+0000] {logging_mixin.py:188} INFO - [2026-05-09T19:00:35.628+0000] {dag.py:3089} INFO - Sync 1 DAGs
[2026-05-09T19:00:35.699+0000] {logging_mixin.py:188} INFO - [2026-05-09T19:00:35.699+0000] {dag.py:3947} INFO - Setting next_dagrun for minio_to_snowflake_banking to 2026-05-09 18:59:00+00:00, run_after=2026-05-09 19:00:00+00:00
[2026-05-09T19:00:35.742+0000] {processor.py:183} INFO - Processing /opt/airflow/dags/minio_to_snowflake_dag.py took 1.612 seconds
[2026-05-09T19:01:06.076+0000] {processor.py:161} INFO - Started process (PID=177) to work on /opt/airflow/dags/minio_to_snowflake_dag.py
[2026-05-09T19:01:06.078+0000] {processor.py:830} INFO - Processing file /opt/airflow/dags/minio_to_snowflake_dag.py for tasks to queue
[2026-05-09T19:01:06.083+0000] {logging_mixin.py:188} INFO - [2026-05-09T19:01:06.082+0000] {dagbag.py:545} INFO - Filling up the DagBag from /opt/airflow/dags/minio_to_snowflake_dag.py
[2026-05-09T19:01:07.181+0000] {processor.py:840} INFO - DAG(s) 'minio_to_snowflake_banking' retrieved from /opt/airflow/dags/minio_to_snowflake_dag.py
[2026-05-09T19:01:07.231+0000] {logging_mixin.py:188} INFO - [2026-05-09T19:01:07.230+0000] {dag.py:3089} INFO - Sync 1 DAGs
[2026-05-09T19:01:07.287+0000] {logging_mixin.py:188} INFO - [2026-05-09T19:01:07.286+0000] {dag.py:3947} INFO - Setting next_dagrun for minio_to_snowflake_banking to 2026-05-09 19:00:00+00:00, run_after=2026-05-09 19:01:00+00:00
[2026-05-09T19:01:07.357+0000] {processor.py:183} INFO - Processing /opt/airflow/dags/minio_to_snowflake_dag.py took 1.293 seconds
[2026-05-09T19:01:37.787+0000] {processor.py:161} INFO - Started process (PID=181) to work on /opt/airflow/dags/minio_to_snowflake_dag.py
[2026-05-09T19:01:37.790+0000] {processor.py:830} INFO - Processing file /opt/airflow/dags/minio_to_snowflake_dag.py for tasks to queue
[2026-05-09T19:01:37.794+0000] {logging_mixin.py:188} INFO - [2026-05-09T19:01:37.793+0000] {dagbag.py:545} INFO - Filling up the DagBag from /opt/airflow/dags/minio_to_snowflake_dag.py
[2026-05-09T19:01:39.022+0000] {processor.py:840} INFO - DAG(s) 'minio_to_snowflake_banking' retrieved from /opt/airflow/dags/minio_to_snowflake_dag.py
[2026-05-09T19:01:39.069+0000] {logging_mixin.py:188} INFO - [2026-05-09T19:01:39.068+0000] {dag.py:3089} INFO - Sync 1 DAGs
[2026-05-09T19:01:39.105+0000] {logging_mixin.py:188} INFO - [2026-05-09T19:01:39.105+0000] {dag.py:3947} INFO - Setting next_dagrun for minio_to_snowflake_banking to 2026-05-09 19:00:00+00:00, run_after=2026-05-09 19:01:00+00:00
[2026-05-09T19:01:39.139+0000] {processor.py:183} INFO - Processing /opt/airflow/dags/minio_to_snowflake_dag.py took 1.363 seconds
[2026-05-09T19:02:09.418+0000] {processor.py:161} INFO - Started process (PID=185) to work on /opt/airflow/dags/minio_to_snowflake_dag.py
[2026-05-09T19:02:09.420+0000] {processor.py:830} INFO - Processing file /opt/airflow/dags/minio_to_snowflake_dag.py for tasks to queue
[2026-05-09T19:02:09.425+0000] {logging_mixin.py:188} INFO - [2026-05-09T19:02:09.424+0000] {dagbag.py:545} INFO - Filling up the DagBag from /opt/airflow/dags/minio_to_snowflake_dag.py
[2026-05-09T19:02:10.358+0000] {processor.py:840} INFO - DAG(s) 'minio_to_snowflake_banking' retrieved from /opt/airflow/dags/minio_to_snowflake_dag.py
[2026-05-09T19:02:10.427+0000] {logging_mixin.py:188} INFO - [2026-05-09T19:02:10.425+0000] {dag.py:3089} INFO - Sync 1 DAGs
[2026-05-09T19:02:10.494+0000] {logging_mixin.py:188} INFO - [2026-05-09T19:02:10.493+0000] {dag.py:3947} INFO - Setting next_dagrun for minio_to_snowflake_banking to 2026-05-09 19:01:00+00:00, run_after=2026-05-09 19:02:00+00:00
[2026-05-09T19:02:10.534+0000] {processor.py:183} INFO - Processing /opt/airflow/dags/minio_to_snowflake_dag.py took 1.125 seconds
[2026-05-09T19:02:40.711+0000] {processor.py:161} INFO - Started process (PID=189) to work on /opt/airflow/dags/minio_to_snowflake_dag.py
[2026-05-09T19:02:40.714+0000] {processor.py:830} INFO - Processing file /opt/airflow/dags/minio_to_snowflake_dag.py for tasks to queue
[2026-05-09T19:02:40.718+0000] {logging_mixin.py:188} INFO - [2026-05-09T19:02:40.718+0000] {dagbag.py:545} INFO - Filling up the DagBag from /opt/airflow/dags/minio_to_snowflake_dag.py
[2026-05-09T19:02:41.928+0000] {processor.py:840} INFO - DAG(s) 'minio_to_snowflake_banking' retrieved from /opt/airflow/dags/minio_to_snowflake_dag.py
[2026-05-09T19:02:41.970+0000] {logging_mixin.py:188} INFO - [2026-05-09T19:02:41.970+0000] {dag.py:3089} INFO - Sync 1 DAGs
[2026-05-09T19:02:42.000+0000] {logging_mixin.py:188} INFO - [2026-05-09T19:02:42.000+0000] {dag.py:3947} INFO - Setting next_dagrun for minio_to_snowflake_banking to 2026-05-09 19:01:00+00:00, run_after=2026-05-09 19:02:00+00:00
[2026-05-09T19:02:42.029+0000] {processor.py:183} INFO - Processing /opt/airflow/dags/minio_to_snowflake_dag.py took 1.339 seconds
[2026-05-09T19:03:12.143+0000] {processor.py:161} INFO - Started process (PID=193) to work on /opt/airflow/dags/minio_to_snowflake_dag.py
[2026-05-09T19:03:12.145+0000] {processor.py:830} INFO - Processing file /opt/airflow/dags/minio_to_snowflake_dag.py for tasks to queue
[2026-05-09T19:03:12.149+0000] {logging_mixin.py:188} INFO - [2026-05-09T19:03:12.148+0000] {dagbag.py:545} INFO - Filling up the DagBag from /opt/airflow/dags/minio_to_snowflake_dag.py
[2026-05-09T19:03:13.284+0000] {processor.py:840} INFO - DAG(s) 'minio_to_snowflake_banking' retrieved from /opt/airflow/dags/minio_to_snowflake_dag.py
[2026-05-09T19:03:13.355+0000] {logging_mixin.py:188} INFO - [2026-05-09T19:03:13.354+0000] {dag.py:3089} INFO - Sync 1 DAGs
[2026-05-09T19:03:13.447+0000] {logging_mixin.py:188} INFO - [2026-05-09T19:03:13.446+0000] {dag.py:3947} INFO - Setting next_dagrun for minio_to_snowflake_banking to 2026-05-09 19:02:00+00:00, run_after=2026-05-09 19:03:00+00:00
[2026-05-09T19:03:13.534+0000] {processor.py:183} INFO - Processing /opt/airflow/dags/minio_to_snowflake_dag.py took 1.409 seconds
[2026-05-09T19:03:44.057+0000] {processor.py:161} INFO - Started process (PID=197) to work on /opt/airflow/dags/minio_to_snowflake_dag.py
[2026-05-09T19:03:44.060+0000] {processor.py:830} INFO - Processing file /opt/airflow/dags/minio_to_snowflake_dag.py for tasks to queue
[2026-05-09T19:03:44.066+0000] {logging_mixin.py:188} INFO - [2026-05-09T19:03:44.065+0000] {dagbag.py:545} INFO - Filling up the DagBag from /opt/airflow/dags/minio_to_snowflake_dag.py
[2026-05-09T19:03:45.663+0000] {processor.py:840} INFO - DAG(s) 'minio_to_snowflake_banking' retrieved from /opt/airflow/dags/minio_to_snowflake_dag.py
[2026-05-09T19:03:45.714+0000] {logging_mixin.py:188} INFO - [2026-05-09T19:03:45.713+0000] {dag.py:3089} INFO - Sync 1 DAGs
[2026-05-09T19:03:45.756+0000] {logging_mixin.py:188} INFO - [2026-05-09T19:03:45.755+0000] {dag.py:3947} INFO - Setting next_dagrun for minio_to_snowflake_banking to 2026-05-09 19:02:00+00:00, run_after=2026-05-09 19:03:00+00:00
[2026-05-09T19:03:45.796+0000] {processor.py:183} INFO - Processing /opt/airflow/dags/minio_to_snowflake_dag.py took 1.767 seconds
[2026-05-09T19:04:15.954+0000] {processor.py:161} INFO - Started process (PID=201) to work on /opt/airflow/dags/minio_to_snowflake_dag.py
[2026-05-09T19:04:15.958+0000] {processor.py:830} INFO - Processing file /opt/airflow/dags/minio_to_snowflake_dag.py for tasks to queue
[2026-05-09T19:04:15.966+0000] {logging_mixin.py:188} INFO - [2026-05-09T19:04:15.965+0000] {dagbag.py:545} INFO - Filling up the DagBag from /opt/airflow/dags/minio_to_snowflake_dag.py
[2026-05-09T19:04:17.081+0000] {processor.py:840} INFO - DAG(s) 'minio_to_snowflake_banking' retrieved from /opt/airflow/dags/minio_to_snowflake_dag.py
[2026-05-09T19:04:17.125+0000] {logging_mixin.py:188} INFO - [2026-05-09T19:04:17.124+0000] {dag.py:3089} INFO - Sync 1 DAGs
[2026-05-09T19:04:17.159+0000] {logging_mixin.py:188} INFO - [2026-05-09T19:04:17.158+0000] {dag.py:3947} INFO - Setting next_dagrun for minio_to_snowflake_banking to 2026-05-09 19:03:00+00:00, run_after=2026-05-09 19:04:00+00:00
[2026-05-09T19:04:17.191+0000] {processor.py:183} INFO - Processing /opt/airflow/dags/minio_to_snowflake_dag.py took 1.259 seconds
[2026-05-09T19:04:47.490+0000] {processor.py:161} INFO - Started process (PID=205) to work on /opt/airflow/dags/minio_to_snowflake_dag.py
[2026-05-09T19:04:47.492+0000] {processor.py:830} INFO - Processing file /opt/airflow/dags/minio_to_snowflake_dag.py for tasks to queue
[2026-05-09T19:04:47.498+0000] {logging_mixin.py:188} INFO - [2026-05-09T19:04:47.497+0000] {dagbag.py:545} INFO - Filling up the DagBag from /opt/airflow/dags/minio_to_snowflake_dag.py
[2026-05-09T19:04:48.581+0000] {processor.py:840} INFO - DAG(s) 'minio_to_snowflake_banking' retrieved from /opt/airflow/dags/minio_to_snowflake_dag.py
[2026-05-09T19:04:48.629+0000] {logging_mixin.py:188} INFO - [2026-05-09T19:04:48.628+0000] {dag.py:3089} INFO - Sync 1 DAGs
[2026-05-09T19:04:48.724+0000] {logging_mixin.py:188} INFO - [2026-05-09T19:04:48.723+0000] {dag.py:3947} INFO - Setting next_dagrun for minio_to_snowflake_banking to 2026-05-09 19:03:00+00:00, run_after=2026-05-09 19:04:00+00:00
[2026-05-09T19:04:48.792+0000] {processor.py:183} INFO - Processing /opt/airflow/dags/minio_to_snowflake_dag.py took 1.313 seconds
[2026-05-09T19:05:19.109+0000] {processor.py:161} INFO - Started process (PID=209) to work on /opt/airflow/dags/minio_to_snowflake_dag.py
[2026-05-09T19:05:19.111+0000] {processor.py:830} INFO - Processing file /opt/airflow/dags/minio_to_snowflake_dag.py for tasks to queue
[2026-05-09T19:05:19.115+0000] {logging_mixin.py:188} INFO - [2026-05-09T19:05:19.115+0000] {dagbag.py:545} INFO - Filling up the DagBag from /opt/airflow/dags/minio_to_snowflake_dag.py
[2026-05-09T19:05:20.526+0000] {processor.py:840} INFO - DAG(s) 'minio_to_snowflake_banking' retrieved from /opt/airflow/dags/minio_to_snowflake_dag.py
[2026-05-09T19:05:20.572+0000] {logging_mixin.py:188} INFO - [2026-05-09T19:05:20.571+0000] {dag.py:3089} INFO - Sync 1 DAGs
[2026-05-09T19:05:20.608+0000] {logging_mixin.py:188} INFO - [2026-05-09T19:05:20.608+0000] {dag.py:3947} INFO - Setting next_dagrun for minio_to_snowflake_banking to 2026-05-09 19:04:00+00:00, run_after=2026-05-09 19:05:00+00:00
[2026-05-09T19:05:20.641+0000] {processor.py:183} INFO - Processing /opt/airflow/dags/minio_to_snowflake_dag.py took 1.553 seconds
[2026-05-09T19:05:51.028+0000] {processor.py:161} INFO - Started process (PID=213) to work on /opt/airflow/dags/minio_to_snowflake_dag.py
[2026-05-09T19:05:51.031+0000] {processor.py:830} INFO - Processing file /opt/airflow/dags/minio_to_snowflake_dag.py for tasks to queue
[2026-05-09T19:05:51.039+0000] {logging_mixin.py:188} INFO - [2026-05-09T19:05:51.037+0000] {dagbag.py:545} INFO - Filling up the DagBag from /opt/airflow/dags/minio_to_snowflake_dag.py
[2026-05-09T19:05:52.091+0000] {processor.py:840} INFO - DAG(s) 'minio_to_snowflake_banking' retrieved from /opt/airflow/dags/minio_to_snowflake_dag.py
[2026-05-09T19:05:52.137+0000] {logging_mixin.py:188} INFO - [2026-05-09T19:05:52.135+0000] {dag.py:3089} INFO - Sync 1 DAGs
[2026-05-09T19:05:52.223+0000] {logging_mixin.py:188} INFO - [2026-05-09T19:05:52.222+0000] {dag.py:3947} INFO - Setting next_dagrun for minio_to_snowflake_banking to 2026-05-09 19:04:00+00:00, run_after=2026-05-09 19:05:00+00:00
[2026-05-09T19:05:52.895+0000] {processor.py:183} INFO - Processing /opt/airflow/dags/minio_to_snowflake_dag.py took 1.879 seconds
[2026-05-09T19:06:23.297+0000] {processor.py:161} INFO - Started process (PID=218) to work on /opt/airflow/dags/minio_to_snowflake_dag.py
[2026-05-09T19:06:23.304+0000] {processor.py:830} INFO - Processing file /opt/airflow/dags/minio_to_snowflake_dag.py for tasks to queue
[2026-05-09T19:06:23.323+0000] {logging_mixin.py:188} INFO - [2026-05-09T19:06:23.320+0000] {dagbag.py:545} INFO - Filling up the DagBag from /opt/airflow/dags/minio_to_snowflake_dag.py
[2026-05-09T19:06:28.618+0000] {processor.py:840} INFO - DAG(s) 'minio_to_snowflake_banking' retrieved from /opt/airflow/dags/minio_to_snowflake_dag.py
[2026-05-09T19:06:28.775+0000] {logging_mixin.py:188} INFO - [2026-05-09T19:06:28.773+0000] {dag.py:3089} INFO - Sync 1 DAGs
[2026-05-09T19:06:28.934+0000] {logging_mixin.py:188} INFO - [2026-05-09T19:06:28.933+0000] {dag.py:3947} INFO - Setting next_dagrun for minio_to_snowflake_banking to 2026-05-09 19:05:00+00:00, run_after=2026-05-09 19:06:00+00:00
[2026-05-09T19:06:29.003+0000] {processor.py:183} INFO - Processing /opt/airflow/dags/minio_to_snowflake_dag.py took 5.756 seconds
[2026-05-09T19:06:59.487+0000] {processor.py:161} INFO - Started process (PID=306) to work on /opt/airflow/dags/minio_to_snowflake_dag.py
[2026-05-09T19:06:59.492+0000] {processor.py:830} INFO - Processing file /opt/airflow/dags/minio_to_snowflake_dag.py for tasks to queue
[2026-05-09T19:06:59.503+0000] {logging_mixin.py:188} INFO - [2026-05-09T19:06:59.501+0000] {dagbag.py:545} INFO - Filling up the DagBag from /opt/airflow/dags/minio_to_snowflake_dag.py
[2026-05-09T19:07:01.978+0000] {processor.py:840} INFO - DAG(s) 'minio_to_snowflake_banking' retrieved from /opt/airflow/dags/minio_to_snowflake_dag.py
[2026-05-09T19:07:02.059+0000] {logging_mixin.py:188} INFO - [2026-05-09T19:07:02.057+0000] {dag.py:3089} INFO - Sync 1 DAGs
[2026-05-09T19:07:02.133+0000] {logging_mixin.py:188} INFO - [2026-05-09T19:07:02.132+0000] {dag.py:3947} INFO - Setting next_dagrun for minio_to_snowflake_banking to 2026-05-09 19:06:00+00:00, run_after=2026-05-09 19:07:00+00:00
[2026-05-09T19:07:02.181+0000] {processor.py:183} INFO - Processing /opt/airflow/dags/minio_to_snowflake_dag.py took 2.756 seconds
[2026-05-09T19:07:32.433+0000] {processor.py:161} INFO - Started process (PID=384) to work on /opt/airflow/dags/minio_to_snowflake_dag.py
[2026-05-09T19:07:32.435+0000] {processor.py:830} INFO - Processing file /opt/airflow/dags/minio_to_snowflake_dag.py for tasks to queue
[2026-05-09T19:07:32.439+0000] {logging_mixin.py:188} INFO - [2026-05-09T19:07:32.438+0000] {dagbag.py:545} INFO - Filling up the DagBag from /opt/airflow/dags/minio_to_snowflake_dag.py
[2026-05-09T19:07:33.661+0000] {processor.py:840} INFO - DAG(s) 'minio_to_snowflake_banking' retrieved from /opt/airflow/dags/minio_to_snowflake_dag.py
[2026-05-09T19:07:33.749+0000] {logging_mixin.py:188} INFO - [2026-05-09T19:07:33.748+0000] {dag.py:3089} INFO - Sync 1 DAGs
[2026-05-09T19:07:33.817+0000] {logging_mixin.py:188} INFO - [2026-05-09T19:07:33.816+0000] {dag.py:3947} INFO - Setting next_dagrun for minio_to_snowflake_banking to 2026-05-09 19:06:00+00:00, run_after=2026-05-09 19:07:00+00:00
[2026-05-09T19:07:33.872+0000] {processor.py:183} INFO - Processing /opt/airflow/dags/minio_to_snowflake_dag.py took 1.449 seconds
[2026-05-09T19:08:04.169+0000] {processor.py:161} INFO - Started process (PID=483) to work on /opt/airflow/dags/minio_to_snowflake_dag.py
[2026-05-09T19:08:04.171+0000] {processor.py:830} INFO - Processing file /opt/airflow/dags/minio_to_snowflake_dag.py for tasks to queue
[2026-05-09T19:08:04.177+0000] {logging_mixin.py:188} INFO - [2026-05-09T19:08:04.176+0000] {dagbag.py:545} INFO - Filling up the DagBag from /opt/airflow/dags/minio_to_snowflake_dag.py
[2026-05-09T19:08:05.596+0000] {processor.py:840} INFO - DAG(s) 'minio_to_snowflake_banking' retrieved from /opt/airflow/dags/minio_to_snowflake_dag.py
[2026-05-09T19:08:05.661+0000] {logging_mixin.py:188} INFO - [2026-05-09T19:08:05.661+0000] {dag.py:3089} INFO - Sync 1 DAGs
[2026-05-09T19:08:05.708+0000] {logging_mixin.py:188} INFO - [2026-05-09T19:08:05.707+0000] {dag.py:3947} INFO - Setting next_dagrun for minio_to_snowflake_banking to 2026-05-09 19:07:00+00:00, run_after=2026-05-09 19:08:00+00:00
[2026-05-09T19:08:05.749+0000] {processor.py:183} INFO - Processing /opt/airflow/dags/minio_to_snowflake_dag.py took 1.592 seconds
[2026-05-09T19:08:36.052+0000] {processor.py:161} INFO - Started process (PID=578) to work on /opt/airflow/dags/minio_to_snowflake_dag.py
[2026-05-09T19:08:36.055+0000] {processor.py:830} INFO - Processing file /opt/airflow/dags/minio_to_snowflake_dag.py for tasks to queue
[2026-05-09T19:08:36.060+0000] {logging_mixin.py:188} INFO - [2026-05-09T19:08:36.059+0000] {dagbag.py:545} INFO - Filling up the DagBag from /opt/airflow/dags/minio_to_snowflake_dag.py
[2026-05-09T19:08:37.301+0000] {processor.py:840} INFO - DAG(s) 'minio_to_snowflake_banking' retrieved from /opt/airflow/dags/minio_to_snowflake_dag.py
[2026-05-09T19:08:37.431+0000] {logging_mixin.py:188} INFO - [2026-05-09T19:08:37.431+0000] {dag.py:3089} INFO - Sync 1 DAGs
[2026-05-09T19:08:37.468+0000] {logging_mixin.py:188} INFO - [2026-05-09T19:08:37.468+0000] {dag.py:3947} INFO - Setting next_dagrun for minio_to_snowflake_banking to 2026-05-09 19:08:00+00:00, run_after=2026-05-09 19:09:00+00:00
[2026-05-09T19:08:37.502+0000] {processor.py:183} INFO - Processing /opt/airflow/dags/minio_to_snowflake_dag.py took 1.463 seconds
[2026-05-09T19:09:07.709+0000] {processor.py:161} INFO - Started process (PID=604) to work on /opt/airflow/dags/minio_to_snowflake_dag.py
[2026-05-09T19:09:07.711+0000] {processor.py:830} INFO - Processing file /opt/airflow/dags/minio_to_snowflake_dag.py for tasks to queue
[2026-05-09T19:09:07.716+0000] {logging_mixin.py:188} INFO - [2026-05-09T19:09:07.715+0000] {dagbag.py:545} INFO - Filling up the DagBag from /opt/airflow/dags/minio_to_snowflake_dag.py
[2026-05-09T19:09:08.871+0000] {processor.py:840} INFO - DAG(s) 'minio_to_snowflake_banking' retrieved from /opt/airflow/dags/minio_to_snowflake_dag.py
[2026-05-09T19:09:08.927+0000] {logging_mixin.py:188} INFO - [2026-05-09T19:09:08.926+0000] {dag.py:3089} INFO - Sync 1 DAGs
[2026-05-09T19:09:08.963+0000] {logging_mixin.py:188} INFO - [2026-05-09T19:09:08.962+0000] {dag.py:3947} INFO - Setting next_dagrun for minio_to_snowflake_banking to 2026-05-09 19:09:00+00:00, run_after=2026-05-09 19:10:00+00:00
[2026-05-09T19:09:08.992+0000] {processor.py:183} INFO - Processing /opt/airflow/dags/minio_to_snowflake_dag.py took 1.294 seconds
[2026-05-09T19:09:39.291+0000] {processor.py:161} INFO - Started process (PID=667) to work on /opt/airflow/dags/minio_to_snowflake_dag.py
[2026-05-09T19:09:39.293+0000] {processor.py:830} INFO - Processing file /opt/airflow/dags/minio_to_snowflake_dag.py for tasks to queue
[2026-05-09T19:09:39.299+0000] {logging_mixin.py:188} INFO - [2026-05-09T19:09:39.298+0000] {dagbag.py:545} INFO - Filling up the DagBag from /opt/airflow/dags/minio_to_snowflake_dag.py
[2026-05-09T19:09:40.940+0000] {processor.py:840} INFO - DAG(s) 'minio_to_snowflake_banking' retrieved from /opt/airflow/dags/minio_to_snowflake_dag.py
[2026-05-09T19:09:41.000+0000] {logging_mixin.py:188} INFO - [2026-05-09T19:09:40.999+0000] {dag.py:3089} INFO - Sync 1 DAGs
[2026-05-09T19:09:41.033+0000] {logging_mixin.py:188} INFO - [2026-05-09T19:09:41.032+0000] {dag.py:3947} INFO - Setting next_dagrun for minio_to_snowflake_banking to 2026-05-09 19:09:00+00:00, run_after=2026-05-09 19:10:00+00:00
[2026-05-09T19:09:41.067+0000] {processor.py:183} INFO - Processing /opt/airflow/dags/minio_to_snowflake_dag.py took 1.793 seconds
[2026-05-09T19:10:11.384+0000] {processor.py:161} INFO - Started process (PID=709) to work on /opt/airflow/dags/minio_to_snowflake_dag.py
[2026-05-09T19:10:11.386+0000] {processor.py:830} INFO - Processing file /opt/airflow/dags/minio_to_snowflake_dag.py for tasks to queue
[2026-05-09T19:10:11.391+0000] {logging_mixin.py:188} INFO - [2026-05-09T19:10:11.390+0000] {dagbag.py:545} INFO - Filling up the DagBag from /opt/airflow/dags/minio_to_snowflake_dag.py
[2026-05-09T19:10:12.965+0000] {processor.py:840} INFO - DAG(s) 'minio_to_snowflake_banking' retrieved from /opt/airflow/dags/minio_to_snowflake_dag.py
[2026-05-09T19:10:13.013+0000] {logging_mixin.py:188} INFO - [2026-05-09T19:10:13.012+0000] {dag.py:3089} INFO - Sync 1 DAGs
[2026-05-09T19:10:13.059+0000] {logging_mixin.py:188} INFO - [2026-05-09T19:10:13.058+0000] {dag.py:3947} INFO - Setting next_dagrun for minio_to_snowflake_banking to 2026-05-09 19:10:00+00:00, run_after=2026-05-09 19:11:00+00:00
[2026-05-09T19:10:13.106+0000] {processor.py:183} INFO - Processing /opt/airflow/dags/minio_to_snowflake_dag.py took 1.736 seconds
[2026-05-09T19:10:43.495+0000] {processor.py:161} INFO - Started process (PID=743) to work on /opt/airflow/dags/minio_to_snowflake_dag.py
[2026-05-09T19:10:43.498+0000] {processor.py:830} INFO - Processing file /opt/airflow/dags/minio_to_snowflake_dag.py for tasks to queue
[2026-05-09T19:10:43.502+0000] {logging_mixin.py:188} INFO - [2026-05-09T19:10:43.502+0000] {dagbag.py:545} INFO - Filling up the DagBag from /opt/airflow/dags/minio_to_snowflake_dag.py
[2026-05-09T19:10:45.780+0000] {processor.py:840} INFO - DAG(s) 'minio_to_snowflake_banking' retrieved from /opt/airflow/dags/minio_to_snowflake_dag.py
[2026-05-09T19:10:45.835+0000] {logging_mixin.py:188} INFO - [2026-05-09T19:10:45.834+0000] {dag.py:3089} INFO - Sync 1 DAGs
[2026-05-09T19:10:45.875+0000] {logging_mixin.py:188} INFO - [2026-05-09T19:10:45.875+0000] {dag.py:3947} INFO - Setting next_dagrun for minio_to_snowflake_banking to 2026-05-09 19:10:00+00:00, run_after=2026-05-09 19:11:00+00:00
[2026-05-09T19:10:45.908+0000] {processor.py:183} INFO - Processing /opt/airflow/dags/minio_to_snowflake_dag.py took 2.428 seconds
[2026-05-09T19:11:16.264+0000] {processor.py:161} INFO - Started process (PID=797) to work on /opt/airflow/dags/minio_to_snowflake_dag.py
[2026-05-09T19:11:16.267+0000] {processor.py:830} INFO - Processing file /opt/airflow/dags/minio_to_snowflake_dag.py for tasks to queue
[2026-05-09T19:11:16.273+0000] {logging_mixin.py:188} INFO - [2026-05-09T19:11:16.272+0000] {dagbag.py:545} INFO - Filling up the DagBag from /opt/airflow/dags/minio_to_snowflake_dag.py
[2026-05-09T19:11:18.089+0000] {processor.py:840} INFO - DAG(s) 'minio_to_snowflake_banking' retrieved from /opt/airflow/dags/minio_to_snowflake_dag.py
[2026-05-09T19:11:18.200+0000] {logging_mixin.py:188} INFO - [2026-05-09T19:11:18.199+0000] {dag.py:3089} INFO - Sync 1 DAGs
[2026-05-09T19:11:18.270+0000] {logging_mixin.py:188} INFO - [2026-05-09T19:11:18.269+0000] {dag.py:3947} INFO - Setting next_dagrun for minio_to_snowflake_banking to 2026-05-09 19:11:00+00:00, run_after=2026-05-09 19:12:00+00:00
[2026-05-09T19:11:18.306+0000] {processor.py:183} INFO - Processing /opt/airflow/dags/minio_to_snowflake_dag.py took 2.065 seconds
[2026-05-09T19:11:48.499+0000] {processor.py:161} INFO - Started process (PID=820) to work on /opt/airflow/dags/minio_to_snowflake_dag.py
[2026-05-09T19:11:48.502+0000] {processor.py:830} INFO - Processing file /opt/airflow/dags/minio_to_snowflake_dag.py for tasks to queue
[2026-05-09T19:11:48.506+0000] {logging_mixin.py:188} INFO - [2026-05-09T19:11:48.505+0000] {dagbag.py:545} INFO - Filling up the DagBag from /opt/airflow/dags/minio_to_snowflake_dag.py
[2026-05-09T19:11:49.629+0000] {processor.py:840} INFO - DAG(s) 'minio_to_snowflake_banking' retrieved from /opt/airflow/dags/minio_to_snowflake_dag.py
[2026-05-09T19:11:49.668+0000] {logging_mixin.py:188} INFO - [2026-05-09T19:11:49.668+0000] {dag.py:3089} INFO - Sync 1 DAGs
[2026-05-09T19:11:49.702+0000] {logging_mixin.py:188} INFO - [2026-05-09T19:11:49.702+0000] {dag.py:3947} INFO - Setting next_dagrun for minio_to_snowflake_banking to 2026-05-09 19:11:00+00:00, run_after=2026-05-09 19:12:00+00:00
[2026-05-09T19:11:49.733+0000] {processor.py:183} INFO - Processing /opt/airflow/dags/minio_to_snowflake_dag.py took 1.252 seconds
[2026-05-09T19:12:20.062+0000] {processor.py:161} INFO - Started process (PID=881) to work on /opt/airflow/dags/minio_to_snowflake_dag.py
[2026-05-09T19:12:20.065+0000] {processor.py:830} INFO - Processing file /opt/airflow/dags/minio_to_snowflake_dag.py for tasks to queue
[2026-05-09T19:12:20.073+0000] {logging_mixin.py:188} INFO - [2026-05-09T19:12:20.072+0000] {dagbag.py:545} INFO - Filling up the DagBag from /opt/airflow/dags/minio_to_snowflake_dag.py
[2026-05-09T19:12:22.545+0000] {processor.py:840} INFO - DAG(s) 'minio_to_snowflake_banking' retrieved from /opt/airflow/dags/minio_to_snowflake_dag.py
[2026-05-09T19:12:22.659+0000] {logging_mixin.py:188} INFO - [2026-05-09T19:12:22.658+0000] {dag.py:3089} INFO - Sync 1 DAGs
[2026-05-09T19:12:22.710+0000] {logging_mixin.py:188} INFO - [2026-05-09T19:12:22.710+0000] {dag.py:3947} INFO - Setting next_dagrun for minio_to_snowflake_banking to 2026-05-09 19:12:00+00:00, run_after=2026-05-09 19:13:00+00:00
[2026-05-09T19:12:22.767+0000] {processor.py:183} INFO - Processing /opt/airflow/dags/minio_to_snowflake_dag.py took 2.723 seconds
[2026-05-09T19:12:53.098+0000] {processor.py:161} INFO - Started process (PID=897) to work on /opt/airflow/dags/minio_to_snowflake_dag.py
[2026-05-09T19:12:53.100+0000] {processor.py:830} INFO - Processing file /opt/airflow/dags/minio_to_snowflake_dag.py for tasks to queue
[2026-05-09T19:12:53.104+0000] {logging_mixin.py:188} INFO - [2026-05-09T19:12:53.103+0000] {dagbag.py:545} INFO - Filling up the DagBag from /opt/airflow/dags/minio_to_snowflake_dag.py
[2026-05-09T19:12:54.594+0000] {processor.py:840} INFO - DAG(s) 'minio_to_snowflake_banking' retrieved from /opt/airflow/dags/minio_to_snowflake_dag.py
[2026-05-09T19:12:54.630+0000] {logging_mixin.py:188} INFO - [2026-05-09T19:12:54.629+0000] {dag.py:3089} INFO - Sync 1 DAGs
[2026-05-09T19:12:54.662+0000] {logging_mixin.py:188} INFO - [2026-05-09T19:12:54.662+0000] {dag.py:3947} INFO - Setting next_dagrun for minio_to_snowflake_banking to 2026-05-09 19:12:00+00:00, run_after=2026-05-09 19:13:00+00:00
[2026-05-09T19:12:54.691+0000] {processor.py:183} INFO - Processing /opt/airflow/dags/minio_to_snowflake_dag.py took 1.605 seconds
[2026-05-09T19:13:25.040+0000] {processor.py:161} INFO - Started process (PID=970) to work on /opt/airflow/dags/minio_to_snowflake_dag.py
[2026-05-09T19:13:25.043+0000] {processor.py:830} INFO - Processing file /opt/airflow/dags/minio_to_snowflake_dag.py for tasks to queue
[2026-05-09T19:13:25.049+0000] {logging_mixin.py:188} INFO - [2026-05-09T19:13:25.048+0000] {dagbag.py:545} INFO - Filling up the DagBag from /opt/airflow/dags/minio_to_snowflake_dag.py
[2026-05-09T19:13:27.271+0000] {processor.py:840} INFO - DAG(s) 'minio_to_snowflake_banking' retrieved from /opt/airflow/dags/minio_to_snowflake_dag.py
[2026-05-09T19:13:27.362+0000] {logging_mixin.py:188} INFO - [2026-05-09T19:13:27.359+0000] {dag.py:3089} INFO - Sync 1 DAGs
[2026-05-09T19:13:27.412+0000] {logging_mixin.py:188} INFO - [2026-05-09T19:13:27.411+0000] {dag.py:3947} INFO - Setting next_dagrun for minio_to_snowflake_banking to 2026-05-09 19:13:00+00:00, run_after=2026-05-09 19:14:00+00:00
[2026-05-09T19:13:27.457+0000] {processor.py:183} INFO - Processing /opt/airflow/dags/minio_to_snowflake_dag.py took 2.437 seconds
[2026-05-09T19:13:57.667+0000] {processor.py:161} INFO - Started process (PID=974) to work on /opt/airflow/dags/minio_to_snowflake_dag.py
[2026-05-09T19:13:57.669+0000] {processor.py:830} INFO - Processing file /opt/airflow/dags/minio_to_snowflake_dag.py for tasks to queue
[2026-05-09T19:13:57.673+0000] {logging_mixin.py:188} INFO - [2026-05-09T19:13:57.673+0000] {dagbag.py:545} INFO - Filling up the DagBag from /opt/airflow/dags/minio_to_snowflake_dag.py
[2026-05-09T19:13:59.241+0000] {processor.py:840} INFO - DAG(s) 'minio_to_snowflake_banking' retrieved from /opt/airflow/dags/minio_to_snowflake_dag.py
[2026-05-09T19:13:59.306+0000] {logging_mixin.py:188} INFO - [2026-05-09T19:13:59.304+0000] {dag.py:3089} INFO - Sync 1 DAGs
[2026-05-09T19:13:59.360+0000] {logging_mixin.py:188} INFO - [2026-05-09T19:13:59.359+0000] {dag.py:3947} INFO - Setting next_dagrun for minio_to_snowflake_banking to 2026-05-09 19:13:00+00:00, run_after=2026-05-09 19:14:00+00:00
[2026-05-09T19:13:59.420+0000] {processor.py:183} INFO - Processing /opt/airflow/dags/minio_to_snowflake_dag.py took 1.767 seconds
[2026-05-09T19:14:29.822+0000] {processor.py:161} INFO - Started process (PID=1047) to work on /opt/airflow/dags/minio_to_snowflake_dag.py
[2026-05-09T19:14:29.824+0000] {processor.py:830} INFO - Processing file /opt/airflow/dags/minio_to_snowflake_dag.py for tasks to queue
[2026-05-09T19:14:29.828+0000] {logging_mixin.py:188} INFO - [2026-05-09T19:14:29.828+0000] {dagbag.py:545} INFO - Filling up the DagBag from /opt/airflow/dags/minio_to_snowflake_dag.py
[2026-05-09T19:14:31.026+0000] {processor.py:840} INFO - DAG(s) 'minio_to_snowflake_banking' retrieved from /opt/airflow/dags/minio_to_snowflake_dag.py
[2026-05-09T19:14:31.095+0000] {logging_mixin.py:188} INFO - [2026-05-09T19:14:31.094+0000] {dag.py:3089} INFO - Sync 1 DAGs
[2026-05-09T19:14:31.131+0000] {logging_mixin.py:188} INFO - [2026-05-09T19:14:31.131+0000] {dag.py:3947} INFO - Setting next_dagrun for minio_to_snowflake_banking to 2026-05-09 19:14:00+00:00, run_after=2026-05-09 19:15:00+00:00
[2026-05-09T19:14:31.171+0000] {processor.py:183} INFO - Processing /opt/airflow/dags/minio_to_snowflake_dag.py took 1.359 seconds
[2026-05-09T19:15:01.462+0000] {processor.py:161} INFO - Started process (PID=1052) to work on /opt/airflow/dags/minio_to_snowflake_dag.py
[2026-05-09T19:15:01.464+0000] {processor.py:830} INFO - Processing file /opt/airflow/dags/minio_to_snowflake_dag.py for tasks to queue
[2026-05-09T19:15:01.468+0000] {logging_mixin.py:188} INFO - [2026-05-09T19:15:01.468+0000] {dagbag.py:545} INFO - Filling up the DagBag from /opt/airflow/dags/minio_to_snowflake_dag.py
[2026-05-09T19:15:02.517+0000] {processor.py:840} INFO - DAG(s) 'minio_to_snowflake_banking' retrieved from /opt/airflow/dags/minio_to_snowflake_dag.py
[2026-05-09T19:15:02.556+0000] {logging_mixin.py:188} INFO - [2026-05-09T19:15:02.555+0000] {dag.py:3089} INFO - Sync 1 DAGs
[2026-05-09T19:15:02.592+0000] {logging_mixin.py:188} INFO - [2026-05-09T19:15:02.592+0000] {dag.py:3947} INFO - Setting next_dagrun for minio_to_snowflake_banking to 2026-05-09 19:15:00+00:00, run_after=2026-05-09 19:16:00+00:00
[2026-05-09T19:15:02.622+0000] {processor.py:183} INFO - Processing /opt/airflow/dags/minio_to_snowflake_dag.py took 1.172 seconds
[2026-05-09T19:15:32.719+0000] {processor.py:161} INFO - Started process (PID=1124) to work on /opt/airflow/dags/minio_to_snowflake_dag.py
[2026-05-09T19:15:32.721+0000] {processor.py:830} INFO - Processing file /opt/airflow/dags/minio_to_snowflake_dag.py for tasks to queue
[2026-05-09T19:15:32.725+0000] {logging_mixin.py:188} INFO - [2026-05-09T19:15:32.724+0000] {dagbag.py:545} INFO - Filling up the DagBag from /opt/airflow/dags/minio_to_snowflake_dag.py
[2026-05-09T19:15:33.941+0000] {processor.py:840} INFO - DAG(s) 'minio_to_snowflake_banking' retrieved from /opt/airflow/dags/minio_to_snowflake_dag.py
[2026-05-09T19:15:34.027+0000] {logging_mixin.py:188} INFO - [2026-05-09T19:15:34.025+0000] {dag.py:3089} INFO - Sync 1 DAGs
[2026-05-09T19:15:34.081+0000] {logging_mixin.py:188} INFO - [2026-05-09T19:15:34.080+0000] {dag.py:3947} INFO - Setting next_dagrun for minio_to_snowflake_banking to 2026-05-09 19:15:00+00:00, run_after=2026-05-09 19:16:00+00:00
[2026-05-09T19:15:34.132+0000] {processor.py:183} INFO - Processing /opt/airflow/dags/minio_to_snowflake_dag.py took 1.427 seconds
[2026-05-09T19:16:04.426+0000] {processor.py:161} INFO - Started process (PID=1129) to work on /opt/airflow/dags/minio_to_snowflake_dag.py
[2026-05-09T19:16:04.427+0000] {processor.py:830} INFO - Processing file /opt/airflow/dags/minio_to_snowflake_dag.py for tasks to queue
[2026-05-09T19:16:04.431+0000] {logging_mixin.py:188} INFO - [2026-05-09T19:16:04.430+0000] {dagbag.py:545} INFO - Filling up the DagBag from /opt/airflow/dags/minio_to_snowflake_dag.py
[2026-05-09T19:16:05.739+0000] {processor.py:840} INFO - DAG(s) 'minio_to_snowflake_banking' retrieved from /opt/airflow/dags/minio_to_snowflake_dag.py
[2026-05-09T19:16:05.787+0000] {logging_mixin.py:188} INFO - [2026-05-09T19:16:05.786+0000] {dag.py:3089} INFO - Sync 1 DAGs
[2026-05-09T19:16:05.821+0000] {logging_mixin.py:188} INFO - [2026-05-09T19:16:05.821+0000] {dag.py:3947} INFO - Setting next_dagrun for minio_to_snowflake_banking to 2026-05-09 19:16:00+00:00, run_after=2026-05-09 19:17:00+00:00
[2026-05-09T19:16:05.851+0000] {processor.py:183} INFO - Processing /opt/airflow/dags/minio_to_snowflake_dag.py took 1.436 seconds
[2026-05-09T19:16:36.201+0000] {processor.py:161} INFO - Started process (PID=1201) to work on /opt/airflow/dags/minio_to_snowflake_dag.py
[2026-05-09T19:16:36.208+0000] {processor.py:830} INFO - Processing file /opt/airflow/dags/minio_to_snowflake_dag.py for tasks to queue
[2026-05-09T19:16:36.214+0000] {logging_mixin.py:188} INFO - [2026-05-09T19:16:36.213+0000] {dagbag.py:545} INFO - Filling up the DagBag from /opt/airflow/dags/minio_to_snowflake_dag.py
[2026-05-09T19:16:38.047+0000] {processor.py:840} INFO - DAG(s) 'minio_to_snowflake_banking' retrieved from /opt/airflow/dags/minio_to_snowflake_dag.py
[2026-05-09T19:16:38.115+0000] {logging_mixin.py:188} INFO - [2026-05-09T19:16:38.115+0000] {dag.py:3089} INFO - Sync 1 DAGs
[2026-05-09T19:16:38.147+0000] {logging_mixin.py:188} INFO - [2026-05-09T19:16:38.146+0000] {dag.py:3947} INFO - Setting next_dagrun for minio_to_snowflake_banking to 2026-05-09 19:16:00+00:00, run_after=2026-05-09 19:17:00+00:00
[2026-05-09T19:16:38.181+0000] {processor.py:183} INFO - Processing /opt/airflow/dags/minio_to_snowflake_dag.py took 2.009 seconds
[2026-05-09T19:17:08.419+0000] {processor.py:161} INFO - Started process (PID=1244) to work on /opt/airflow/dags/minio_to_snowflake_dag.py
[2026-05-09T19:17:08.421+0000] {processor.py:830} INFO - Processing file /opt/airflow/dags/minio_to_snowflake_dag.py for tasks to queue
[2026-05-09T19:17:08.424+0000] {logging_mixin.py:188} INFO - [2026-05-09T19:17:08.424+0000] {dagbag.py:545} INFO - Filling up the DagBag from /opt/airflow/dags/minio_to_snowflake_dag.py
[2026-05-09T19:17:09.625+0000] {processor.py:840} INFO - DAG(s) 'minio_to_snowflake_banking' retrieved from /opt/airflow/dags/minio_to_snowflake_dag.py
[2026-05-09T19:17:09.663+0000] {logging_mixin.py:188} INFO - [2026-05-09T19:17:09.662+0000] {dag.py:3089} INFO - Sync 1 DAGs
[2026-05-09T19:17:09.696+0000] {logging_mixin.py:188} INFO - [2026-05-09T19:17:09.695+0000] {dag.py:3947} INFO - Setting next_dagrun for minio_to_snowflake_banking to 2026-05-09 19:17:00+00:00, run_after=2026-05-09 19:18:00+00:00
[2026-05-09T19:17:09.725+0000] {processor.py:183} INFO - Processing /opt/airflow/dags/minio_to_snowflake_dag.py took 1.318 seconds
[2026-05-09T19:17:40.035+0000] {processor.py:161} INFO - Started process (PID=1277) to work on /opt/airflow/dags/minio_to_snowflake_dag.py
[2026-05-09T19:17:40.037+0000] {processor.py:830} INFO - Processing file /opt/airflow/dags/minio_to_snowflake_dag.py for tasks to queue
[2026-05-09T19:17:40.041+0000] {logging_mixin.py:188} INFO - [2026-05-09T19:17:40.040+0000] {dagbag.py:545} INFO - Filling up the DagBag from /opt/airflow/dags/minio_to_snowflake_dag.py
[2026-05-09T19:17:41.234+0000] {processor.py:840} INFO - DAG(s) 'minio_to_snowflake_banking' retrieved from /opt/airflow/dags/minio_to_snowflake_dag.py
[2026-05-09T19:17:41.272+0000] {logging_mixin.py:188} INFO - [2026-05-09T19:17:41.271+0000] {dag.py:3089} INFO - Sync 1 DAGs
[2026-05-09T19:17:41.300+0000] {logging_mixin.py:188} INFO - [2026-05-09T19:17:41.300+0000] {dag.py:3947} INFO - Setting next_dagrun for minio_to_snowflake_banking to 2026-05-09 19:17:00+00:00, run_after=2026-05-09 19:18:00+00:00
[2026-05-09T19:17:41.327+0000] {processor.py:183} INFO - Processing /opt/airflow/dags/minio_to_snowflake_dag.py took 1.304 seconds
[2026-05-09T19:18:11.619+0000] {processor.py:161} INFO - Started process (PID=1320) to work on /opt/airflow/dags/minio_to_snowflake_dag.py
[2026-05-09T19:18:11.621+0000] {processor.py:830} INFO - Processing file /opt/airflow/dags/minio_to_snowflake_dag.py for tasks to queue
[2026-05-09T19:18:11.625+0000] {logging_mixin.py:188} INFO - [2026-05-09T19:18:11.624+0000] {dagbag.py:545} INFO - Filling up the DagBag from /opt/airflow/dags/minio_to_snowflake_dag.py
[2026-05-09T19:18:13.308+0000] {processor.py:840} INFO - DAG(s) 'minio_to_snowflake_banking' retrieved from /opt/airflow/dags/minio_to_snowflake_dag.py
[2026-05-09T19:18:13.354+0000] {logging_mixin.py:188} INFO - [2026-05-09T19:18:13.353+0000] {dag.py:3089} INFO - Sync 1 DAGs
[2026-05-09T19:18:13.384+0000] {logging_mixin.py:188} INFO - [2026-05-09T19:18:13.384+0000] {dag.py:3947} INFO - Setting next_dagrun for minio_to_snowflake_banking to 2026-05-09 19:18:00+00:00, run_after=2026-05-09 19:19:00+00:00
[2026-05-09T19:18:13.415+0000] {processor.py:183} INFO - Processing /opt/airflow/dags/minio_to_snowflake_dag.py took 1.808 seconds
[2026-05-09T19:18:43.693+0000] {processor.py:161} INFO - Started process (PID=1354) to work on /opt/airflow/dags/minio_to_snowflake_dag.py
[2026-05-09T19:18:43.695+0000] {processor.py:830} INFO - Processing file /opt/airflow/dags/minio_to_snowflake_dag.py for tasks to queue
[2026-05-09T19:18:43.698+0000] {logging_mixin.py:188} INFO - [2026-05-09T19:18:43.698+0000] {dagbag.py:545} INFO - Filling up the DagBag from /opt/airflow/dags/minio_to_snowflake_dag.py
[2026-05-09T19:18:44.931+0000] {processor.py:840} INFO - DAG(s) 'minio_to_snowflake_banking' retrieved from /opt/airflow/dags/minio_to_snowflake_dag.py
[2026-05-09T19:18:44.981+0000] {logging_mixin.py:188} INFO - [2026-05-09T19:18:44.980+0000] {dag.py:3089} INFO - Sync 1 DAGs
[2026-05-09T19:18:45.009+0000] {logging_mixin.py:188} INFO - [2026-05-09T19:18:45.009+0000] {dag.py:3947} INFO - Setting next_dagrun for minio_to_snowflake_banking to 2026-05-09 19:18:00+00:00, run_after=2026-05-09 19:19:00+00:00
[2026-05-09T19:18:45.039+0000] {processor.py:183} INFO - Processing /opt/airflow/dags/minio_to_snowflake_dag.py took 1.359 seconds
[2026-05-09T19:19:15.387+0000] {processor.py:161} INFO - Started process (PID=1396) to work on /opt/airflow/dags/minio_to_snowflake_dag.py
[2026-05-09T19:19:15.389+0000] {processor.py:830} INFO - Processing file /opt/airflow/dags/minio_to_snowflake_dag.py for tasks to queue
[2026-05-09T19:19:15.394+0000] {logging_mixin.py:188} INFO - [2026-05-09T19:19:15.393+0000] {dagbag.py:545} INFO - Filling up the DagBag from /opt/airflow/dags/minio_to_snowflake_dag.py
[2026-05-09T19:19:17.603+0000] {processor.py:840} INFO - DAG(s) 'minio_to_snowflake_banking' retrieved from /opt/airflow/dags/minio_to_snowflake_dag.py
[2026-05-09T19:19:17.667+0000] {logging_mixin.py:188} INFO - [2026-05-09T19:19:17.666+0000] {dag.py:3089} INFO - Sync 1 DAGs
[2026-05-09T19:19:17.719+0000] {logging_mixin.py:188} INFO - [2026-05-09T19:19:17.719+0000] {dag.py:3947} INFO - Setting next_dagrun for minio_to_snowflake_banking to 2026-05-09 19:19:00+00:00, run_after=2026-05-09 19:20:00+00:00
[2026-05-09T19:19:17.763+0000] {processor.py:183} INFO - Processing /opt/airflow/dags/minio_to_snowflake_dag.py took 2.389 seconds
[2026-05-09T19:19:48.134+0000] {processor.py:161} INFO - Started process (PID=1431) to work on /opt/airflow/dags/minio_to_snowflake_dag.py
[2026-05-09T19:19:48.137+0000] {processor.py:830} INFO - Processing file /opt/airflow/dags/minio_to_snowflake_dag.py for tasks to queue
[2026-05-09T19:19:48.143+0000] {logging_mixin.py:188} INFO - [2026-05-09T19:19:48.142+0000] {dagbag.py:545} INFO - Filling up the DagBag from /opt/airflow/dags/minio_to_snowflake_dag.py
[2026-05-09T19:19:49.772+0000] {processor.py:840} INFO - DAG(s) 'minio_to_snowflake_banking' retrieved from /opt/airflow/dags/minio_to_snowflake_dag.py
[2026-05-09T19:19:49.824+0000] {logging_mixin.py:188} INFO - [2026-05-09T19:19:49.823+0000] {dag.py:3089} INFO - Sync 1 DAGs
[2026-05-09T19:19:49.863+0000] {logging_mixin.py:188} INFO - [2026-05-09T19:19:49.862+0000] {dag.py:3947} INFO - Setting next_dagrun for minio_to_snowflake_banking to 2026-05-09 19:19:00+00:00, run_after=2026-05-09 19:20:00+00:00
[2026-05-09T19:19:49.914+0000] {processor.py:183} INFO - Processing /opt/airflow/dags/minio_to_snowflake_dag.py took 1.796 seconds
[2026-05-09T19:20:20.240+0000] {processor.py:161} INFO - Started process (PID=1491) to work on /opt/airflow/dags/minio_to_snowflake_dag.py
[2026-05-09T19:20:20.242+0000] {processor.py:830} INFO - Processing file /opt/airflow/dags/minio_to_snowflake_dag.py for tasks to queue
[2026-05-09T19:20:20.246+0000] {logging_mixin.py:188} INFO - [2026-05-09T19:20:20.246+0000] {dagbag.py:545} INFO - Filling up the DagBag from /opt/airflow/dags/minio_to_snowflake_dag.py
[2026-05-09T19:20:22.177+0000] {processor.py:840} INFO - DAG(s) 'minio_to_snowflake_banking' retrieved from /opt/airflow/dags/minio_to_snowflake_dag.py
[2026-05-09T19:20:22.328+0000] {logging_mixin.py:188} INFO - [2026-05-09T19:20:22.327+0000] {dag.py:3089} INFO - Sync 1 DAGs
[2026-05-09T19:20:22.373+0000] {logging_mixin.py:188} INFO - [2026-05-09T19:20:22.373+0000] {dag.py:3947} INFO - Setting next_dagrun for minio_to_snowflake_banking to 2026-05-09 19:20:00+00:00, run_after=2026-05-09 19:21:00+00:00
[2026-05-09T19:20:22.405+0000] {processor.py:183} INFO - Processing /opt/airflow/dags/minio_to_snowflake_dag.py took 2.177 seconds
[2026-05-09T19:20:52.515+0000] {processor.py:161} INFO - Started process (PID=1508) to work on /opt/airflow/dags/minio_to_snowflake_dag.py
[2026-05-09T19:20:52.517+0000] {processor.py:830} INFO - Processing file /opt/airflow/dags/minio_to_snowflake_dag.py for tasks to queue
[2026-05-09T19:20:52.521+0000] {logging_mixin.py:188} INFO - [2026-05-09T19:20:52.520+0000] {dagbag.py:545} INFO - Filling up the DagBag from /opt/airflow/dags/minio_to_snowflake_dag.py
[2026-05-09T19:20:54.178+0000] {processor.py:840} INFO - DAG(s) 'minio_to_snowflake_banking' retrieved from /opt/airflow/dags/minio_to_snowflake_dag.py
[2026-05-09T19:20:54.246+0000] {logging_mixin.py:188} INFO - [2026-05-09T19:20:54.245+0000] {dag.py:3089} INFO - Sync 1 DAGs
[2026-05-09T19:20:54.299+0000] {logging_mixin.py:188} INFO - [2026-05-09T19:20:54.299+0000] {dag.py:3947} INFO - Setting next_dagrun for minio_to_snowflake_banking to 2026-05-09 19:20:00+00:00, run_after=2026-05-09 19:21:00+00:00
[2026-05-09T19:20:54.349+0000] {processor.py:183} INFO - Processing /opt/airflow/dags/minio_to_snowflake_dag.py took 1.848 seconds
[2026-05-09T19:21:24.700+0000] {processor.py:161} INFO - Started process (PID=1577) to work on /opt/airflow/dags/minio_to_snowflake_dag.py
[2026-05-09T19:21:24.702+0000] {processor.py:830} INFO - Processing file /opt/airflow/dags/minio_to_snowflake_dag.py for tasks to queue
[2026-05-09T19:21:24.706+0000] {logging_mixin.py:188} INFO - [2026-05-09T19:21:24.705+0000] {dagbag.py:545} INFO - Filling up the DagBag from /opt/airflow/dags/minio_to_snowflake_dag.py
[2026-05-09T19:21:26.818+0000] {processor.py:840} INFO - DAG(s) 'minio_to_snowflake_banking' retrieved from /opt/airflow/dags/minio_to_snowflake_dag.py
[2026-05-09T19:21:26.892+0000] {logging_mixin.py:188} INFO - [2026-05-09T19:21:26.891+0000] {dag.py:3089} INFO - Sync 1 DAGs
[2026-05-09T19:21:26.949+0000] {logging_mixin.py:188} INFO - [2026-05-09T19:21:26.949+0000] {dag.py:3947} INFO - Setting next_dagrun for minio_to_snowflake_banking to 2026-05-09 19:21:00+00:00, run_after=2026-05-09 19:22:00+00:00
[2026-05-09T19:21:26.988+0000] {processor.py:183} INFO - Processing /opt/airflow/dags/minio_to_snowflake_dag.py took 2.301 seconds
[2026-05-09T19:21:57.175+0000] {processor.py:161} INFO - Started process (PID=1585) to work on /opt/airflow/dags/minio_to_snowflake_dag.py
[2026-05-09T19:21:57.177+0000] {processor.py:830} INFO - Processing file /opt/airflow/dags/minio_to_snowflake_dag.py for tasks to queue
[2026-05-09T19:21:57.184+0000] {logging_mixin.py:188} INFO - [2026-05-09T19:21:57.183+0000] {dagbag.py:545} INFO - Filling up the DagBag from /opt/airflow/dags/minio_to_snowflake_dag.py
[2026-05-09T19:22:00.453+0000] {processor.py:840} INFO - DAG(s) 'minio_to_snowflake_banking' retrieved from /opt/airflow/dags/minio_to_snowflake_dag.py
[2026-05-09T19:22:00.548+0000] {logging_mixin.py:188} INFO - [2026-05-09T19:22:00.546+0000] {dag.py:3089} INFO - Sync 1 DAGs
[2026-05-09T19:22:00.598+0000] {logging_mixin.py:188} INFO - [2026-05-09T19:22:00.597+0000] {dag.py:3947} INFO - Setting next_dagrun for minio_to_snowflake_banking to 2026-05-09 19:22:00+00:00, run_after=2026-05-09 19:23:00+00:00
[2026-05-09T19:22:00.644+0000] {processor.py:183} INFO - Processing /opt/airflow/dags/minio_to_snowflake_dag.py took 3.488 seconds
[2026-05-09T19:22:31.021+0000] {processor.py:161} INFO - Started process (PID=1619) to work on /opt/airflow/dags/minio_to_snowflake_dag.py
[2026-05-09T19:22:31.024+0000] {processor.py:830} INFO - Processing file /opt/airflow/dags/minio_to_snowflake_dag.py for tasks to queue
[2026-05-09T19:22:31.039+0000] {logging_mixin.py:188} INFO - [2026-05-09T19:22:31.038+0000] {dagbag.py:545} INFO - Filling up the DagBag from /opt/airflow/dags/minio_to_snowflake_dag.py
[2026-05-09T19:22:32.689+0000] {processor.py:840} INFO - DAG(s) 'minio_to_snowflake_banking' retrieved from /opt/airflow/dags/minio_to_snowflake_dag.py
[2026-05-09T19:22:32.744+0000] {logging_mixin.py:188} INFO - [2026-05-09T19:22:32.743+0000] {dag.py:3089} INFO - Sync 1 DAGs
[2026-05-09T19:22:32.772+0000] {logging_mixin.py:188} INFO - [2026-05-09T19:22:32.772+0000] {dag.py:3947} INFO - Setting next_dagrun for minio_to_snowflake_banking to 2026-05-09 19:22:00+00:00, run_after=2026-05-09 19:23:00+00:00
[2026-05-09T19:22:32.801+0000] {processor.py:183} INFO - Processing /opt/airflow/dags/minio_to_snowflake_dag.py took 1.807 seconds
[2026-05-09T19:23:03.082+0000] {processor.py:161} INFO - Started process (PID=1624) to work on /opt/airflow/dags/minio_to_snowflake_dag.py
[2026-05-09T19:23:03.085+0000] {processor.py:830} INFO - Processing file /opt/airflow/dags/minio_to_snowflake_dag.py for tasks to queue
[2026-05-09T19:23:03.088+0000] {logging_mixin.py:188} INFO - [2026-05-09T19:23:03.088+0000] {dagbag.py:545} INFO - Filling up the DagBag from /opt/airflow/dags/minio_to_snowflake_dag.py
[2026-05-09T19:23:04.109+0000] {processor.py:840} INFO - DAG(s) 'minio_to_snowflake_banking' retrieved from /opt/airflow/dags/minio_to_snowflake_dag.py
[2026-05-09T19:23:04.157+0000] {logging_mixin.py:188} INFO - [2026-05-09T19:23:04.156+0000] {dag.py:3089} INFO - Sync 1 DAGs
[2026-05-09T19:23:04.187+0000] {logging_mixin.py:188} INFO - [2026-05-09T19:23:04.187+0000] {dag.py:3947} INFO - Setting next_dagrun for minio_to_snowflake_banking to 2026-05-09 19:23:00+00:00, run_after=2026-05-09 19:24:00+00:00
[2026-05-09T19:23:04.239+0000] {processor.py:183} INFO - Processing /opt/airflow/dags/minio_to_snowflake_dag.py took 1.167 seconds
[2026-05-09T19:23:34.555+0000] {processor.py:161} INFO - Started process (PID=1656) to work on /opt/airflow/dags/minio_to_snowflake_dag.py
[2026-05-09T19:23:34.557+0000] {processor.py:830} INFO - Processing file /opt/airflow/dags/minio_to_snowflake_dag.py for tasks to queue
[2026-05-09T19:23:34.560+0000] {logging_mixin.py:188} INFO - [2026-05-09T19:23:34.559+0000] {dagbag.py:545} INFO - Filling up the DagBag from /opt/airflow/dags/minio_to_snowflake_dag.py
[2026-05-09T19:23:35.728+0000] {processor.py:840} INFO - DAG(s) 'minio_to_snowflake_banking' retrieved from /opt/airflow/dags/minio_to_snowflake_dag.py
[2026-05-09T19:23:35.779+0000] {logging_mixin.py:188} INFO - [2026-05-09T19:23:35.778+0000] {dag.py:3089} INFO - Sync 1 DAGs
[2026-05-09T19:23:35.809+0000] {logging_mixin.py:188} INFO - [2026-05-09T19:23:35.808+0000] {dag.py:3947} INFO - Setting next_dagrun for minio_to_snowflake_banking to 2026-05-09 19:23:00+00:00, run_after=2026-05-09 19:24:00+00:00
[2026-05-09T19:23:35.837+0000] {processor.py:183} INFO - Processing /opt/airflow/dags/minio_to_snowflake_dag.py took 1.296 seconds
[2026-05-09T19:24:06.223+0000] {processor.py:161} INFO - Started process (PID=1670) to work on /opt/airflow/dags/minio_to_snowflake_dag.py
[2026-05-09T19:24:06.228+0000] {processor.py:830} INFO - Processing file /opt/airflow/dags/minio_to_snowflake_dag.py for tasks to queue
[2026-05-09T19:24:06.232+0000] {logging_mixin.py:188} INFO - [2026-05-09T19:24:06.231+0000] {dagbag.py:545} INFO - Filling up the DagBag from /opt/airflow/dags/minio_to_snowflake_dag.py
[2026-05-09T19:24:07.812+0000] {processor.py:840} INFO - DAG(s) 'minio_to_snowflake_banking' retrieved from /opt/airflow/dags/minio_to_snowflake_dag.py
[2026-05-09T19:24:07.866+0000] {logging_mixin.py:188} INFO - [2026-05-09T19:24:07.865+0000] {dag.py:3089} INFO - Sync 1 DAGs
[2026-05-09T19:24:07.897+0000] {logging_mixin.py:188} INFO - [2026-05-09T19:24:07.897+0000] {dag.py:3947} INFO - Setting next_dagrun for minio_to_snowflake_banking to 2026-05-09 19:24:00+00:00, run_after=2026-05-09 19:25:00+00:00
[2026-05-09T19:24:07.928+0000] {processor.py:183} INFO - Processing /opt/airflow/dags/minio_to_snowflake_dag.py took 1.719 seconds
[2026-05-09T19:24:38.102+0000] {processor.py:161} INFO - Started process (PID=1694) to work on /opt/airflow/dags/minio_to_snowflake_dag.py
[2026-05-09T19:24:38.106+0000] {processor.py:830} INFO - Processing file /opt/airflow/dags/minio_to_snowflake_dag.py for tasks to queue
[2026-05-09T19:24:38.111+0000] {logging_mixin.py:188} INFO - [2026-05-09T19:24:38.111+0000] {dagbag.py:545} INFO - Filling up the DagBag from /opt/airflow/dags/minio_to_snowflake_dag.py
[2026-05-09T19:24:39.623+0000] {processor.py:840} INFO - DAG(s) 'minio_to_snowflake_banking' retrieved from /opt/airflow/dags/minio_to_snowflake_dag.py
[2026-05-09T19:24:39.675+0000] {logging_mixin.py:188} INFO - [2026-05-09T19:24:39.674+0000] {dag.py:3089} INFO - Sync 1 DAGs
[2026-05-09T19:24:39.706+0000] {logging_mixin.py:188} INFO - [2026-05-09T19:24:39.706+0000] {dag.py:3947} INFO - Setting next_dagrun for minio_to_snowflake_banking to 2026-05-09 19:24:00+00:00, run_after=2026-05-09 19:25:00+00:00
[2026-05-09T19:24:39.738+0000] {processor.py:183} INFO - Processing /opt/airflow/dags/minio_to_snowflake_dag.py took 1.646 seconds
[2026-05-09T19:25:10.027+0000] {processor.py:161} INFO - Started process (PID=1711) to work on /opt/airflow/dags/minio_to_snowflake_dag.py
[2026-05-09T19:25:10.029+0000] {processor.py:830} INFO - Processing file /opt/airflow/dags/minio_to_snowflake_dag.py for tasks to queue
[2026-05-09T19:25:10.033+0000] {logging_mixin.py:188} INFO - [2026-05-09T19:25:10.032+0000] {dagbag.py:545} INFO - Filling up the DagBag from /opt/airflow/dags/minio_to_snowflake_dag.py
[2026-05-09T19:25:11.467+0000] {processor.py:840} INFO - DAG(s) 'minio_to_snowflake_banking' retrieved from /opt/airflow/dags/minio_to_snowflake_dag.py
[2026-05-09T19:25:11.521+0000] {logging_mixin.py:188} INFO - [2026-05-09T19:25:11.520+0000] {dag.py:3089} INFO - Sync 1 DAGs
[2026-05-09T19:25:11.557+0000] {logging_mixin.py:188} INFO - [2026-05-09T19:25:11.556+0000] {dag.py:3947} INFO - Setting next_dagrun for minio_to_snowflake_banking to 2026-05-09 19:25:00+00:00, run_after=2026-05-09 19:26:00+00:00
[2026-05-09T19:25:11.595+0000] {processor.py:183} INFO - Processing /opt/airflow/dags/minio_to_snowflake_dag.py took 1.578 seconds
[2026-05-09T19:25:41.686+0000] {processor.py:161} INFO - Started process (PID=1732) to work on /opt/airflow/dags/minio_to_snowflake_dag.py
[2026-05-09T19:25:41.689+0000] {processor.py:830} INFO - Processing file /opt/airflow/dags/minio_to_snowflake_dag.py for tasks to queue
[2026-05-09T19:25:41.693+0000] {logging_mixin.py:188} INFO - [2026-05-09T19:25:41.692+0000] {dagbag.py:545} INFO - Filling up the DagBag from /opt/airflow/dags/minio_to_snowflake_dag.py
[2026-05-09T19:25:43.084+0000] {processor.py:840} INFO - DAG(s) 'minio_to_snowflake_banking' retrieved from /opt/airflow/dags/minio_to_snowflake_dag.py
[2026-05-09T19:25:43.118+0000] {logging_mixin.py:188} INFO - [2026-05-09T19:25:43.118+0000] {dag.py:3089} INFO - Sync 1 DAGs
[2026-05-09T19:25:43.147+0000] {logging_mixin.py:188} INFO - [2026-05-09T19:25:43.147+0000] {dag.py:3947} INFO - Setting next_dagrun for minio_to_snowflake_banking to 2026-05-09 19:25:00+00:00, run_after=2026-05-09 19:26:00+00:00
[2026-05-09T19:25:43.175+0000] {processor.py:183} INFO - Processing /opt/airflow/dags/minio_to_snowflake_dag.py took 1.500 seconds
[2026-05-09T19:26:13.455+0000] {processor.py:161} INFO - Started process (PID=1749) to work on /opt/airflow/dags/minio_to_snowflake_dag.py
[2026-05-09T19:26:13.457+0000] {processor.py:830} INFO - Processing file /opt/airflow/dags/minio_to_snowflake_dag.py for tasks to queue
[2026-05-09T19:26:13.461+0000] {logging_mixin.py:188} INFO - [2026-05-09T19:26:13.460+0000] {dagbag.py:545} INFO - Filling up the DagBag from /opt/airflow/dags/minio_to_snowflake_dag.py
[2026-05-09T19:26:15.139+0000] {processor.py:840} INFO - DAG(s) 'minio_to_snowflake_banking' retrieved from /opt/airflow/dags/minio_to_snowflake_dag.py
[2026-05-09T19:26:15.195+0000] {logging_mixin.py:188} INFO - [2026-05-09T19:26:15.194+0000] {dag.py:3089} INFO - Sync 1 DAGs
[2026-05-09T19:26:15.232+0000] {logging_mixin.py:188} INFO - [2026-05-09T19:26:15.232+0000] {dag.py:3947} INFO - Setting next_dagrun for minio_to_snowflake_banking to 2026-05-09 19:26:00+00:00, run_after=2026-05-09 19:27:00+00:00
[2026-05-09T19:26:15.264+0000] {processor.py:183} INFO - Processing /opt/airflow/dags/minio_to_snowflake_dag.py took 1.818 seconds
[2026-05-09T19:26:45.559+0000] {processor.py:161} INFO - Started process (PID=1769) to work on /opt/airflow/dags/minio_to_snowflake_dag.py
[2026-05-09T19:26:45.561+0000] {processor.py:830} INFO - Processing file /opt/airflow/dags/minio_to_snowflake_dag.py for tasks to queue
[2026-05-09T19:26:45.565+0000] {logging_mixin.py:188} INFO - [2026-05-09T19:26:45.564+0000] {dagbag.py:545} INFO - Filling up the DagBag from /opt/airflow/dags/minio_to_snowflake_dag.py
[2026-05-09T19:26:46.541+0000] {processor.py:840} INFO - DAG(s) 'minio_to_snowflake_banking' retrieved from /opt/airflow/dags/minio_to_snowflake_dag.py
[2026-05-09T19:26:46.585+0000] {logging_mixin.py:188} INFO - [2026-05-09T19:26:46.584+0000] {dag.py:3089} INFO - Sync 1 DAGs
[2026-05-09T19:26:46.612+0000] {logging_mixin.py:188} INFO - [2026-05-09T19:26:46.612+0000] {dag.py:3947} INFO - Setting next_dagrun for minio_to_snowflake_banking to 2026-05-09 19:26:00+00:00, run_after=2026-05-09 19:27:00+00:00
[2026-05-09T19:26:46.640+0000] {processor.py:183} INFO - Processing /opt/airflow/dags/minio_to_snowflake_dag.py took 1.091 seconds
[2026-05-09T19:27:16.851+0000] {processor.py:161} INFO - Started process (PID=1795) to work on /opt/airflow/dags/minio_to_snowflake_dag.py
[2026-05-09T19:27:16.854+0000] {processor.py:830} INFO - Processing file /opt/airflow/dags/minio_to_snowflake_dag.py for tasks to queue
[2026-05-09T19:27:16.858+0000] {logging_mixin.py:188} INFO - [2026-05-09T19:27:16.857+0000] {dagbag.py:545} INFO - Filling up the DagBag from /opt/airflow/dags/minio_to_snowflake_dag.py
[2026-05-09T19:27:18.734+0000] {processor.py:840} INFO - DAG(s) 'minio_to_snowflake_banking' retrieved from /opt/airflow/dags/minio_to_snowflake_dag.py
[2026-05-09T19:27:18.792+0000] {logging_mixin.py:188} INFO - [2026-05-09T19:27:18.791+0000] {dag.py:3089} INFO - Sync 1 DAGs
[2026-05-09T19:27:18.839+0000] {logging_mixin.py:188} INFO - [2026-05-09T19:27:18.839+0000] {dag.py:3947} INFO - Setting next_dagrun for minio_to_snowflake_banking to 2026-05-09 19:27:00+00:00, run_after=2026-05-09 19:28:00+00:00
[2026-05-09T19:27:18.878+0000] {processor.py:183} INFO - Processing /opt/airflow/dags/minio_to_snowflake_dag.py took 2.040 seconds
[2026-05-09T19:27:49.108+0000] {processor.py:161} INFO - Started process (PID=1807) to work on /opt/airflow/dags/minio_to_snowflake_dag.py
[2026-05-09T19:27:49.110+0000] {processor.py:830} INFO - Processing file /opt/airflow/dags/minio_to_snowflake_dag.py for tasks to queue
[2026-05-09T19:27:49.114+0000] {logging_mixin.py:188} INFO - [2026-05-09T19:27:49.113+0000] {dagbag.py:545} INFO - Filling up the DagBag from /opt/airflow/dags/minio_to_snowflake_dag.py
[2026-05-09T19:27:50.246+0000] {processor.py:840} INFO - DAG(s) 'minio_to_snowflake_banking' retrieved from /opt/airflow/dags/minio_to_snowflake_dag.py
[2026-05-09T19:27:50.278+0000] {logging_mixin.py:188} INFO - [2026-05-09T19:27:50.278+0000] {dag.py:3089} INFO - Sync 1 DAGs
[2026-05-09T19:27:50.309+0000] {logging_mixin.py:188} INFO - [2026-05-09T19:27:50.308+0000] {dag.py:3947} INFO - Setting next_dagrun for minio_to_snowflake_banking to 2026-05-09 19:27:00+00:00, run_after=2026-05-09 19:28:00+00:00
[2026-05-09T19:27:50.337+0000] {processor.py:183} INFO - Processing /opt/airflow/dags/minio_to_snowflake_dag.py took 1.240 seconds
[2026-05-09T19:28:20.641+0000] {processor.py:161} INFO - Started process (PID=1841) to work on /opt/airflow/dags/minio_to_snowflake_dag.py
[2026-05-09T19:28:20.643+0000] {processor.py:830} INFO - Processing file /opt/airflow/dags/minio_to_snowflake_dag.py for tasks to queue
[2026-05-09T19:28:20.647+0000] {logging_mixin.py:188} INFO - [2026-05-09T19:28:20.646+0000] {dagbag.py:545} INFO - Filling up the DagBag from /opt/airflow/dags/minio_to_snowflake_dag.py
[2026-05-09T19:28:22.070+0000] {processor.py:840} INFO - DAG(s) 'minio_to_snowflake_banking' retrieved from /opt/airflow/dags/minio_to_snowflake_dag.py
[2026-05-09T19:28:22.123+0000] {logging_mixin.py:188} INFO - [2026-05-09T19:28:22.122+0000] {dag.py:3089} INFO - Sync 1 DAGs
[2026-05-09T19:28:22.154+0000] {logging_mixin.py:188} INFO - [2026-05-09T19:28:22.153+0000] {dag.py:3947} INFO - Setting next_dagrun for minio_to_snowflake_banking to 2026-05-09 19:28:00+00:00, run_after=2026-05-09 19:29:00+00:00
[2026-05-09T19:28:22.183+0000] {processor.py:183} INFO - Processing /opt/airflow/dags/minio_to_snowflake_dag.py took 1.553 seconds
[2026-05-09T19:28:52.487+0000] {processor.py:161} INFO - Started process (PID=1845) to work on /opt/airflow/dags/minio_to_snowflake_dag.py
[2026-05-09T19:28:52.489+0000] {processor.py:830} INFO - Processing file /opt/airflow/dags/minio_to_snowflake_dag.py for tasks to queue
[2026-05-09T19:28:52.493+0000] {logging_mixin.py:188} INFO - [2026-05-09T19:28:52.492+0000] {dagbag.py:545} INFO - Filling up the DagBag from /opt/airflow/dags/minio_to_snowflake_dag.py
[2026-05-09T19:28:53.476+0000] {processor.py:840} INFO - DAG(s) 'minio_to_snowflake_banking' retrieved from /opt/airflow/dags/minio_to_snowflake_dag.py
[2026-05-09T19:28:53.511+0000] {logging_mixin.py:188} INFO - [2026-05-09T19:28:53.510+0000] {dag.py:3089} INFO - Sync 1 DAGs
[2026-05-09T19:28:53.539+0000] {logging_mixin.py:188} INFO - [2026-05-09T19:28:53.539+0000] {dag.py:3947} INFO - Setting next_dagrun for minio_to_snowflake_banking to 2026-05-09 19:28:00+00:00, run_after=2026-05-09 19:29:00+00:00
[2026-05-09T19:28:53.568+0000] {processor.py:183} INFO - Processing /opt/airflow/dags/minio_to_snowflake_dag.py took 1.093 seconds
[2026-05-09T19:29:23.841+0000] {processor.py:161} INFO - Started process (PID=1879) to work on /opt/airflow/dags/minio_to_snowflake_dag.py
[2026-05-09T19:29:23.843+0000] {processor.py:830} INFO - Processing file /opt/airflow/dags/minio_to_snowflake_dag.py for tasks to queue
[2026-05-09T19:29:23.848+0000] {logging_mixin.py:188} INFO - [2026-05-09T19:29:23.847+0000] {dagbag.py:545} INFO - Filling up the DagBag from /opt/airflow/dags/minio_to_snowflake_dag.py
[2026-05-09T19:29:25.126+0000] {processor.py:840} INFO - DAG(s) 'minio_to_snowflake_banking' retrieved from /opt/airflow/dags/minio_to_snowflake_dag.py
[2026-05-09T19:29:25.174+0000] {logging_mixin.py:188} INFO - [2026-05-09T19:29:25.173+0000] {dag.py:3089} INFO - Sync 1 DAGs
[2026-05-09T19:29:25.200+0000] {logging_mixin.py:188} INFO - [2026-05-09T19:29:25.200+0000] {dag.py:3947} INFO - Setting next_dagrun for minio_to_snowflake_banking to 2026-05-09 19:29:00+00:00, run_after=2026-05-09 19:30:00+00:00
[2026-05-09T19:29:25.230+0000] {processor.py:183} INFO - Processing /opt/airflow/dags/minio_to_snowflake_dag.py took 1.400 seconds
[2026-05-09T19:29:55.509+0000] {processor.py:161} INFO - Started process (PID=1883) to work on /opt/airflow/dags/minio_to_snowflake_dag.py
[2026-05-09T19:29:55.511+0000] {processor.py:830} INFO - Processing file /opt/airflow/dags/minio_to_snowflake_dag.py for tasks to queue
[2026-05-09T19:29:55.515+0000] {logging_mixin.py:188} INFO - [2026-05-09T19:29:55.514+0000] {dagbag.py:545} INFO - Filling up the DagBag from /opt/airflow/dags/minio_to_snowflake_dag.py
[2026-05-09T19:29:56.454+0000] {processor.py:840} INFO - DAG(s) 'minio_to_snowflake_banking' retrieved from /opt/airflow/dags/minio_to_snowflake_dag.py
[2026-05-09T19:29:56.490+0000] {logging_mixin.py:188} INFO - [2026-05-09T19:29:56.490+0000] {dag.py:3089} INFO - Sync 1 DAGs
[2026-05-09T19:29:56.522+0000] {logging_mixin.py:188} INFO - [2026-05-09T19:29:56.521+0000] {dag.py:3947} INFO - Setting next_dagrun for minio_to_snowflake_banking to 2026-05-09 19:29:00+00:00, run_after=2026-05-09 19:30:00+00:00
[2026-05-09T19:29:56.549+0000] {processor.py:183} INFO - Processing /opt/airflow/dags/minio_to_snowflake_dag.py took 1.051 seconds
[2026-05-09T19:30:26.759+0000] {processor.py:161} INFO - Started process (PID=1917) to work on /opt/airflow/dags/minio_to_snowflake_dag.py
[2026-05-09T19:30:26.761+0000] {processor.py:830} INFO - Processing file /opt/airflow/dags/minio_to_snowflake_dag.py for tasks to queue
[2026-05-09T19:30:26.765+0000] {logging_mixin.py:188} INFO - [2026-05-09T19:30:26.764+0000] {dagbag.py:545} INFO - Filling up the DagBag from /opt/airflow/dags/minio_to_snowflake_dag.py
[2026-05-09T19:30:27.959+0000] {processor.py:840} INFO - DAG(s) 'minio_to_snowflake_banking' retrieved from /opt/airflow/dags/minio_to_snowflake_dag.py
[2026-05-09T19:30:28.013+0000] {logging_mixin.py:188} INFO - [2026-05-09T19:30:28.012+0000] {dag.py:3089} INFO - Sync 1 DAGs
[2026-05-09T19:30:28.045+0000] {logging_mixin.py:188} INFO - [2026-05-09T19:30:28.045+0000] {dag.py:3947} INFO - Setting next_dagrun for minio_to_snowflake_banking to 2026-05-09 19:30:00+00:00, run_after=2026-05-09 19:31:00+00:00
[2026-05-09T19:30:28.076+0000] {processor.py:183} INFO - Processing /opt/airflow/dags/minio_to_snowflake_dag.py took 1.330 seconds
[2026-05-09T19:30:58.358+0000] {processor.py:161} INFO - Started process (PID=1921) to work on /opt/airflow/dags/minio_to_snowflake_dag.py
[2026-05-09T19:30:58.360+0000] {processor.py:830} INFO - Processing file /opt/airflow/dags/minio_to_snowflake_dag.py for tasks to queue
[2026-05-09T19:30:58.364+0000] {logging_mixin.py:188} INFO - [2026-05-09T19:30:58.364+0000] {dagbag.py:545} INFO - Filling up the DagBag from /opt/airflow/dags/minio_to_snowflake_dag.py
[2026-05-09T19:30:59.328+0000] {processor.py:840} INFO - DAG(s) 'minio_to_snowflake_banking' retrieved from /opt/airflow/dags/minio_to_snowflake_dag.py
[2026-05-09T19:30:59.362+0000] {logging_mixin.py:188} INFO - [2026-05-09T19:30:59.362+0000] {dag.py:3089} INFO - Sync 1 DAGs
[2026-05-09T19:30:59.393+0000] {logging_mixin.py:188} INFO - [2026-05-09T19:30:59.392+0000] {dag.py:3947} INFO - Setting next_dagrun for minio_to_snowflake_banking to 2026-05-09 19:30:00+00:00, run_after=2026-05-09 19:31:00+00:00
[2026-05-09T19:30:59.421+0000] {processor.py:183} INFO - Processing /opt/airflow/dags/minio_to_snowflake_dag.py took 1.074 seconds
[2026-05-09T19:31:29.613+0000] {processor.py:161} INFO - Started process (PID=1954) to work on /opt/airflow/dags/minio_to_snowflake_dag.py
[2026-05-09T19:31:29.615+0000] {processor.py:830} INFO - Processing file /opt/airflow/dags/minio_to_snowflake_dag.py for tasks to queue
[2026-05-09T19:31:29.619+0000] {logging_mixin.py:188} INFO - [2026-05-09T19:31:29.619+0000] {dagbag.py:545} INFO - Filling up the DagBag from /opt/airflow/dags/minio_to_snowflake_dag.py
[2026-05-09T19:31:30.961+0000] {processor.py:840} INFO - DAG(s) 'minio_to_snowflake_banking' retrieved from /opt/airflow/dags/minio_to_snowflake_dag.py
[2026-05-09T19:31:31.022+0000] {logging_mixin.py:188} INFO - [2026-05-09T19:31:31.021+0000] {dag.py:3089} INFO - Sync 1 DAGs
[2026-05-09T19:31:31.054+0000] {logging_mixin.py:188} INFO - [2026-05-09T19:31:31.053+0000] {dag.py:3947} INFO - Setting next_dagrun for minio_to_snowflake_banking to 2026-05-09 19:31:00+00:00, run_after=2026-05-09 19:32:00+00:00
[2026-05-09T19:31:31.087+0000] {processor.py:183} INFO - Processing /opt/airflow/dags/minio_to_snowflake_dag.py took 1.483 seconds
[2026-05-09T19:32:01.406+0000] {processor.py:161} INFO - Started process (PID=1959) to work on /opt/airflow/dags/minio_to_snowflake_dag.py
[2026-05-09T19:32:01.409+0000] {processor.py:830} INFO - Processing file /opt/airflow/dags/minio_to_snowflake_dag.py for tasks to queue
[2026-05-09T19:32:01.413+0000] {logging_mixin.py:188} INFO - [2026-05-09T19:32:01.412+0000] {dagbag.py:545} INFO - Filling up the DagBag from /opt/airflow/dags/minio_to_snowflake_dag.py
[2026-05-09T19:32:02.483+0000] {processor.py:840} INFO - DAG(s) 'minio_to_snowflake_banking' retrieved from /opt/airflow/dags/minio_to_snowflake_dag.py
[2026-05-09T19:32:02.522+0000] {logging_mixin.py:188} INFO - [2026-05-09T19:32:02.521+0000] {dag.py:3089} INFO - Sync 1 DAGs
[2026-05-09T19:32:02.556+0000] {logging_mixin.py:188} INFO - [2026-05-09T19:32:02.556+0000] {dag.py:3947} INFO - Setting next_dagrun for minio_to_snowflake_banking to 2026-05-09 19:32:00+00:00, run_after=2026-05-09 19:33:00+00:00
[2026-05-09T19:32:02.588+0000] {processor.py:183} INFO - Processing /opt/airflow/dags/minio_to_snowflake_dag.py took 1.194 seconds
[2026-05-09T19:32:32.901+0000] {processor.py:161} INFO - Started process (PID=1992) to work on /opt/airflow/dags/minio_to_snowflake_dag.py
[2026-05-09T19:32:32.903+0000] {processor.py:830} INFO - Processing file /opt/airflow/dags/minio_to_snowflake_dag.py for tasks to queue
[2026-05-09T19:32:32.907+0000] {logging_mixin.py:188} INFO - [2026-05-09T19:32:32.906+0000] {dagbag.py:545} INFO - Filling up the DagBag from /opt/airflow/dags/minio_to_snowflake_dag.py
[2026-05-09T19:32:34.170+0000] {processor.py:840} INFO - DAG(s) 'minio_to_snowflake_banking' retrieved from /opt/airflow/dags/minio_to_snowflake_dag.py
[2026-05-09T19:32:34.222+0000] {logging_mixin.py:188} INFO - [2026-05-09T19:32:34.221+0000] {dag.py:3089} INFO - Sync 1 DAGs
[2026-05-09T19:32:34.250+0000] {logging_mixin.py:188} INFO - [2026-05-09T19:32:34.250+0000] {dag.py:3947} INFO - Setting next_dagrun for minio_to_snowflake_banking to 2026-05-09 19:32:00+00:00, run_after=2026-05-09 19:33:00+00:00
[2026-05-09T19:32:34.278+0000] {processor.py:183} INFO - Processing /opt/airflow/dags/minio_to_snowflake_dag.py took 1.389 seconds
[2026-05-09T19:33:04.576+0000] {processor.py:161} INFO - Started process (PID=1997) to work on /opt/airflow/dags/minio_to_snowflake_dag.py
[2026-05-09T19:33:04.578+0000] {processor.py:830} INFO - Processing file /opt/airflow/dags/minio_to_snowflake_dag.py for tasks to queue
[2026-05-09T19:33:04.583+0000] {logging_mixin.py:188} INFO - [2026-05-09T19:33:04.582+0000] {dagbag.py:545} INFO - Filling up the DagBag from /opt/airflow/dags/minio_to_snowflake_dag.py
[2026-05-09T19:33:06.235+0000] {processor.py:840} INFO - DAG(s) 'minio_to_snowflake_banking' retrieved from /opt/airflow/dags/minio_to_snowflake_dag.py
[2026-05-09T19:33:06.283+0000] {logging_mixin.py:188} INFO - [2026-05-09T19:33:06.282+0000] {dag.py:3089} INFO - Sync 1 DAGs
[2026-05-09T19:33:06.318+0000] {logging_mixin.py:188} INFO - [2026-05-09T19:33:06.318+0000] {dag.py:3947} INFO - Setting next_dagrun for minio_to_snowflake_banking to 2026-05-09 19:33:00+00:00, run_after=2026-05-09 19:34:00+00:00
[2026-05-09T19:33:06.347+0000] {processor.py:183} INFO - Processing /opt/airflow/dags/minio_to_snowflake_dag.py took 1.782 seconds
[2026-05-09T19:33:36.431+0000] {processor.py:161} INFO - Started process (PID=2029) to work on /opt/airflow/dags/minio_to_snowflake_dag.py
[2026-05-09T19:33:36.433+0000] {processor.py:830} INFO - Processing file /opt/airflow/dags/minio_to_snowflake_dag.py for tasks to queue
[2026-05-09T19:33:36.437+0000] {logging_mixin.py:188} INFO - [2026-05-09T19:33:36.437+0000] {dagbag.py:545} INFO - Filling up the DagBag from /opt/airflow/dags/minio_to_snowflake_dag.py
[2026-05-09T19:33:37.752+0000] {processor.py:840} INFO - DAG(s) 'minio_to_snowflake_banking' retrieved from /opt/airflow/dags/minio_to_snowflake_dag.py
[2026-05-09T19:33:37.810+0000] {logging_mixin.py:188} INFO - [2026-05-09T19:33:37.809+0000] {dag.py:3089} INFO - Sync 1 DAGs
[2026-05-09T19:33:37.845+0000] {logging_mixin.py:188} INFO - [2026-05-09T19:33:37.845+0000] {dag.py:3947} INFO - Setting next_dagrun for minio_to_snowflake_banking to 2026-05-09 19:33:00+00:00, run_after=2026-05-09 19:34:00+00:00
[2026-05-09T19:33:37.881+0000] {processor.py:183} INFO - Processing /opt/airflow/dags/minio_to_snowflake_dag.py took 1.459 seconds
[2026-05-09T19:34:08.079+0000] {processor.py:161} INFO - Started process (PID=2043) to work on /opt/airflow/dags/minio_to_snowflake_dag.py
[2026-05-09T19:34:08.082+0000] {processor.py:830} INFO - Processing file /opt/airflow/dags/minio_to_snowflake_dag.py for tasks to queue
[2026-05-09T19:34:08.090+0000] {logging_mixin.py:188} INFO - [2026-05-09T19:34:08.088+0000] {dagbag.py:545} INFO - Filling up the DagBag from /opt/airflow/dags/minio_to_snowflake_dag.py
[2026-05-09T19:34:10.220+0000] {processor.py:840} INFO - DAG(s) 'minio_to_snowflake_banking' retrieved from /opt/airflow/dags/minio_to_snowflake_dag.py
[2026-05-09T19:34:10.414+0000] {logging_mixin.py:188} INFO - [2026-05-09T19:34:10.413+0000] {dag.py:3089} INFO - Sync 1 DAGs
[2026-05-09T19:34:10.466+0000] {logging_mixin.py:188} INFO - [2026-05-09T19:34:10.465+0000] {dag.py:3947} INFO - Setting next_dagrun for minio_to_snowflake_banking to 2026-05-09 19:34:00+00:00, run_after=2026-05-09 19:35:00+00:00
[2026-05-09T19:34:10.518+0000] {processor.py:183} INFO - Processing /opt/airflow/dags/minio_to_snowflake_dag.py took 2.465 seconds
[2026-05-09T19:34:40.889+0000] {processor.py:161} INFO - Started process (PID=2067) to work on /opt/airflow/dags/minio_to_snowflake_dag.py
[2026-05-09T19:34:40.891+0000] {processor.py:830} INFO - Processing file /opt/airflow/dags/minio_to_snowflake_dag.py for tasks to queue
[2026-05-09T19:34:40.896+0000] {logging_mixin.py:188} INFO - [2026-05-09T19:34:40.896+0000] {dagbag.py:545} INFO - Filling up the DagBag from /opt/airflow/dags/minio_to_snowflake_dag.py
[2026-05-09T19:34:42.680+0000] {processor.py:840} INFO - DAG(s) 'minio_to_snowflake_banking' retrieved from /opt/airflow/dags/minio_to_snowflake_dag.py
[2026-05-09T19:34:42.751+0000] {logging_mixin.py:188} INFO - [2026-05-09T19:34:42.750+0000] {dag.py:3089} INFO - Sync 1 DAGs
[2026-05-09T19:34:42.786+0000] {logging_mixin.py:188} INFO - [2026-05-09T19:34:42.785+0000] {dag.py:3947} INFO - Setting next_dagrun for minio_to_snowflake_banking to 2026-05-09 19:34:00+00:00, run_after=2026-05-09 19:35:00+00:00
[2026-05-09T19:34:42.819+0000] {processor.py:183} INFO - Processing /opt/airflow/dags/minio_to_snowflake_dag.py took 1.941 seconds
[2026-05-09T19:35:13.233+0000] {processor.py:161} INFO - Started process (PID=2083) to work on /opt/airflow/dags/minio_to_snowflake_dag.py
[2026-05-09T19:35:13.239+0000] {processor.py:830} INFO - Processing file /opt/airflow/dags/minio_to_snowflake_dag.py for tasks to queue
[2026-05-09T19:35:13.246+0000] {logging_mixin.py:188} INFO - [2026-05-09T19:35:13.245+0000] {dagbag.py:545} INFO - Filling up the DagBag from /opt/airflow/dags/minio_to_snowflake_dag.py
[2026-05-09T19:35:16.242+0000] {processor.py:840} INFO - DAG(s) 'minio_to_snowflake_banking' retrieved from /opt/airflow/dags/minio_to_snowflake_dag.py
[2026-05-09T19:35:16.296+0000] {logging_mixin.py:188} INFO - [2026-05-09T19:35:16.296+0000] {dag.py:3089} INFO - Sync 1 DAGs
[2026-05-09T19:35:16.335+0000] {logging_mixin.py:188} INFO - [2026-05-09T19:35:16.335+0000] {dag.py:3947} INFO - Setting next_dagrun for minio_to_snowflake_banking to 2026-05-09 19:35:00+00:00, run_after=2026-05-09 19:36:00+00:00
[2026-05-09T19:35:16.370+0000] {processor.py:183} INFO - Processing /opt/airflow/dags/minio_to_snowflake_dag.py took 3.162 seconds
[2026-05-09T19:35:46.527+0000] {processor.py:161} INFO - Started process (PID=2104) to work on /opt/airflow/dags/minio_to_snowflake_dag.py
[2026-05-09T19:35:46.529+0000] {processor.py:830} INFO - Processing file /opt/airflow/dags/minio_to_snowflake_dag.py for tasks to queue
[2026-05-09T19:35:46.534+0000] {logging_mixin.py:188} INFO - [2026-05-09T19:35:46.533+0000] {dagbag.py:545} INFO - Filling up the DagBag from /opt/airflow/dags/minio_to_snowflake_dag.py
[2026-05-09T19:35:48.916+0000] {processor.py:840} INFO - DAG(s) 'minio_to_snowflake_banking' retrieved from /opt/airflow/dags/minio_to_snowflake_dag.py
[2026-05-09T19:35:49.102+0000] {logging_mixin.py:188} INFO - [2026-05-09T19:35:49.098+0000] {dag.py:3089} INFO - Sync 1 DAGs
[2026-05-09T19:35:49.215+0000] {logging_mixin.py:188} INFO - [2026-05-09T19:35:49.214+0000] {dag.py:3947} INFO - Setting next_dagrun for minio_to_snowflake_banking to 2026-05-09 19:35:00+00:00, run_after=2026-05-09 19:36:00+00:00
[2026-05-09T19:35:49.276+0000] {processor.py:183} INFO - Processing /opt/airflow/dags/minio_to_snowflake_dag.py took 2.762 seconds
[2026-05-09T19:36:19.598+0000] {processor.py:161} INFO - Started process (PID=2138) to work on /opt/airflow/dags/minio_to_snowflake_dag.py
[2026-05-09T19:36:19.601+0000] {processor.py:830} INFO - Processing file /opt/airflow/dags/minio_to_snowflake_dag.py for tasks to queue
[2026-05-09T19:36:19.606+0000] {logging_mixin.py:188} INFO - [2026-05-09T19:36:19.605+0000] {dagbag.py:545} INFO - Filling up the DagBag from /opt/airflow/dags/minio_to_snowflake_dag.py
[2026-05-09T19:36:21.392+0000] {processor.py:840} INFO - DAG(s) 'minio_to_snowflake_banking' retrieved from /opt/airflow/dags/minio_to_snowflake_dag.py
[2026-05-09T19:36:21.444+0000] {logging_mixin.py:188} INFO - [2026-05-09T19:36:21.443+0000] {dag.py:3089} INFO - Sync 1 DAGs
[2026-05-09T19:36:21.480+0000] {logging_mixin.py:188} INFO - [2026-05-09T19:36:21.480+0000] {dag.py:3947} INFO - Setting next_dagrun for minio_to_snowflake_banking to 2026-05-09 19:36:00+00:00, run_after=2026-05-09 19:37:00+00:00
[2026-05-09T19:36:21.515+0000] {processor.py:183} INFO - Processing /opt/airflow/dags/minio_to_snowflake_dag.py took 1.934 seconds
[2026-05-09T19:36:51.857+0000] {processor.py:161} INFO - Started process (PID=2142) to work on /opt/airflow/dags/minio_to_snowflake_dag.py
[2026-05-09T19:36:51.861+0000] {processor.py:830} INFO - Processing file /opt/airflow/dags/minio_to_snowflake_dag.py for tasks to queue
[2026-05-09T19:36:51.865+0000] {logging_mixin.py:188} INFO - [2026-05-09T19:36:51.864+0000] {dagbag.py:545} INFO - Filling up the DagBag from /opt/airflow/dags/minio_to_snowflake_dag.py
[2026-05-09T19:36:53.127+0000] {processor.py:840} INFO - DAG(s) 'minio_to_snowflake_banking' retrieved from /opt/airflow/dags/minio_to_snowflake_dag.py
[2026-05-09T19:36:53.166+0000] {logging_mixin.py:188} INFO - [2026-05-09T19:36:53.166+0000] {dag.py:3089} INFO - Sync 1 DAGs
[2026-05-09T19:36:53.196+0000] {logging_mixin.py:188} INFO - [2026-05-09T19:36:53.196+0000] {dag.py:3947} INFO - Setting next_dagrun for minio_to_snowflake_banking to 2026-05-09 19:36:00+00:00, run_after=2026-05-09 19:37:00+00:00
[2026-05-09T19:36:53.227+0000] {processor.py:183} INFO - Processing /opt/airflow/dags/minio_to_snowflake_dag.py took 1.381 seconds
[2026-05-09T19:39:12.458+0000] {processor.py:161} INFO - Started process (PID=25) to work on /opt/airflow/dags/minio_to_snowflake_dag.py
[2026-05-09T19:39:12.523+0000] {processor.py:830} INFO - Processing file /opt/airflow/dags/minio_to_snowflake_dag.py for tasks to queue
[2026-05-09T19:39:12.741+0000] {logging_mixin.py:188} INFO - [2026-05-09T19:39:12.714+0000] {dagbag.py:545} INFO - Filling up the DagBag from /opt/airflow/dags/minio_to_snowflake_dag.py
[2026-05-09T19:46:36.776+0000] {processor.py:161} INFO - Started process (PID=25) to work on /opt/airflow/dags/minio_to_snowflake_dag.py
[2026-05-09T19:46:36.790+0000] {processor.py:830} INFO - Processing file /opt/airflow/dags/minio_to_snowflake_dag.py for tasks to queue
[2026-05-09T19:46:36.847+0000] {logging_mixin.py:188} INFO - [2026-05-09T19:46:36.840+0000] {dagbag.py:545} INFO - Filling up the DagBag from /opt/airflow/dags/minio_to_snowflake_dag.py
[2026-05-09T19:46:58.539+0000] {processor.py:840} INFO - DAG(s) 'minio_to_snowflake_banking' retrieved from /opt/airflow/dags/minio_to_snowflake_dag.py
[2026-05-09T19:46:59.016+0000] {logging_mixin.py:188} INFO - [2026-05-09T19:46:59.014+0000] {dag.py:3089} INFO - Sync 1 DAGs
[2026-05-09T19:46:59.252+0000] {logging_mixin.py:188} INFO - [2026-05-09T19:46:59.250+0000] {dag.py:3947} INFO - Setting next_dagrun for minio_to_snowflake_banking to 2026-05-09 19:45:00+00:00, run_after=2026-05-09 19:46:00+00:00
[2026-05-09T19:46:59.418+0000] {processor.py:183} INFO - Processing /opt/airflow/dags/minio_to_snowflake_dag.py took 22.886 seconds
[2026-05-09T19:47:30.277+0000] {processor.py:161} INFO - Started process (PID=54) to work on /opt/airflow/dags/minio_to_snowflake_dag.py
[2026-05-09T19:47:30.289+0000] {processor.py:830} INFO - Processing file /opt/airflow/dags/minio_to_snowflake_dag.py for tasks to queue
[2026-05-09T19:47:30.319+0000] {logging_mixin.py:188} INFO - [2026-05-09T19:47:30.311+0000] {dagbag.py:545} INFO - Filling up the DagBag from /opt/airflow/dags/minio_to_snowflake_dag.py
[2026-05-09T19:47:39.259+0000] {processor.py:840} INFO - DAG(s) 'minio_to_snowflake_banking' retrieved from /opt/airflow/dags/minio_to_snowflake_dag.py
[2026-05-09T19:47:39.382+0000] {logging_mixin.py:188} INFO - [2026-05-09T19:47:39.381+0000] {dag.py:3089} INFO - Sync 1 DAGs
[2026-05-09T19:47:39.596+0000] {logging_mixin.py:188} INFO - [2026-05-09T19:47:39.595+0000] {dag.py:3947} INFO - Setting next_dagrun for minio_to_snowflake_banking to 2026-05-09 19:46:00+00:00, run_after=2026-05-09 19:47:00+00:00
[2026-05-09T19:47:39.661+0000] {processor.py:183} INFO - Processing /opt/airflow/dags/minio_to_snowflake_dag.py took 9.451 seconds
[2026-05-09T19:48:10.044+0000] {processor.py:161} INFO - Started process (PID=117) to work on /opt/airflow/dags/minio_to_snowflake_dag.py
[2026-05-09T19:48:10.048+0000] {processor.py:830} INFO - Processing file /opt/airflow/dags/minio_to_snowflake_dag.py for tasks to queue
[2026-05-09T19:48:10.054+0000] {logging_mixin.py:188} INFO - [2026-05-09T19:48:10.053+0000] {dagbag.py:545} INFO - Filling up the DagBag from /opt/airflow/dags/minio_to_snowflake_dag.py
[2026-05-09T19:48:11.850+0000] {processor.py:840} INFO - DAG(s) 'minio_to_snowflake_banking' retrieved from /opt/airflow/dags/minio_to_snowflake_dag.py
[2026-05-09T19:48:11.888+0000] {logging_mixin.py:188} INFO - [2026-05-09T19:48:11.887+0000] {dag.py:3089} INFO - Sync 1 DAGs
[2026-05-09T19:48:11.920+0000] {logging_mixin.py:188} INFO - [2026-05-09T19:48:11.920+0000] {dag.py:3947} INFO - Setting next_dagrun for minio_to_snowflake_banking to 2026-05-09 19:47:00+00:00, run_after=2026-05-09 19:48:00+00:00
[2026-05-09T19:48:11.955+0000] {processor.py:183} INFO - Processing /opt/airflow/dags/minio_to_snowflake_dag.py took 1.926 seconds
[2026-05-09T19:48:42.264+0000] {processor.py:161} INFO - Started process (PID=185) to work on /opt/airflow/dags/minio_to_snowflake_dag.py
[2026-05-09T19:48:42.266+0000] {processor.py:830} INFO - Processing file /opt/airflow/dags/minio_to_snowflake_dag.py for tasks to queue
[2026-05-09T19:48:42.269+0000] {logging_mixin.py:188} INFO - [2026-05-09T19:48:42.269+0000] {dagbag.py:545} INFO - Filling up the DagBag from /opt/airflow/dags/minio_to_snowflake_dag.py
[2026-05-09T19:48:43.566+0000] {processor.py:840} INFO - DAG(s) 'minio_to_snowflake_banking' retrieved from /opt/airflow/dags/minio_to_snowflake_dag.py
[2026-05-09T19:48:43.603+0000] {logging_mixin.py:188} INFO - [2026-05-09T19:48:43.603+0000] {dag.py:3089} INFO - Sync 1 DAGs
[2026-05-09T19:48:43.634+0000] {logging_mixin.py:188} INFO - [2026-05-09T19:48:43.634+0000] {dag.py:3947} INFO - Setting next_dagrun for minio_to_snowflake_banking to 2026-05-09 19:48:00+00:00, run_after=2026-05-09 19:49:00+00:00
[2026-05-09T19:48:43.677+0000] {processor.py:183} INFO - Processing /opt/airflow/dags/minio_to_snowflake_dag.py took 1.423 seconds
[2026-05-09T19:49:14.112+0000] {processor.py:161} INFO - Started process (PID=219) to work on /opt/airflow/dags/minio_to_snowflake_dag.py
[2026-05-09T19:49:14.119+0000] {processor.py:830} INFO - Processing file /opt/airflow/dags/minio_to_snowflake_dag.py for tasks to queue
[2026-05-09T19:49:14.146+0000] {logging_mixin.py:188} INFO - [2026-05-09T19:49:14.144+0000] {dagbag.py:545} INFO - Filling up the DagBag from /opt/airflow/dags/minio_to_snowflake_dag.py
[2026-05-09T19:49:16.027+0000] {processor.py:840} INFO - DAG(s) 'minio_to_snowflake_banking' retrieved from /opt/airflow/dags/minio_to_snowflake_dag.py
[2026-05-09T19:49:16.063+0000] {logging_mixin.py:188} INFO - [2026-05-09T19:49:16.062+0000] {dag.py:3089} INFO - Sync 1 DAGs
[2026-05-09T19:49:16.094+0000] {logging_mixin.py:188} INFO - [2026-05-09T19:49:16.094+0000] {dag.py:3947} INFO - Setting next_dagrun for minio_to_snowflake_banking to 2026-05-09 19:49:00+00:00, run_after=2026-05-09 19:50:00+00:00
[2026-05-09T19:49:16.126+0000] {processor.py:183} INFO - Processing /opt/airflow/dags/minio_to_snowflake_dag.py took 2.137 seconds
[2026-05-09T19:49:46.256+0000] {processor.py:161} INFO - Started process (PID=223) to work on /opt/airflow/dags/minio_to_snowflake_dag.py
[2026-05-09T19:49:46.258+0000] {processor.py:830} INFO - Processing file /opt/airflow/dags/minio_to_snowflake_dag.py for tasks to queue
[2026-05-09T19:49:46.262+0000] {logging_mixin.py:188} INFO - [2026-05-09T19:49:46.261+0000] {dagbag.py:545} INFO - Filling up the DagBag from /opt/airflow/dags/minio_to_snowflake_dag.py
[2026-05-09T19:49:47.161+0000] {processor.py:840} INFO - DAG(s) 'minio_to_snowflake_banking' retrieved from /opt/airflow/dags/minio_to_snowflake_dag.py
[2026-05-09T19:49:47.194+0000] {logging_mixin.py:188} INFO - [2026-05-09T19:49:47.193+0000] {dag.py:3089} INFO - Sync 1 DAGs
[2026-05-09T19:49:47.223+0000] {logging_mixin.py:188} INFO - [2026-05-09T19:49:47.222+0000] {dag.py:3947} INFO - Setting next_dagrun for minio_to_snowflake_banking to 2026-05-09 19:49:00+00:00, run_after=2026-05-09 19:50:00+00:00
[2026-05-09T19:49:47.252+0000] {processor.py:183} INFO - Processing /opt/airflow/dags/minio_to_snowflake_dag.py took 1.005 seconds
[2026-05-09T19:50:17.543+0000] {processor.py:161} INFO - Started process (PID=256) to work on /opt/airflow/dags/minio_to_snowflake_dag.py
[2026-05-09T19:50:17.545+0000] {processor.py:830} INFO - Processing file /opt/airflow/dags/minio_to_snowflake_dag.py for tasks to queue
[2026-05-09T19:50:17.550+0000] {logging_mixin.py:188} INFO - [2026-05-09T19:50:17.549+0000] {dagbag.py:545} INFO - Filling up the DagBag from /opt/airflow/dags/minio_to_snowflake_dag.py
[2026-05-09T19:50:19.128+0000] {processor.py:840} INFO - DAG(s) 'minio_to_snowflake_banking' retrieved from /opt/airflow/dags/minio_to_snowflake_dag.py
[2026-05-09T19:50:19.165+0000] {logging_mixin.py:188} INFO - [2026-05-09T19:50:19.165+0000] {dag.py:3089} INFO - Sync 1 DAGs
[2026-05-09T19:50:19.197+0000] {logging_mixin.py:188} INFO - [2026-05-09T19:50:19.197+0000] {dag.py:3947} INFO - Setting next_dagrun for minio_to_snowflake_banking to 2026-05-09 19:50:00+00:00, run_after=2026-05-09 19:51:00+00:00
[2026-05-09T19:50:19.233+0000] {processor.py:183} INFO - Processing /opt/airflow/dags/minio_to_snowflake_dag.py took 1.708 seconds
[2026-05-09T19:50:49.549+0000] {processor.py:161} INFO - Started process (PID=260) to work on /opt/airflow/dags/minio_to_snowflake_dag.py
[2026-05-09T19:50:49.551+0000] {processor.py:830} INFO - Processing file /opt/airflow/dags/minio_to_snowflake_dag.py for tasks to queue
[2026-05-09T19:50:49.556+0000] {logging_mixin.py:188} INFO - [2026-05-09T19:50:49.555+0000] {dagbag.py:545} INFO - Filling up the DagBag from /opt/airflow/dags/minio_to_snowflake_dag.py
[2026-05-09T19:50:50.564+0000] {processor.py:840} INFO - DAG(s) 'minio_to_snowflake_banking' retrieved from /opt/airflow/dags/minio_to_snowflake_dag.py
[2026-05-09T19:50:50.596+0000] {logging_mixin.py:188} INFO - [2026-05-09T19:50:50.595+0000] {dag.py:3089} INFO - Sync 1 DAGs
[2026-05-09T19:50:50.629+0000] {logging_mixin.py:188} INFO - [2026-05-09T19:50:50.628+0000] {dag.py:3947} INFO - Setting next_dagrun for minio_to_snowflake_banking to 2026-05-09 19:50:00+00:00, run_after=2026-05-09 19:51:00+00:00
[2026-05-09T19:50:50.663+0000] {processor.py:183} INFO - Processing /opt/airflow/dags/minio_to_snowflake_dag.py took 1.125 seconds
[2026-05-09T19:51:20.898+0000] {processor.py:161} INFO - Started process (PID=294) to work on /opt/airflow/dags/minio_to_snowflake_dag.py
[2026-05-09T19:51:20.901+0000] {processor.py:830} INFO - Processing file /opt/airflow/dags/minio_to_snowflake_dag.py for tasks to queue
[2026-05-09T19:51:20.907+0000] {logging_mixin.py:188} INFO - [2026-05-09T19:51:20.905+0000] {dagbag.py:545} INFO - Filling up the DagBag from /opt/airflow/dags/minio_to_snowflake_dag.py
[2026-05-09T19:51:22.192+0000] {processor.py:840} INFO - DAG(s) 'minio_to_snowflake_banking' retrieved from /opt/airflow/dags/minio_to_snowflake_dag.py
[2026-05-09T19:51:22.236+0000] {logging_mixin.py:188} INFO - [2026-05-09T19:51:22.235+0000] {dag.py:3089} INFO - Sync 1 DAGs
[2026-05-09T19:51:22.278+0000] {logging_mixin.py:188} INFO - [2026-05-09T19:51:22.277+0000] {dag.py:3947} INFO - Setting next_dagrun for minio_to_snowflake_banking to 2026-05-09 19:51:00+00:00, run_after=2026-05-09 19:52:00+00:00
[2026-05-09T19:51:22.317+0000] {processor.py:183} INFO - Processing /opt/airflow/dags/minio_to_snowflake_dag.py took 1.435 seconds
[2026-05-09T19:51:52.751+0000] {processor.py:161} INFO - Started process (PID=298) to work on /opt/airflow/dags/minio_to_snowflake_dag.py
[2026-05-09T19:51:52.753+0000] {processor.py:830} INFO - Processing file /opt/airflow/dags/minio_to_snowflake_dag.py for tasks to queue
[2026-05-09T19:51:52.756+0000] {logging_mixin.py:188} INFO - [2026-05-09T19:51:52.756+0000] {dagbag.py:545} INFO - Filling up the DagBag from /opt/airflow/dags/minio_to_snowflake_dag.py
[2026-05-09T19:51:54.173+0000] {processor.py:840} INFO - DAG(s) 'minio_to_snowflake_banking' retrieved from /opt/airflow/dags/minio_to_snowflake_dag.py
[2026-05-09T19:51:54.214+0000] {logging_mixin.py:188} INFO - [2026-05-09T19:51:54.213+0000] {dag.py:3089} INFO - Sync 1 DAGs
[2026-05-09T19:51:54.253+0000] {logging_mixin.py:188} INFO - [2026-05-09T19:51:54.252+0000] {dag.py:3947} INFO - Setting next_dagrun for minio_to_snowflake_banking to 2026-05-09 19:51:00+00:00, run_after=2026-05-09 19:52:00+00:00
[2026-05-09T19:51:54.291+0000] {processor.py:183} INFO - Processing /opt/airflow/dags/minio_to_snowflake_dag.py took 1.549 seconds
[2026-05-09T19:52:24.547+0000] {processor.py:161} INFO - Started process (PID=332) to work on /opt/airflow/dags/minio_to_snowflake_dag.py
[2026-05-09T19:52:24.550+0000] {processor.py:830} INFO - Processing file /opt/airflow/dags/minio_to_snowflake_dag.py for tasks to queue
[2026-05-09T19:52:24.555+0000] {logging_mixin.py:188} INFO - [2026-05-09T19:52:24.554+0000] {dagbag.py:545} INFO - Filling up the DagBag from /opt/airflow/dags/minio_to_snowflake_dag.py
[2026-05-09T19:52:26.307+0000] {processor.py:840} INFO - DAG(s) 'minio_to_snowflake_banking' retrieved from /opt/airflow/dags/minio_to_snowflake_dag.py
[2026-05-09T19:52:26.344+0000] {logging_mixin.py:188} INFO - [2026-05-09T19:52:26.343+0000] {dag.py:3089} INFO - Sync 1 DAGs
[2026-05-09T19:52:26.376+0000] {logging_mixin.py:188} INFO - [2026-05-09T19:52:26.375+0000] {dag.py:3947} INFO - Setting next_dagrun for minio_to_snowflake_banking to 2026-05-09 19:52:00+00:00, run_after=2026-05-09 19:53:00+00:00
[2026-05-09T19:52:26.410+0000] {processor.py:183} INFO - Processing /opt/airflow/dags/minio_to_snowflake_dag.py took 1.884 seconds
[2026-05-09T19:52:56.829+0000] {processor.py:161} INFO - Started process (PID=336) to work on /opt/airflow/dags/minio_to_snowflake_dag.py
[2026-05-09T19:52:56.831+0000] {processor.py:830} INFO - Processing file /opt/airflow/dags/minio_to_snowflake_dag.py for tasks to queue
[2026-05-09T19:52:56.836+0000] {logging_mixin.py:188} INFO - [2026-05-09T19:52:56.835+0000] {dagbag.py:545} INFO - Filling up the DagBag from /opt/airflow/dags/minio_to_snowflake_dag.py
[2026-05-09T19:52:58.132+0000] {processor.py:840} INFO - DAG(s) 'minio_to_snowflake_banking' retrieved from /opt/airflow/dags/minio_to_snowflake_dag.py
[2026-05-09T19:52:58.190+0000] {logging_mixin.py:188} INFO - [2026-05-09T19:52:58.188+0000] {dag.py:3089} INFO - Sync 1 DAGs
[2026-05-09T19:52:58.238+0000] {logging_mixin.py:188} INFO - [2026-05-09T19:52:58.237+0000] {dag.py:3947} INFO - Setting next_dagrun for minio_to_snowflake_banking to 2026-05-09 19:52:00+00:00, run_after=2026-05-09 19:53:00+00:00
[2026-05-09T19:52:58.299+0000] {processor.py:183} INFO - Processing /opt/airflow/dags/minio_to_snowflake_dag.py took 1.485 seconds
[2026-05-09T19:53:28.817+0000] {processor.py:161} INFO - Started process (PID=370) to work on /opt/airflow/dags/minio_to_snowflake_dag.py
[2026-05-09T19:53:28.851+0000] {processor.py:830} INFO - Processing file /opt/airflow/dags/minio_to_snowflake_dag.py for tasks to queue
[2026-05-09T19:53:28.869+0000] {logging_mixin.py:188} INFO - [2026-05-09T19:53:28.856+0000] {dagbag.py:545} INFO - Filling up the DagBag from /opt/airflow/dags/minio_to_snowflake_dag.py
[2026-05-09T19:53:30.864+0000] {processor.py:840} INFO - DAG(s) 'minio_to_snowflake_banking' retrieved from /opt/airflow/dags/minio_to_snowflake_dag.py
[2026-05-09T19:53:30.903+0000] {logging_mixin.py:188} INFO - [2026-05-09T19:53:30.903+0000] {dag.py:3089} INFO - Sync 1 DAGs
[2026-05-09T19:53:30.937+0000] {logging_mixin.py:188} INFO - [2026-05-09T19:53:30.937+0000] {dag.py:3947} INFO - Setting next_dagrun for minio_to_snowflake_banking to 2026-05-09 19:53:00+00:00, run_after=2026-05-09 19:54:00+00:00
[2026-05-09T19:53:30.970+0000] {processor.py:183} INFO - Processing /opt/airflow/dags/minio_to_snowflake_dag.py took 2.219 seconds
[2026-05-09T19:54:01.309+0000] {processor.py:161} INFO - Started process (PID=375) to work on /opt/airflow/dags/minio_to_snowflake_dag.py
[2026-05-09T19:54:01.311+0000] {processor.py:830} INFO - Processing file /opt/airflow/dags/minio_to_snowflake_dag.py for tasks to queue
[2026-05-09T19:54:01.317+0000] {logging_mixin.py:188} INFO - [2026-05-09T19:54:01.316+0000] {dagbag.py:545} INFO - Filling up the DagBag from /opt/airflow/dags/minio_to_snowflake_dag.py
[2026-05-09T19:54:03.540+0000] {processor.py:840} INFO - DAG(s) 'minio_to_snowflake_banking' retrieved from /opt/airflow/dags/minio_to_snowflake_dag.py
[2026-05-09T19:54:03.785+0000] {logging_mixin.py:188} INFO - [2026-05-09T19:54:03.784+0000] {dag.py:3089} INFO - Sync 1 DAGs
[2026-05-09T19:54:03.886+0000] {logging_mixin.py:188} INFO - [2026-05-09T19:54:03.885+0000] {dag.py:3947} INFO - Setting next_dagrun for minio_to_snowflake_banking to 2026-05-09 19:54:00+00:00, run_after=2026-05-09 19:55:00+00:00
[2026-05-09T19:54:03.970+0000] {processor.py:183} INFO - Processing /opt/airflow/dags/minio_to_snowflake_dag.py took 2.675 seconds
[2026-05-09T19:54:34.374+0000] {processor.py:161} INFO - Started process (PID=408) to work on /opt/airflow/dags/minio_to_snowflake_dag.py
[2026-05-09T19:54:34.375+0000] {processor.py:830} INFO - Processing file /opt/airflow/dags/minio_to_snowflake_dag.py for tasks to queue
[2026-05-09T19:54:34.379+0000] {logging_mixin.py:188} INFO - [2026-05-09T19:54:34.379+0000] {dagbag.py:545} INFO - Filling up the DagBag from /opt/airflow/dags/minio_to_snowflake_dag.py
[2026-05-09T19:54:36.115+0000] {processor.py:840} INFO - DAG(s) 'minio_to_snowflake_banking' retrieved from /opt/airflow/dags/minio_to_snowflake_dag.py
[2026-05-09T19:54:36.156+0000] {logging_mixin.py:188} INFO - [2026-05-09T19:54:36.155+0000] {dag.py:3089} INFO - Sync 1 DAGs
[2026-05-09T19:54:36.202+0000] {logging_mixin.py:188} INFO - [2026-05-09T19:54:36.201+0000] {dag.py:3947} INFO - Setting next_dagrun for minio_to_snowflake_banking to 2026-05-09 19:54:00+00:00, run_after=2026-05-09 19:55:00+00:00
[2026-05-09T19:54:36.248+0000] {processor.py:183} INFO - Processing /opt/airflow/dags/minio_to_snowflake_dag.py took 1.889 seconds
[2026-05-09T19:55:06.677+0000] {processor.py:161} INFO - Started process (PID=422) to work on /opt/airflow/dags/minio_to_snowflake_dag.py
[2026-05-09T19:55:06.680+0000] {processor.py:830} INFO - Processing file /opt/airflow/dags/minio_to_snowflake_dag.py for tasks to queue
[2026-05-09T19:55:06.683+0000] {logging_mixin.py:188} INFO - [2026-05-09T19:55:06.683+0000] {dagbag.py:545} INFO - Filling up the DagBag from /opt/airflow/dags/minio_to_snowflake_dag.py
[2026-05-09T19:55:08.647+0000] {processor.py:840} INFO - DAG(s) 'minio_to_snowflake_banking' retrieved from /opt/airflow/dags/minio_to_snowflake_dag.py
[2026-05-09T19:55:08.751+0000] {logging_mixin.py:188} INFO - [2026-05-09T19:55:08.750+0000] {dag.py:3089} INFO - Sync 1 DAGs
[2026-05-09T19:55:08.897+0000] {logging_mixin.py:188} INFO - [2026-05-09T19:55:08.896+0000] {dag.py:3947} INFO - Setting next_dagrun for minio_to_snowflake_banking to 2026-05-09 19:55:00+00:00, run_after=2026-05-09 19:56:00+00:00
[2026-05-09T19:55:08.963+0000] {processor.py:183} INFO - Processing /opt/airflow/dags/minio_to_snowflake_dag.py took 2.300 seconds
[2026-05-09T19:55:39.302+0000] {processor.py:161} INFO - Started process (PID=445) to work on /opt/airflow/dags/minio_to_snowflake_dag.py
[2026-05-09T19:55:39.305+0000] {processor.py:830} INFO - Processing file /opt/airflow/dags/minio_to_snowflake_dag.py for tasks to queue
[2026-05-09T19:55:39.309+0000] {logging_mixin.py:188} INFO - [2026-05-09T19:55:39.308+0000] {dagbag.py:545} INFO - Filling up the DagBag from /opt/airflow/dags/minio_to_snowflake_dag.py
[2026-05-09T19:55:40.502+0000] {processor.py:840} INFO - DAG(s) 'minio_to_snowflake_banking' retrieved from /opt/airflow/dags/minio_to_snowflake_dag.py
[2026-05-09T19:55:40.539+0000] {logging_mixin.py:188} INFO - [2026-05-09T19:55:40.539+0000] {dag.py:3089} INFO - Sync 1 DAGs
[2026-05-09T19:55:40.569+0000] {logging_mixin.py:188} INFO - [2026-05-09T19:55:40.569+0000] {dag.py:3947} INFO - Setting next_dagrun for minio_to_snowflake_banking to 2026-05-09 19:55:00+00:00, run_after=2026-05-09 19:56:00+00:00
[2026-05-09T19:55:40.602+0000] {processor.py:183} INFO - Processing /opt/airflow/dags/minio_to_snowflake_dag.py took 1.312 seconds
[2026-05-09T19:56:10.989+0000] {processor.py:161} INFO - Started process (PID=462) to work on /opt/airflow/dags/minio_to_snowflake_dag.py
[2026-05-09T19:56:10.994+0000] {processor.py:830} INFO - Processing file /opt/airflow/dags/minio_to_snowflake_dag.py for tasks to queue
[2026-05-09T19:56:11.013+0000] {logging_mixin.py:188} INFO - [2026-05-09T19:56:11.010+0000] {dagbag.py:545} INFO - Filling up the DagBag from /opt/airflow/dags/minio_to_snowflake_dag.py
[2026-05-09T19:57:58.978+0000] {processor.py:161} INFO - Started process (PID=25) to work on /opt/airflow/dags/minio_to_snowflake_dag.py
[2026-05-09T19:57:59.018+0000] {processor.py:830} INFO - Processing file /opt/airflow/dags/minio_to_snowflake_dag.py for tasks to queue
[2026-05-09T19:57:59.077+0000] {logging_mixin.py:188} INFO - [2026-05-09T19:57:59.073+0000] {dagbag.py:545} INFO - Filling up the DagBag from /opt/airflow/dags/minio_to_snowflake_dag.py
[2026-05-09T19:58:11.952+0000] {processor.py:840} INFO - DAG(s) 'minio_to_snowflake_banking' retrieved from /opt/airflow/dags/minio_to_snowflake_dag.py
[2026-05-09T19:58:12.366+0000] {logging_mixin.py:188} INFO - [2026-05-09T19:58:12.365+0000] {dag.py:3089} INFO - Sync 1 DAGs
[2026-05-09T19:58:12.537+0000] {logging_mixin.py:188} INFO - [2026-05-09T19:58:12.536+0000] {dag.py:3947} INFO - Setting next_dagrun for minio_to_snowflake_banking to 2026-05-09 19:57:00+00:00, run_after=2026-05-09 19:58:00+00:00
[2026-05-09T19:58:12.649+0000] {processor.py:183} INFO - Processing /opt/airflow/dags/minio_to_snowflake_dag.py took 13.801 seconds
[2026-05-09T19:58:43.463+0000] {processor.py:161} INFO - Started process (PID=60) to work on /opt/airflow/dags/minio_to_snowflake_dag.py
[2026-05-09T19:58:43.471+0000] {processor.py:830} INFO - Processing file /opt/airflow/dags/minio_to_snowflake_dag.py for tasks to queue
[2026-05-09T19:58:43.498+0000] {logging_mixin.py:188} INFO - [2026-05-09T19:58:43.489+0000] {dagbag.py:545} INFO - Filling up the DagBag from /opt/airflow/dags/minio_to_snowflake_dag.py
[2026-05-09T19:58:49.895+0000] {processor.py:840} INFO - DAG(s) 'minio_to_snowflake_banking' retrieved from /opt/airflow/dags/minio_to_snowflake_dag.py
[2026-05-09T19:58:49.976+0000] {logging_mixin.py:188} INFO - [2026-05-09T19:58:49.974+0000] {dag.py:3089} INFO - Sync 1 DAGs
[2026-05-09T19:58:50.035+0000] {logging_mixin.py:188} INFO - [2026-05-09T19:58:50.035+0000] {dag.py:3947} INFO - Setting next_dagrun for minio_to_snowflake_banking to 2026-05-09 19:58:00+00:00, run_after=2026-05-09 19:59:00+00:00
[2026-05-09T19:58:50.086+0000] {processor.py:183} INFO - Processing /opt/airflow/dags/minio_to_snowflake_dag.py took 6.690 seconds
[2026-05-09T19:59:20.694+0000] {processor.py:161} INFO - Started process (PID=103) to work on /opt/airflow/dags/minio_to_snowflake_dag.py
[2026-05-09T19:59:20.698+0000] {processor.py:830} INFO - Processing file /opt/airflow/dags/minio_to_snowflake_dag.py for tasks to queue
[2026-05-09T19:59:20.710+0000] {logging_mixin.py:188} INFO - [2026-05-09T19:59:20.708+0000] {dagbag.py:545} INFO - Filling up the DagBag from /opt/airflow/dags/minio_to_snowflake_dag.py
[2026-05-09T19:59:30.303+0000] {processor.py:840} INFO - DAG(s) 'minio_to_snowflake_banking' retrieved from /opt/airflow/dags/minio_to_snowflake_dag.py
[2026-05-09T19:59:30.371+0000] {logging_mixin.py:188} INFO - [2026-05-09T19:59:30.370+0000] {dag.py:3089} INFO - Sync 1 DAGs
[2026-05-09T19:59:30.449+0000] {logging_mixin.py:188} INFO - [2026-05-09T19:59:30.449+0000] {dag.py:3947} INFO - Setting next_dagrun for minio_to_snowflake_banking to 2026-05-09 19:59:00+00:00, run_after=2026-05-09 20:00:00+00:00
[2026-05-09T19:59:30.545+0000] {processor.py:183} INFO - Processing /opt/airflow/dags/minio_to_snowflake_dag.py took 9.876 seconds
[2026-05-09T20:00:00.732+0000] {processor.py:161} INFO - Started process (PID=145) to work on /opt/airflow/dags/minio_to_snowflake_dag.py
[2026-05-09T20:00:00.734+0000] {processor.py:830} INFO - Processing file /opt/airflow/dags/minio_to_snowflake_dag.py for tasks to queue
[2026-05-09T20:00:00.740+0000] {logging_mixin.py:188} INFO - [2026-05-09T20:00:00.739+0000] {dagbag.py:545} INFO - Filling up the DagBag from /opt/airflow/dags/minio_to_snowflake_dag.py
[2026-05-09T20:00:02.283+0000] {processor.py:840} INFO - DAG(s) 'minio_to_snowflake_banking' retrieved from /opt/airflow/dags/minio_to_snowflake_dag.py
[2026-05-09T20:00:02.328+0000] {logging_mixin.py:188} INFO - [2026-05-09T20:00:02.327+0000] {dag.py:3089} INFO - Sync 1 DAGs
[2026-05-09T20:00:02.375+0000] {logging_mixin.py:188} INFO - [2026-05-09T20:00:02.375+0000] {dag.py:3947} INFO - Setting next_dagrun for minio_to_snowflake_banking to 2026-05-09 20:00:00+00:00, run_after=2026-05-09 20:01:00+00:00
[2026-05-09T20:00:02.413+0000] {processor.py:183} INFO - Processing /opt/airflow/dags/minio_to_snowflake_dag.py took 1.702 seconds
[2026-05-09T20:00:32.835+0000] {processor.py:161} INFO - Started process (PID=179) to work on /opt/airflow/dags/minio_to_snowflake_dag.py
[2026-05-09T20:00:32.837+0000] {processor.py:830} INFO - Processing file /opt/airflow/dags/minio_to_snowflake_dag.py for tasks to queue
[2026-05-09T20:00:32.843+0000] {logging_mixin.py:188} INFO - [2026-05-09T20:00:32.843+0000] {dagbag.py:545} INFO - Filling up the DagBag from /opt/airflow/dags/minio_to_snowflake_dag.py
[2026-05-09T20:00:33.901+0000] {processor.py:840} INFO - DAG(s) 'minio_to_snowflake_banking' retrieved from /opt/airflow/dags/minio_to_snowflake_dag.py
[2026-05-09T20:00:33.939+0000] {logging_mixin.py:188} INFO - [2026-05-09T20:00:33.938+0000] {dag.py:3089} INFO - Sync 1 DAGs
[2026-05-09T20:00:33.967+0000] {logging_mixin.py:188} INFO - [2026-05-09T20:00:33.967+0000] {dag.py:3947} INFO - Setting next_dagrun for minio_to_snowflake_banking to 2026-05-09 20:00:00+00:00, run_after=2026-05-09 20:01:00+00:00
[2026-05-09T20:00:33.997+0000] {processor.py:183} INFO - Processing /opt/airflow/dags/minio_to_snowflake_dag.py took 1.173 seconds
[2026-05-09T20:01:04.095+0000] {processor.py:161} INFO - Started process (PID=184) to work on /opt/airflow/dags/minio_to_snowflake_dag.py
[2026-05-09T20:01:04.098+0000] {processor.py:830} INFO - Processing file /opt/airflow/dags/minio_to_snowflake_dag.py for tasks to queue
[2026-05-09T20:01:04.101+0000] {logging_mixin.py:188} INFO - [2026-05-09T20:01:04.101+0000] {dagbag.py:545} INFO - Filling up the DagBag from /opt/airflow/dags/minio_to_snowflake_dag.py
[2026-05-09T20:01:05.202+0000] {processor.py:840} INFO - DAG(s) 'minio_to_snowflake_banking' retrieved from /opt/airflow/dags/minio_to_snowflake_dag.py
[2026-05-09T20:01:05.241+0000] {logging_mixin.py:188} INFO - [2026-05-09T20:01:05.240+0000] {dag.py:3089} INFO - Sync 1 DAGs
[2026-05-09T20:01:05.298+0000] {logging_mixin.py:188} INFO - [2026-05-09T20:01:05.297+0000] {dag.py:3947} INFO - Setting next_dagrun for minio_to_snowflake_banking to 2026-05-09 20:01:00+00:00, run_after=2026-05-09 20:02:00+00:00
[2026-05-09T20:01:05.365+0000] {processor.py:183} INFO - Processing /opt/airflow/dags/minio_to_snowflake_dag.py took 1.280 seconds
[2026-05-09T20:01:35.530+0000] {processor.py:161} INFO - Started process (PID=217) to work on /opt/airflow/dags/minio_to_snowflake_dag.py
[2026-05-09T20:01:35.533+0000] {processor.py:830} INFO - Processing file /opt/airflow/dags/minio_to_snowflake_dag.py for tasks to queue
[2026-05-09T20:01:35.537+0000] {logging_mixin.py:188} INFO - [2026-05-09T20:01:35.536+0000] {dagbag.py:545} INFO - Filling up the DagBag from /opt/airflow/dags/minio_to_snowflake_dag.py
[2026-05-09T20:01:37.023+0000] {processor.py:840} INFO - DAG(s) 'minio_to_snowflake_banking' retrieved from /opt/airflow/dags/minio_to_snowflake_dag.py
[2026-05-09T20:01:37.058+0000] {logging_mixin.py:188} INFO - [2026-05-09T20:01:37.057+0000] {dag.py:3089} INFO - Sync 1 DAGs
[2026-05-09T20:01:37.084+0000] {logging_mixin.py:188} INFO - [2026-05-09T20:01:37.084+0000] {dag.py:3947} INFO - Setting next_dagrun for minio_to_snowflake_banking to 2026-05-09 20:01:00+00:00, run_after=2026-05-09 20:02:00+00:00
[2026-05-09T20:01:37.125+0000] {processor.py:183} INFO - Processing /opt/airflow/dags/minio_to_snowflake_dag.py took 1.607 seconds
[2026-05-09T20:02:07.453+0000] {processor.py:161} INFO - Started process (PID=233) to work on /opt/airflow/dags/minio_to_snowflake_dag.py
[2026-05-09T20:02:07.455+0000] {processor.py:830} INFO - Processing file /opt/airflow/dags/minio_to_snowflake_dag.py for tasks to queue
[2026-05-09T20:02:07.463+0000] {logging_mixin.py:188} INFO - [2026-05-09T20:02:07.461+0000] {dagbag.py:545} INFO - Filling up the DagBag from /opt/airflow/dags/minio_to_snowflake_dag.py
[2026-05-09T20:02:09.682+0000] {processor.py:840} INFO - DAG(s) 'minio_to_snowflake_banking' retrieved from /opt/airflow/dags/minio_to_snowflake_dag.py
[2026-05-09T20:02:09.736+0000] {logging_mixin.py:188} INFO - [2026-05-09T20:02:09.735+0000] {dag.py:3089} INFO - Sync 1 DAGs
[2026-05-09T20:02:09.771+0000] {logging_mixin.py:188} INFO - [2026-05-09T20:02:09.771+0000] {dag.py:3947} INFO - Setting next_dagrun for minio_to_snowflake_banking to 2026-05-09 20:02:00+00:00, run_after=2026-05-09 20:03:00+00:00
[2026-05-09T20:02:09.805+0000] {processor.py:183} INFO - Processing /opt/airflow/dags/minio_to_snowflake_dag.py took 2.366 seconds
[2026-05-09T20:02:40.107+0000] {processor.py:161} INFO - Started process (PID=254) to work on /opt/airflow/dags/minio_to_snowflake_dag.py
[2026-05-09T20:02:40.109+0000] {processor.py:830} INFO - Processing file /opt/airflow/dags/minio_to_snowflake_dag.py for tasks to queue
[2026-05-09T20:02:40.113+0000] {logging_mixin.py:188} INFO - [2026-05-09T20:02:40.112+0000] {dagbag.py:545} INFO - Filling up the DagBag from /opt/airflow/dags/minio_to_snowflake_dag.py
[2026-05-09T20:02:41.400+0000] {processor.py:840} INFO - DAG(s) 'minio_to_snowflake_banking' retrieved from /opt/airflow/dags/minio_to_snowflake_dag.py
[2026-05-09T20:02:41.436+0000] {logging_mixin.py:188} INFO - [2026-05-09T20:02:41.435+0000] {dag.py:3089} INFO - Sync 1 DAGs
[2026-05-09T20:02:41.470+0000] {logging_mixin.py:188} INFO - [2026-05-09T20:02:41.470+0000] {dag.py:3947} INFO - Setting next_dagrun for minio_to_snowflake_banking to 2026-05-09 20:02:00+00:00, run_after=2026-05-09 20:03:00+00:00
[2026-05-09T20:02:41.502+0000] {processor.py:183} INFO - Processing /opt/airflow/dags/minio_to_snowflake_dag.py took 1.406 seconds
[2026-05-09T20:03:11.990+0000] {processor.py:161} INFO - Started process (PID=271) to work on /opt/airflow/dags/minio_to_snowflake_dag.py
[2026-05-09T20:03:11.992+0000] {processor.py:830} INFO - Processing file /opt/airflow/dags/minio_to_snowflake_dag.py for tasks to queue
[2026-05-09T20:03:11.996+0000] {logging_mixin.py:188} INFO - [2026-05-09T20:03:11.995+0000] {dagbag.py:545} INFO - Filling up the DagBag from /opt/airflow/dags/minio_to_snowflake_dag.py
[2026-05-09T20:03:13.393+0000] {processor.py:840} INFO - DAG(s) 'minio_to_snowflake_banking' retrieved from /opt/airflow/dags/minio_to_snowflake_dag.py
[2026-05-09T20:03:13.466+0000] {logging_mixin.py:188} INFO - [2026-05-09T20:03:13.464+0000] {dag.py:3089} INFO - Sync 1 DAGs
[2026-05-09T20:03:13.521+0000] {logging_mixin.py:188} INFO - [2026-05-09T20:03:13.520+0000] {dag.py:3947} INFO - Setting next_dagrun for minio_to_snowflake_banking to 2026-05-09 20:03:00+00:00, run_after=2026-05-09 20:04:00+00:00
[2026-05-09T20:03:13.567+0000] {processor.py:183} INFO - Processing /opt/airflow/dags/minio_to_snowflake_dag.py took 1.589 seconds
[2026-05-09T20:03:43.889+0000] {processor.py:161} INFO - Started process (PID=292) to work on /opt/airflow/dags/minio_to_snowflake_dag.py
[2026-05-09T20:03:43.891+0000] {processor.py:830} INFO - Processing file /opt/airflow/dags/minio_to_snowflake_dag.py for tasks to queue
[2026-05-09T20:03:43.896+0000] {logging_mixin.py:188} INFO - [2026-05-09T20:03:43.895+0000] {dagbag.py:545} INFO - Filling up the DagBag from /opt/airflow/dags/minio_to_snowflake_dag.py
[2026-05-09T20:03:44.888+0000] {processor.py:840} INFO - DAG(s) 'minio_to_snowflake_banking' retrieved from /opt/airflow/dags/minio_to_snowflake_dag.py
[2026-05-09T20:03:44.925+0000] {logging_mixin.py:188} INFO - [2026-05-09T20:03:44.924+0000] {dag.py:3089} INFO - Sync 1 DAGs
[2026-05-09T20:03:44.954+0000] {logging_mixin.py:188} INFO - [2026-05-09T20:03:44.954+0000] {dag.py:3947} INFO - Setting next_dagrun for minio_to_snowflake_banking to 2026-05-09 20:03:00+00:00, run_after=2026-05-09 20:04:00+00:00
[2026-05-09T20:03:44.985+0000] {processor.py:183} INFO - Processing /opt/airflow/dags/minio_to_snowflake_dag.py took 1.111 seconds
[2026-05-09T20:04:15.161+0000] {processor.py:161} INFO - Started process (PID=326) to work on /opt/airflow/dags/minio_to_snowflake_dag.py
[2026-05-09T20:04:15.164+0000] {processor.py:830} INFO - Processing file /opt/airflow/dags/minio_to_snowflake_dag.py for tasks to queue
[2026-05-09T20:04:15.168+0000] {logging_mixin.py:188} INFO - [2026-05-09T20:04:15.168+0000] {dagbag.py:545} INFO - Filling up the DagBag from /opt/airflow/dags/minio_to_snowflake_dag.py
[2026-05-09T20:04:16.589+0000] {processor.py:840} INFO - DAG(s) 'minio_to_snowflake_banking' retrieved from /opt/airflow/dags/minio_to_snowflake_dag.py
[2026-05-09T20:04:16.631+0000] {logging_mixin.py:188} INFO - [2026-05-09T20:04:16.630+0000] {dag.py:3089} INFO - Sync 1 DAGs
[2026-05-09T20:04:16.666+0000] {logging_mixin.py:188} INFO - [2026-05-09T20:04:16.666+0000] {dag.py:3947} INFO - Setting next_dagrun for minio_to_snowflake_banking to 2026-05-09 20:04:00+00:00, run_after=2026-05-09 20:05:00+00:00
[2026-05-09T20:04:16.708+0000] {processor.py:183} INFO - Processing /opt/airflow/dags/minio_to_snowflake_dag.py took 1.561 seconds
[2026-05-09T20:04:47.146+0000] {processor.py:161} INFO - Started process (PID=330) to work on /opt/airflow/dags/minio_to_snowflake_dag.py
[2026-05-09T20:04:47.152+0000] {processor.py:830} INFO - Processing file /opt/airflow/dags/minio_to_snowflake_dag.py for tasks to queue
[2026-05-09T20:04:47.159+0000] {logging_mixin.py:188} INFO - [2026-05-09T20:04:47.158+0000] {dagbag.py:545} INFO - Filling up the DagBag from /opt/airflow/dags/minio_to_snowflake_dag.py
[2026-05-09T20:04:49.051+0000] {processor.py:840} INFO - DAG(s) 'minio_to_snowflake_banking' retrieved from /opt/airflow/dags/minio_to_snowflake_dag.py
[2026-05-09T20:04:49.104+0000] {logging_mixin.py:188} INFO - [2026-05-09T20:04:49.103+0000] {dag.py:3089} INFO - Sync 1 DAGs
[2026-05-09T20:04:49.148+0000] {logging_mixin.py:188} INFO - [2026-05-09T20:04:49.148+0000] {dag.py:3947} INFO - Setting next_dagrun for minio_to_snowflake_banking to 2026-05-09 20:04:00+00:00, run_after=2026-05-09 20:05:00+00:00
[2026-05-09T20:04:49.194+0000] {processor.py:183} INFO - Processing /opt/airflow/dags/minio_to_snowflake_dag.py took 2.086 seconds
[2026-05-09T20:05:19.420+0000] {processor.py:161} INFO - Started process (PID=363) to work on /opt/airflow/dags/minio_to_snowflake_dag.py
[2026-05-09T20:05:19.422+0000] {processor.py:830} INFO - Processing file /opt/airflow/dags/minio_to_snowflake_dag.py for tasks to queue
[2026-05-09T20:05:19.425+0000] {logging_mixin.py:188} INFO - [2026-05-09T20:05:19.425+0000] {dagbag.py:545} INFO - Filling up the DagBag from /opt/airflow/dags/minio_to_snowflake_dag.py
[2026-05-09T20:05:20.383+0000] {processor.py:840} INFO - DAG(s) 'minio_to_snowflake_banking' retrieved from /opt/airflow/dags/minio_to_snowflake_dag.py
[2026-05-09T20:05:20.423+0000] {logging_mixin.py:188} INFO - [2026-05-09T20:05:20.422+0000] {dag.py:3089} INFO - Sync 1 DAGs
[2026-05-09T20:05:20.453+0000] {logging_mixin.py:188} INFO - [2026-05-09T20:05:20.453+0000] {dag.py:3947} INFO - Setting next_dagrun for minio_to_snowflake_banking to 2026-05-09 20:05:00+00:00, run_after=2026-05-09 20:06:00+00:00
[2026-05-09T20:05:20.482+0000] {processor.py:183} INFO - Processing /opt/airflow/dags/minio_to_snowflake_dag.py took 1.075 seconds
[2026-05-09T20:05:50.653+0000] {processor.py:161} INFO - Started process (PID=367) to work on /opt/airflow/dags/minio_to_snowflake_dag.py
[2026-05-09T20:05:50.655+0000] {processor.py:830} INFO - Processing file /opt/airflow/dags/minio_to_snowflake_dag.py for tasks to queue
[2026-05-09T20:05:50.658+0000] {logging_mixin.py:188} INFO - [2026-05-09T20:05:50.657+0000] {dagbag.py:545} INFO - Filling up the DagBag from /opt/airflow/dags/minio_to_snowflake_dag.py
[2026-05-09T20:05:51.718+0000] {processor.py:840} INFO - DAG(s) 'minio_to_snowflake_banking' retrieved from /opt/airflow/dags/minio_to_snowflake_dag.py
[2026-05-09T20:05:51.760+0000] {logging_mixin.py:188} INFO - [2026-05-09T20:05:51.760+0000] {dag.py:3089} INFO - Sync 1 DAGs
[2026-05-09T20:05:51.795+0000] {logging_mixin.py:188} INFO - [2026-05-09T20:05:51.795+0000] {dag.py:3947} INFO - Setting next_dagrun for minio_to_snowflake_banking to 2026-05-09 20:05:00+00:00, run_after=2026-05-09 20:06:00+00:00
[2026-05-09T20:05:51.827+0000] {processor.py:183} INFO - Processing /opt/airflow/dags/minio_to_snowflake_dag.py took 1.183 seconds
[2026-05-09T20:06:21.961+0000] {processor.py:161} INFO - Started process (PID=401) to work on /opt/airflow/dags/minio_to_snowflake_dag.py
[2026-05-09T20:06:21.963+0000] {processor.py:830} INFO - Processing file /opt/airflow/dags/minio_to_snowflake_dag.py for tasks to queue
[2026-05-09T20:06:21.967+0000] {logging_mixin.py:188} INFO - [2026-05-09T20:06:21.966+0000] {dagbag.py:545} INFO - Filling up the DagBag from /opt/airflow/dags/minio_to_snowflake_dag.py
[2026-05-09T20:06:23.069+0000] {processor.py:840} INFO - DAG(s) 'minio_to_snowflake_banking' retrieved from /opt/airflow/dags/minio_to_snowflake_dag.py
[2026-05-09T20:06:23.109+0000] {logging_mixin.py:188} INFO - [2026-05-09T20:06:23.108+0000] {dag.py:3089} INFO - Sync 1 DAGs
[2026-05-09T20:06:23.142+0000] {logging_mixin.py:188} INFO - [2026-05-09T20:06:23.142+0000] {dag.py:3947} INFO - Setting next_dagrun for minio_to_snowflake_banking to 2026-05-09 20:06:00+00:00, run_after=2026-05-09 20:07:00+00:00
[2026-05-09T20:06:23.173+0000] {processor.py:183} INFO - Processing /opt/airflow/dags/minio_to_snowflake_dag.py took 1.221 seconds
[2026-05-09T20:06:53.418+0000] {processor.py:161} INFO - Started process (PID=405) to work on /opt/airflow/dags/minio_to_snowflake_dag.py
[2026-05-09T20:06:53.420+0000] {processor.py:830} INFO - Processing file /opt/airflow/dags/minio_to_snowflake_dag.py for tasks to queue
[2026-05-09T20:06:53.424+0000] {logging_mixin.py:188} INFO - [2026-05-09T20:06:53.424+0000] {dagbag.py:545} INFO - Filling up the DagBag from /opt/airflow/dags/minio_to_snowflake_dag.py
[2026-05-09T20:06:54.434+0000] {processor.py:840} INFO - DAG(s) 'minio_to_snowflake_banking' retrieved from /opt/airflow/dags/minio_to_snowflake_dag.py
[2026-05-09T20:06:54.477+0000] {logging_mixin.py:188} INFO - [2026-05-09T20:06:54.476+0000] {dag.py:3089} INFO - Sync 1 DAGs
[2026-05-09T20:06:54.510+0000] {logging_mixin.py:188} INFO - [2026-05-09T20:06:54.510+0000] {dag.py:3947} INFO - Setting next_dagrun for minio_to_snowflake_banking to 2026-05-09 20:06:00+00:00, run_after=2026-05-09 20:07:00+00:00
[2026-05-09T20:06:54.545+0000] {processor.py:183} INFO - Processing /opt/airflow/dags/minio_to_snowflake_dag.py took 1.135 seconds
[2026-05-09T20:07:24.707+0000] {processor.py:161} INFO - Started process (PID=439) to work on /opt/airflow/dags/minio_to_snowflake_dag.py
[2026-05-09T20:07:24.709+0000] {processor.py:830} INFO - Processing file /opt/airflow/dags/minio_to_snowflake_dag.py for tasks to queue
[2026-05-09T20:07:24.713+0000] {logging_mixin.py:188} INFO - [2026-05-09T20:07:24.712+0000] {dagbag.py:545} INFO - Filling up the DagBag from /opt/airflow/dags/minio_to_snowflake_dag.py
[2026-05-09T20:07:25.851+0000] {processor.py:840} INFO - DAG(s) 'minio_to_snowflake_banking' retrieved from /opt/airflow/dags/minio_to_snowflake_dag.py
[2026-05-09T20:07:25.895+0000] {logging_mixin.py:188} INFO - [2026-05-09T20:07:25.894+0000] {dag.py:3089} INFO - Sync 1 DAGs
[2026-05-09T20:07:25.927+0000] {logging_mixin.py:188} INFO - [2026-05-09T20:07:25.927+0000] {dag.py:3947} INFO - Setting next_dagrun for minio_to_snowflake_banking to 2026-05-09 20:07:00+00:00, run_after=2026-05-09 20:08:00+00:00
[2026-05-09T20:07:25.960+0000] {processor.py:183} INFO - Processing /opt/airflow/dags/minio_to_snowflake_dag.py took 1.265 seconds
[2026-05-09T20:07:56.061+0000] {processor.py:161} INFO - Started process (PID=443) to work on /opt/airflow/dags/minio_to_snowflake_dag.py
[2026-05-09T20:07:56.064+0000] {processor.py:830} INFO - Processing file /opt/airflow/dags/minio_to_snowflake_dag.py for tasks to queue
[2026-05-09T20:07:56.070+0000] {logging_mixin.py:188} INFO - [2026-05-09T20:07:56.068+0000] {dagbag.py:545} INFO - Filling up the DagBag from /opt/airflow/dags/minio_to_snowflake_dag.py
[2026-05-09T20:07:57.178+0000] {processor.py:840} INFO - DAG(s) 'minio_to_snowflake_banking' retrieved from /opt/airflow/dags/minio_to_snowflake_dag.py
[2026-05-09T20:07:57.213+0000] {logging_mixin.py:188} INFO - [2026-05-09T20:07:57.212+0000] {dag.py:3089} INFO - Sync 1 DAGs
[2026-05-09T20:07:57.242+0000] {logging_mixin.py:188} INFO - [2026-05-09T20:07:57.242+0000] {dag.py:3947} INFO - Setting next_dagrun for minio_to_snowflake_banking to 2026-05-09 20:07:00+00:00, run_after=2026-05-09 20:08:00+00:00
[2026-05-09T20:07:57.270+0000] {processor.py:183} INFO - Processing /opt/airflow/dags/minio_to_snowflake_dag.py took 1.222 seconds
[2026-05-09T20:08:27.552+0000] {processor.py:161} INFO - Started process (PID=477) to work on /opt/airflow/dags/minio_to_snowflake_dag.py
[2026-05-09T20:08:27.556+0000] {processor.py:830} INFO - Processing file /opt/airflow/dags/minio_to_snowflake_dag.py for tasks to queue
[2026-05-09T20:08:27.559+0000] {logging_mixin.py:188} INFO - [2026-05-09T20:08:27.558+0000] {dagbag.py:545} INFO - Filling up the DagBag from /opt/airflow/dags/minio_to_snowflake_dag.py
[2026-05-09T20:08:28.771+0000] {processor.py:840} INFO - DAG(s) 'minio_to_snowflake_banking' retrieved from /opt/airflow/dags/minio_to_snowflake_dag.py
[2026-05-09T20:08:28.816+0000] {logging_mixin.py:188} INFO - [2026-05-09T20:08:28.815+0000] {dag.py:3089} INFO - Sync 1 DAGs
[2026-05-09T20:08:28.854+0000] {logging_mixin.py:188} INFO - [2026-05-09T20:08:28.854+0000] {dag.py:3947} INFO - Setting next_dagrun for minio_to_snowflake_banking to 2026-05-09 20:08:00+00:00, run_after=2026-05-09 20:09:00+00:00
[2026-05-09T20:08:28.900+0000] {processor.py:183} INFO - Processing /opt/airflow/dags/minio_to_snowflake_dag.py took 1.358 seconds
[2026-05-09T20:08:59.188+0000] {processor.py:161} INFO - Started process (PID=481) to work on /opt/airflow/dags/minio_to_snowflake_dag.py
[2026-05-09T20:08:59.191+0000] {processor.py:830} INFO - Processing file /opt/airflow/dags/minio_to_snowflake_dag.py for tasks to queue
[2026-05-09T20:08:59.194+0000] {logging_mixin.py:188} INFO - [2026-05-09T20:08:59.193+0000] {dagbag.py:545} INFO - Filling up the DagBag from /opt/airflow/dags/minio_to_snowflake_dag.py
[2026-05-09T20:09:00.193+0000] {processor.py:840} INFO - DAG(s) 'minio_to_snowflake_banking' retrieved from /opt/airflow/dags/minio_to_snowflake_dag.py
[2026-05-09T20:09:00.233+0000] {logging_mixin.py:188} INFO - [2026-05-09T20:09:00.232+0000] {dag.py:3089} INFO - Sync 1 DAGs
[2026-05-09T20:09:00.268+0000] {logging_mixin.py:188} INFO - [2026-05-09T20:09:00.268+0000] {dag.py:3947} INFO - Setting next_dagrun for minio_to_snowflake_banking to 2026-05-09 20:08:00+00:00, run_after=2026-05-09 20:09:00+00:00
[2026-05-09T20:09:00.298+0000] {processor.py:183} INFO - Processing /opt/airflow/dags/minio_to_snowflake_dag.py took 1.119 seconds
[2026-05-09T20:09:30.484+0000] {processor.py:161} INFO - Started process (PID=515) to work on /opt/airflow/dags/minio_to_snowflake_dag.py
[2026-05-09T20:09:30.487+0000] {processor.py:830} INFO - Processing file /opt/airflow/dags/minio_to_snowflake_dag.py for tasks to queue
[2026-05-09T20:09:30.492+0000] {logging_mixin.py:188} INFO - [2026-05-09T20:09:30.491+0000] {dagbag.py:545} INFO - Filling up the DagBag from /opt/airflow/dags/minio_to_snowflake_dag.py
[2026-05-09T20:09:31.674+0000] {processor.py:840} INFO - DAG(s) 'minio_to_snowflake_banking' retrieved from /opt/airflow/dags/minio_to_snowflake_dag.py
[2026-05-09T20:09:31.724+0000] {logging_mixin.py:188} INFO - [2026-05-09T20:09:31.723+0000] {dag.py:3089} INFO - Sync 1 DAGs
[2026-05-09T20:09:31.762+0000] {logging_mixin.py:188} INFO - [2026-05-09T20:09:31.762+0000] {dag.py:3947} INFO - Setting next_dagrun for minio_to_snowflake_banking to 2026-05-09 20:09:00+00:00, run_after=2026-05-09 20:10:00+00:00
[2026-05-09T20:09:31.797+0000] {processor.py:183} INFO - Processing /opt/airflow/dags/minio_to_snowflake_dag.py took 1.334 seconds
[2026-05-09T20:10:02.109+0000] {processor.py:161} INFO - Started process (PID=520) to work on /opt/airflow/dags/minio_to_snowflake_dag.py
[2026-05-09T20:10:02.115+0000] {processor.py:830} INFO - Processing file /opt/airflow/dags/minio_to_snowflake_dag.py for tasks to queue
[2026-05-09T20:10:02.120+0000] {logging_mixin.py:188} INFO - [2026-05-09T20:10:02.119+0000] {dagbag.py:545} INFO - Filling up the DagBag from /opt/airflow/dags/minio_to_snowflake_dag.py
[2026-05-09T20:10:03.316+0000] {processor.py:840} INFO - DAG(s) 'minio_to_snowflake_banking' retrieved from /opt/airflow/dags/minio_to_snowflake_dag.py
[2026-05-09T20:10:03.351+0000] {logging_mixin.py:188} INFO - [2026-05-09T20:10:03.350+0000] {dag.py:3089} INFO - Sync 1 DAGs
[2026-05-09T20:10:03.385+0000] {logging_mixin.py:188} INFO - [2026-05-09T20:10:03.385+0000] {dag.py:3947} INFO - Setting next_dagrun for minio_to_snowflake_banking to 2026-05-09 20:10:00+00:00, run_after=2026-05-09 20:11:00+00:00
[2026-05-09T20:10:03.417+0000] {processor.py:183} INFO - Processing /opt/airflow/dags/minio_to_snowflake_dag.py took 1.327 seconds
[2026-05-09T20:10:33.772+0000] {processor.py:161} INFO - Started process (PID=553) to work on /opt/airflow/dags/minio_to_snowflake_dag.py
[2026-05-09T20:10:33.775+0000] {processor.py:830} INFO - Processing file /opt/airflow/dags/minio_to_snowflake_dag.py for tasks to queue
[2026-05-09T20:10:33.780+0000] {logging_mixin.py:188} INFO - [2026-05-09T20:10:33.779+0000] {dagbag.py:545} INFO - Filling up the DagBag from /opt/airflow/dags/minio_to_snowflake_dag.py
[2026-05-09T20:10:35.133+0000] {processor.py:840} INFO - DAG(s) 'minio_to_snowflake_banking' retrieved from /opt/airflow/dags/minio_to_snowflake_dag.py
[2026-05-09T20:10:35.181+0000] {logging_mixin.py:188} INFO - [2026-05-09T20:10:35.180+0000] {dag.py:3089} INFO - Sync 1 DAGs
[2026-05-09T20:10:35.221+0000] {logging_mixin.py:188} INFO - [2026-05-09T20:10:35.220+0000] {dag.py:3947} INFO - Setting next_dagrun for minio_to_snowflake_banking to 2026-05-09 20:10:00+00:00, run_after=2026-05-09 20:11:00+00:00
[2026-05-09T20:10:35.255+0000] {processor.py:183} INFO - Processing /opt/airflow/dags/minio_to_snowflake_dag.py took 1.501 seconds
[2026-05-09T20:11:05.888+0000] {processor.py:161} INFO - Started process (PID=569) to work on /opt/airflow/dags/minio_to_snowflake_dag.py
[2026-05-09T20:11:05.905+0000] {processor.py:830} INFO - Processing file /opt/airflow/dags/minio_to_snowflake_dag.py for tasks to queue
[2026-05-09T20:11:05.953+0000] {logging_mixin.py:188} INFO - [2026-05-09T20:11:05.944+0000] {dagbag.py:545} INFO - Filling up the DagBag from /opt/airflow/dags/minio_to_snowflake_dag.py
[2026-05-09T20:11:08.292+0000] {processor.py:840} INFO - DAG(s) 'minio_to_snowflake_banking' retrieved from /opt/airflow/dags/minio_to_snowflake_dag.py
[2026-05-09T20:11:08.336+0000] {logging_mixin.py:188} INFO - [2026-05-09T20:11:08.335+0000] {dag.py:3089} INFO - Sync 1 DAGs
[2026-05-09T20:11:08.379+0000] {logging_mixin.py:188} INFO - [2026-05-09T20:11:08.379+0000] {dag.py:3947} INFO - Setting next_dagrun for minio_to_snowflake_banking to 2026-05-09 20:11:00+00:00, run_after=2026-05-09 20:12:00+00:00
[2026-05-09T20:11:08.412+0000] {processor.py:183} INFO - Processing /opt/airflow/dags/minio_to_snowflake_dag.py took 2.799 seconds
[2026-05-09T20:11:38.757+0000] {processor.py:161} INFO - Started process (PID=591) to work on /opt/airflow/dags/minio_to_snowflake_dag.py
[2026-05-09T20:11:38.761+0000] {processor.py:830} INFO - Processing file /opt/airflow/dags/minio_to_snowflake_dag.py for tasks to queue
[2026-05-09T20:11:38.765+0000] {logging_mixin.py:188} INFO - [2026-05-09T20:11:38.764+0000] {dagbag.py:545} INFO - Filling up the DagBag from /opt/airflow/dags/minio_to_snowflake_dag.py
[2026-05-09T20:11:39.689+0000] {processor.py:840} INFO - DAG(s) 'minio_to_snowflake_banking' retrieved from /opt/airflow/dags/minio_to_snowflake_dag.py
[2026-05-09T20:11:39.725+0000] {logging_mixin.py:188} INFO - [2026-05-09T20:11:39.724+0000] {dag.py:3089} INFO - Sync 1 DAGs
[2026-05-09T20:11:39.750+0000] {logging_mixin.py:188} INFO - [2026-05-09T20:11:39.750+0000] {dag.py:3947} INFO - Setting next_dagrun for minio_to_snowflake_banking to 2026-05-09 20:11:00+00:00, run_after=2026-05-09 20:12:00+00:00
[2026-05-09T20:11:39.779+0000] {processor.py:183} INFO - Processing /opt/airflow/dags/minio_to_snowflake_dag.py took 1.038 seconds
[2026-05-09T20:12:09.980+0000] {processor.py:161} INFO - Started process (PID=608) to work on /opt/airflow/dags/minio_to_snowflake_dag.py
[2026-05-09T20:12:09.983+0000] {processor.py:830} INFO - Processing file /opt/airflow/dags/minio_to_snowflake_dag.py for tasks to queue
[2026-05-09T20:12:09.987+0000] {logging_mixin.py:188} INFO - [2026-05-09T20:12:09.986+0000] {dagbag.py:545} INFO - Filling up the DagBag from /opt/airflow/dags/minio_to_snowflake_dag.py
[2026-05-09T20:12:11.212+0000] {processor.py:840} INFO - DAG(s) 'minio_to_snowflake_banking' retrieved from /opt/airflow/dags/minio_to_snowflake_dag.py
[2026-05-09T20:12:11.260+0000] {logging_mixin.py:188} INFO - [2026-05-09T20:12:11.260+0000] {dag.py:3089} INFO - Sync 1 DAGs
[2026-05-09T20:12:11.302+0000] {logging_mixin.py:188} INFO - [2026-05-09T20:12:11.302+0000] {dag.py:3947} INFO - Setting next_dagrun for minio_to_snowflake_banking to 2026-05-09 20:12:00+00:00, run_after=2026-05-09 20:13:00+00:00
[2026-05-09T20:12:11.336+0000] {processor.py:183} INFO - Processing /opt/airflow/dags/minio_to_snowflake_dag.py took 1.364 seconds
[2026-05-09T20:12:41.672+0000] {processor.py:161} INFO - Started process (PID=629) to work on /opt/airflow/dags/minio_to_snowflake_dag.py
[2026-05-09T20:12:41.678+0000] {processor.py:830} INFO - Processing file /opt/airflow/dags/minio_to_snowflake_dag.py for tasks to queue
[2026-05-09T20:12:41.688+0000] {logging_mixin.py:188} INFO - [2026-05-09T20:12:41.686+0000] {dagbag.py:545} INFO - Filling up the DagBag from /opt/airflow/dags/minio_to_snowflake_dag.py
[2026-05-09T20:12:43.131+0000] {processor.py:840} INFO - DAG(s) 'minio_to_snowflake_banking' retrieved from /opt/airflow/dags/minio_to_snowflake_dag.py
[2026-05-09T20:12:43.169+0000] {logging_mixin.py:188} INFO - [2026-05-09T20:12:43.168+0000] {dag.py:3089} INFO - Sync 1 DAGs
[2026-05-09T20:12:43.202+0000] {logging_mixin.py:188} INFO - [2026-05-09T20:12:43.202+0000] {dag.py:3947} INFO - Setting next_dagrun for minio_to_snowflake_banking to 2026-05-09 20:12:00+00:00, run_after=2026-05-09 20:13:00+00:00
[2026-05-09T20:12:43.236+0000] {processor.py:183} INFO - Processing /opt/airflow/dags/minio_to_snowflake_dag.py took 1.583 seconds
[2026-05-09T20:13:13.597+0000] {processor.py:161} INFO - Started process (PID=663) to work on /opt/airflow/dags/minio_to_snowflake_dag.py
[2026-05-09T20:13:13.600+0000] {processor.py:830} INFO - Processing file /opt/airflow/dags/minio_to_snowflake_dag.py for tasks to queue
[2026-05-09T20:13:13.605+0000] {logging_mixin.py:188} INFO - [2026-05-09T20:13:13.604+0000] {dagbag.py:545} INFO - Filling up the DagBag from /opt/airflow/dags/minio_to_snowflake_dag.py
[2026-05-09T20:13:15.247+0000] {processor.py:840} INFO - DAG(s) 'minio_to_snowflake_banking' retrieved from /opt/airflow/dags/minio_to_snowflake_dag.py
[2026-05-09T20:13:15.284+0000] {logging_mixin.py:188} INFO - [2026-05-09T20:13:15.283+0000] {dag.py:3089} INFO - Sync 1 DAGs
[2026-05-09T20:13:15.321+0000] {logging_mixin.py:188} INFO - [2026-05-09T20:13:15.320+0000] {dag.py:3947} INFO - Setting next_dagrun for minio_to_snowflake_banking to 2026-05-09 20:13:00+00:00, run_after=2026-05-09 20:14:00+00:00
[2026-05-09T20:13:15.356+0000] {processor.py:183} INFO - Processing /opt/airflow/dags/minio_to_snowflake_dag.py took 1.774 seconds
[2026-05-09T20:13:45.708+0000] {processor.py:161} INFO - Started process (PID=667) to work on /opt/airflow/dags/minio_to_snowflake_dag.py
[2026-05-09T20:13:45.711+0000] {processor.py:830} INFO - Processing file /opt/airflow/dags/minio_to_snowflake_dag.py for tasks to queue
[2026-05-09T20:13:45.735+0000] {logging_mixin.py:188} INFO - [2026-05-09T20:13:45.734+0000] {dagbag.py:545} INFO - Filling up the DagBag from /opt/airflow/dags/minio_to_snowflake_dag.py
[2026-05-09T20:13:47.112+0000] {processor.py:840} INFO - DAG(s) 'minio_to_snowflake_banking' retrieved from /opt/airflow/dags/minio_to_snowflake_dag.py
[2026-05-09T20:13:47.152+0000] {logging_mixin.py:188} INFO - [2026-05-09T20:13:47.151+0000] {dag.py:3089} INFO - Sync 1 DAGs
[2026-05-09T20:13:47.183+0000] {logging_mixin.py:188} INFO - [2026-05-09T20:13:47.183+0000] {dag.py:3947} INFO - Setting next_dagrun for minio_to_snowflake_banking to 2026-05-09 20:13:00+00:00, run_after=2026-05-09 20:14:00+00:00
[2026-05-09T20:13:47.214+0000] {processor.py:183} INFO - Processing /opt/airflow/dags/minio_to_snowflake_dag.py took 1.543 seconds
[2026-05-09T20:14:17.614+0000] {processor.py:161} INFO - Started process (PID=701) to work on /opt/airflow/dags/minio_to_snowflake_dag.py
[2026-05-09T20:14:17.616+0000] {processor.py:830} INFO - Processing file /opt/airflow/dags/minio_to_snowflake_dag.py for tasks to queue
[2026-05-09T20:14:17.622+0000] {logging_mixin.py:188} INFO - [2026-05-09T20:14:17.621+0000] {dagbag.py:545} INFO - Filling up the DagBag from /opt/airflow/dags/minio_to_snowflake_dag.py
[2026-05-09T20:14:18.532+0000] {processor.py:840} INFO - DAG(s) 'minio_to_snowflake_banking' retrieved from /opt/airflow/dags/minio_to_snowflake_dag.py
[2026-05-09T20:14:18.571+0000] {logging_mixin.py:188} INFO - [2026-05-09T20:14:18.570+0000] {dag.py:3089} INFO - Sync 1 DAGs
[2026-05-09T20:14:18.602+0000] {logging_mixin.py:188} INFO - [2026-05-09T20:14:18.601+0000] {dag.py:3947} INFO - Setting next_dagrun for minio_to_snowflake_banking to 2026-05-09 20:14:00+00:00, run_after=2026-05-09 20:15:00+00:00
[2026-05-09T20:14:18.632+0000] {processor.py:183} INFO - Processing /opt/airflow/dags/minio_to_snowflake_dag.py took 1.029 seconds
[2026-05-09T20:14:48.904+0000] {processor.py:161} INFO - Started process (PID=705) to work on /opt/airflow/dags/minio_to_snowflake_dag.py
[2026-05-09T20:14:48.906+0000] {processor.py:830} INFO - Processing file /opt/airflow/dags/minio_to_snowflake_dag.py for tasks to queue
[2026-05-09T20:14:48.911+0000] {logging_mixin.py:188} INFO - [2026-05-09T20:14:48.910+0000] {dagbag.py:545} INFO - Filling up the DagBag from /opt/airflow/dags/minio_to_snowflake_dag.py
[2026-05-09T20:14:49.927+0000] {processor.py:840} INFO - DAG(s) 'minio_to_snowflake_banking' retrieved from /opt/airflow/dags/minio_to_snowflake_dag.py
[2026-05-09T20:14:49.971+0000] {logging_mixin.py:188} INFO - [2026-05-09T20:14:49.970+0000] {dag.py:3089} INFO - Sync 1 DAGs
[2026-05-09T20:14:50.002+0000] {logging_mixin.py:188} INFO - [2026-05-09T20:14:50.001+0000] {dag.py:3947} INFO - Setting next_dagrun for minio_to_snowflake_banking to 2026-05-09 20:14:00+00:00, run_after=2026-05-09 20:15:00+00:00
[2026-05-09T20:14:50.034+0000] {processor.py:183} INFO - Processing /opt/airflow/dags/minio_to_snowflake_dag.py took 1.142 seconds
[2026-05-09T20:15:20.182+0000] {processor.py:161} INFO - Started process (PID=739) to work on /opt/airflow/dags/minio_to_snowflake_dag.py
[2026-05-09T20:15:20.184+0000] {processor.py:830} INFO - Processing file /opt/airflow/dags/minio_to_snowflake_dag.py for tasks to queue
[2026-05-09T20:15:20.189+0000] {logging_mixin.py:188} INFO - [2026-05-09T20:15:20.188+0000] {dagbag.py:545} INFO - Filling up the DagBag from /opt/airflow/dags/minio_to_snowflake_dag.py
[2026-05-09T20:15:21.232+0000] {processor.py:840} INFO - DAG(s) 'minio_to_snowflake_banking' retrieved from /opt/airflow/dags/minio_to_snowflake_dag.py
[2026-05-09T20:15:21.271+0000] {logging_mixin.py:188} INFO - [2026-05-09T20:15:21.271+0000] {dag.py:3089} INFO - Sync 1 DAGs
[2026-05-09T20:15:21.310+0000] {logging_mixin.py:188} INFO - [2026-05-09T20:15:21.310+0000] {dag.py:3947} INFO - Setting next_dagrun for minio_to_snowflake_banking to 2026-05-09 20:15:00+00:00, run_after=2026-05-09 20:16:00+00:00
[2026-05-09T20:15:21.346+0000] {processor.py:183} INFO - Processing /opt/airflow/dags/minio_to_snowflake_dag.py took 1.176 seconds
[2026-05-09T20:15:51.554+0000] {processor.py:161} INFO - Started process (PID=743) to work on /opt/airflow/dags/minio_to_snowflake_dag.py
[2026-05-09T20:15:51.557+0000] {processor.py:830} INFO - Processing file /opt/airflow/dags/minio_to_snowflake_dag.py for tasks to queue
[2026-05-09T20:15:51.560+0000] {logging_mixin.py:188} INFO - [2026-05-09T20:15:51.560+0000] {dagbag.py:545} INFO - Filling up the DagBag from /opt/airflow/dags/minio_to_snowflake_dag.py
[2026-05-09T20:15:52.517+0000] {processor.py:840} INFO - DAG(s) 'minio_to_snowflake_banking' retrieved from /opt/airflow/dags/minio_to_snowflake_dag.py
[2026-05-09T20:15:52.556+0000] {logging_mixin.py:188} INFO - [2026-05-09T20:15:52.555+0000] {dag.py:3089} INFO - Sync 1 DAGs
[2026-05-09T20:15:52.588+0000] {logging_mixin.py:188} INFO - [2026-05-09T20:15:52.587+0000] {dag.py:3947} INFO - Setting next_dagrun for minio_to_snowflake_banking to 2026-05-09 20:15:00+00:00, run_after=2026-05-09 20:16:00+00:00
[2026-05-09T20:15:52.615+0000] {processor.py:183} INFO - Processing /opt/airflow/dags/minio_to_snowflake_dag.py took 1.072 seconds
[2026-05-09T20:16:22.868+0000] {processor.py:161} INFO - Started process (PID=777) to work on /opt/airflow/dags/minio_to_snowflake_dag.py
[2026-05-09T20:16:22.871+0000] {processor.py:830} INFO - Processing file /opt/airflow/dags/minio_to_snowflake_dag.py for tasks to queue
[2026-05-09T20:16:22.875+0000] {logging_mixin.py:188} INFO - [2026-05-09T20:16:22.874+0000] {dagbag.py:545} INFO - Filling up the DagBag from /opt/airflow/dags/minio_to_snowflake_dag.py
[2026-05-09T20:16:23.799+0000] {processor.py:840} INFO - DAG(s) 'minio_to_snowflake_banking' retrieved from /opt/airflow/dags/minio_to_snowflake_dag.py
[2026-05-09T20:16:23.834+0000] {logging_mixin.py:188} INFO - [2026-05-09T20:16:23.834+0000] {dag.py:3089} INFO - Sync 1 DAGs
[2026-05-09T20:16:23.863+0000] {logging_mixin.py:188} INFO - [2026-05-09T20:16:23.863+0000] {dag.py:3947} INFO - Setting next_dagrun for minio_to_snowflake_banking to 2026-05-09 20:16:00+00:00, run_after=2026-05-09 20:17:00+00:00
[2026-05-09T20:16:23.890+0000] {processor.py:183} INFO - Processing /opt/airflow/dags/minio_to_snowflake_dag.py took 1.032 seconds
[2026-05-09T20:16:54.127+0000] {processor.py:161} INFO - Started process (PID=781) to work on /opt/airflow/dags/minio_to_snowflake_dag.py
[2026-05-09T20:16:54.129+0000] {processor.py:830} INFO - Processing file /opt/airflow/dags/minio_to_snowflake_dag.py for tasks to queue
[2026-05-09T20:16:54.133+0000] {logging_mixin.py:188} INFO - [2026-05-09T20:16:54.132+0000] {dagbag.py:545} INFO - Filling up the DagBag from /opt/airflow/dags/minio_to_snowflake_dag.py
[2026-05-09T20:16:55.101+0000] {processor.py:840} INFO - DAG(s) 'minio_to_snowflake_banking' retrieved from /opt/airflow/dags/minio_to_snowflake_dag.py
[2026-05-09T20:16:55.140+0000] {logging_mixin.py:188} INFO - [2026-05-09T20:16:55.139+0000] {dag.py:3089} INFO - Sync 1 DAGs
[2026-05-09T20:16:55.174+0000] {logging_mixin.py:188} INFO - [2026-05-09T20:16:55.174+0000] {dag.py:3947} INFO - Setting next_dagrun for minio_to_snowflake_banking to 2026-05-09 20:16:00+00:00, run_after=2026-05-09 20:17:00+00:00
[2026-05-09T20:16:55.209+0000] {processor.py:183} INFO - Processing /opt/airflow/dags/minio_to_snowflake_dag.py took 1.093 seconds
[2026-05-09T20:17:25.450+0000] {processor.py:161} INFO - Started process (PID=815) to work on /opt/airflow/dags/minio_to_snowflake_dag.py
[2026-05-09T20:17:25.452+0000] {processor.py:830} INFO - Processing file /opt/airflow/dags/minio_to_snowflake_dag.py for tasks to queue
[2026-05-09T20:17:25.456+0000] {logging_mixin.py:188} INFO - [2026-05-09T20:17:25.456+0000] {dagbag.py:545} INFO - Filling up the DagBag from /opt/airflow/dags/minio_to_snowflake_dag.py
[2026-05-09T20:17:26.542+0000] {processor.py:840} INFO - DAG(s) 'minio_to_snowflake_banking' retrieved from /opt/airflow/dags/minio_to_snowflake_dag.py
[2026-05-09T20:17:26.619+0000] {logging_mixin.py:188} INFO - [2026-05-09T20:17:26.618+0000] {dag.py:3089} INFO - Sync 1 DAGs
[2026-05-09T20:17:26.695+0000] {logging_mixin.py:188} INFO - [2026-05-09T20:17:26.694+0000] {dag.py:3947} INFO - Setting next_dagrun for minio_to_snowflake_banking to 2026-05-09 20:17:00+00:00, run_after=2026-05-09 20:18:00+00:00
[2026-05-09T20:17:26.747+0000] {processor.py:183} INFO - Processing /opt/airflow/dags/minio_to_snowflake_dag.py took 1.307 seconds
[2026-05-09T20:17:57.072+0000] {processor.py:161} INFO - Started process (PID=819) to work on /opt/airflow/dags/minio_to_snowflake_dag.py
[2026-05-09T20:17:57.074+0000] {processor.py:830} INFO - Processing file /opt/airflow/dags/minio_to_snowflake_dag.py for tasks to queue
[2026-05-09T20:17:57.077+0000] {logging_mixin.py:188} INFO - [2026-05-09T20:17:57.076+0000] {dagbag.py:545} INFO - Filling up the DagBag from /opt/airflow/dags/minio_to_snowflake_dag.py
[2026-05-09T20:17:58.055+0000] {processor.py:840} INFO - DAG(s) 'minio_to_snowflake_banking' retrieved from /opt/airflow/dags/minio_to_snowflake_dag.py
[2026-05-09T20:17:58.090+0000] {logging_mixin.py:188} INFO - [2026-05-09T20:17:58.089+0000] {dag.py:3089} INFO - Sync 1 DAGs
[2026-05-09T20:17:58.118+0000] {logging_mixin.py:188} INFO - [2026-05-09T20:17:58.118+0000] {dag.py:3947} INFO - Setting next_dagrun for minio_to_snowflake_banking to 2026-05-09 20:17:00+00:00, run_after=2026-05-09 20:18:00+00:00
[2026-05-09T20:17:58.147+0000] {processor.py:183} INFO - Processing /opt/airflow/dags/minio_to_snowflake_dag.py took 1.085 seconds
[2026-05-09T20:18:28.419+0000] {processor.py:161} INFO - Started process (PID=852) to work on /opt/airflow/dags/minio_to_snowflake_dag.py
[2026-05-09T20:18:28.422+0000] {processor.py:830} INFO - Processing file /opt/airflow/dags/minio_to_snowflake_dag.py for tasks to queue
[2026-05-09T20:18:28.428+0000] {logging_mixin.py:188} INFO - [2026-05-09T20:18:28.427+0000] {dagbag.py:545} INFO - Filling up the DagBag from /opt/airflow/dags/minio_to_snowflake_dag.py
[2026-05-09T20:18:29.756+0000] {processor.py:840} INFO - DAG(s) 'minio_to_snowflake_banking' retrieved from /opt/airflow/dags/minio_to_snowflake_dag.py
[2026-05-09T20:18:29.791+0000] {logging_mixin.py:188} INFO - [2026-05-09T20:18:29.790+0000] {dag.py:3089} INFO - Sync 1 DAGs
[2026-05-09T20:18:29.822+0000] {logging_mixin.py:188} INFO - [2026-05-09T20:18:29.822+0000] {dag.py:3947} INFO - Setting next_dagrun for minio_to_snowflake_banking to 2026-05-09 20:18:00+00:00, run_after=2026-05-09 20:19:00+00:00
[2026-05-09T20:18:29.852+0000] {processor.py:183} INFO - Processing /opt/airflow/dags/minio_to_snowflake_dag.py took 1.469 seconds
[2026-05-09T20:19:00.136+0000] {processor.py:161} INFO - Started process (PID=856) to work on /opt/airflow/dags/minio_to_snowflake_dag.py
[2026-05-09T20:19:00.138+0000] {processor.py:830} INFO - Processing file /opt/airflow/dags/minio_to_snowflake_dag.py for tasks to queue
[2026-05-09T20:19:00.142+0000] {logging_mixin.py:188} INFO - [2026-05-09T20:19:00.141+0000] {dagbag.py:545} INFO - Filling up the DagBag from /opt/airflow/dags/minio_to_snowflake_dag.py
[2026-05-09T20:19:01.373+0000] {processor.py:840} INFO - DAG(s) 'minio_to_snowflake_banking' retrieved from /opt/airflow/dags/minio_to_snowflake_dag.py
[2026-05-09T20:19:01.434+0000] {logging_mixin.py:188} INFO - [2026-05-09T20:19:01.433+0000] {dag.py:3089} INFO - Sync 1 DAGs
[2026-05-09T20:19:01.520+0000] {logging_mixin.py:188} INFO - [2026-05-09T20:19:01.519+0000] {dag.py:3947} INFO - Setting next_dagrun for minio_to_snowflake_banking to 2026-05-09 20:19:00+00:00, run_after=2026-05-09 20:20:00+00:00
[2026-05-09T20:19:01.576+0000] {processor.py:183} INFO - Processing /opt/airflow/dags/minio_to_snowflake_dag.py took 1.451 seconds
[2026-05-09T20:19:31.979+0000] {processor.py:161} INFO - Started process (PID=890) to work on /opt/airflow/dags/minio_to_snowflake_dag.py
[2026-05-09T20:19:31.984+0000] {processor.py:830} INFO - Processing file /opt/airflow/dags/minio_to_snowflake_dag.py for tasks to queue
[2026-05-09T20:19:32.013+0000] {logging_mixin.py:188} INFO - [2026-05-09T20:19:32.008+0000] {dagbag.py:545} INFO - Filling up the DagBag from /opt/airflow/dags/minio_to_snowflake_dag.py
[2026-05-09T20:19:33.201+0000] {processor.py:840} INFO - DAG(s) 'minio_to_snowflake_banking' retrieved from /opt/airflow/dags/minio_to_snowflake_dag.py
[2026-05-09T20:19:33.240+0000] {logging_mixin.py:188} INFO - [2026-05-09T20:19:33.240+0000] {dag.py:3089} INFO - Sync 1 DAGs
[2026-05-09T20:19:33.273+0000] {logging_mixin.py:188} INFO - [2026-05-09T20:19:33.273+0000] {dag.py:3947} INFO - Setting next_dagrun for minio_to_snowflake_banking to 2026-05-09 20:19:00+00:00, run_after=2026-05-09 20:20:00+00:00
[2026-05-09T20:19:33.304+0000] {processor.py:183} INFO - Processing /opt/airflow/dags/minio_to_snowflake_dag.py took 1.338 seconds
[2026-05-09T20:20:03.658+0000] {processor.py:161} INFO - Started process (PID=895) to work on /opt/airflow/dags/minio_to_snowflake_dag.py
[2026-05-09T20:20:03.661+0000] {processor.py:830} INFO - Processing file /opt/airflow/dags/minio_to_snowflake_dag.py for tasks to queue
[2026-05-09T20:20:03.667+0000] {logging_mixin.py:188} INFO - [2026-05-09T20:20:03.666+0000] {dagbag.py:545} INFO - Filling up the DagBag from /opt/airflow/dags/minio_to_snowflake_dag.py
[2026-05-09T20:20:05.718+0000] {processor.py:840} INFO - DAG(s) 'minio_to_snowflake_banking' retrieved from /opt/airflow/dags/minio_to_snowflake_dag.py
[2026-05-09T20:20:05.825+0000] {logging_mixin.py:188} INFO - [2026-05-09T20:20:05.824+0000] {dag.py:3089} INFO - Sync 1 DAGs
[2026-05-09T20:20:05.890+0000] {logging_mixin.py:188} INFO - [2026-05-09T20:20:05.890+0000] {dag.py:3947} INFO - Setting next_dagrun for minio_to_snowflake_banking to 2026-05-09 20:20:00+00:00, run_after=2026-05-09 20:21:00+00:00
[2026-05-09T20:20:05.944+0000] {processor.py:183} INFO - Processing /opt/airflow/dags/minio_to_snowflake_dag.py took 2.302 seconds
[2026-05-09T20:20:36.302+0000] {processor.py:161} INFO - Started process (PID=928) to work on /opt/airflow/dags/minio_to_snowflake_dag.py
[2026-05-09T20:20:36.305+0000] {processor.py:830} INFO - Processing file /opt/airflow/dags/minio_to_snowflake_dag.py for tasks to queue
[2026-05-09T20:20:36.313+0000] {logging_mixin.py:188} INFO - [2026-05-09T20:20:36.311+0000] {dagbag.py:545} INFO - Filling up the DagBag from /opt/airflow/dags/minio_to_snowflake_dag.py
[2026-05-09T20:20:37.868+0000] {processor.py:840} INFO - DAG(s) 'minio_to_snowflake_banking' retrieved from /opt/airflow/dags/minio_to_snowflake_dag.py
[2026-05-09T20:20:37.925+0000] {logging_mixin.py:188} INFO - [2026-05-09T20:20:37.924+0000] {dag.py:3089} INFO - Sync 1 DAGs
[2026-05-09T20:20:37.967+0000] {logging_mixin.py:188} INFO - [2026-05-09T20:20:37.967+0000] {dag.py:3947} INFO - Setting next_dagrun for minio_to_snowflake_banking to 2026-05-09 20:20:00+00:00, run_after=2026-05-09 20:21:00+00:00
[2026-05-09T20:20:38.012+0000] {processor.py:183} INFO - Processing /opt/airflow/dags/minio_to_snowflake_dag.py took 1.745 seconds
[2026-05-09T20:21:08.177+0000] {processor.py:161} INFO - Started process (PID=945) to work on /opt/airflow/dags/minio_to_snowflake_dag.py
[2026-05-09T20:21:08.179+0000] {processor.py:830} INFO - Processing file /opt/airflow/dags/minio_to_snowflake_dag.py for tasks to queue
[2026-05-09T20:21:08.183+0000] {logging_mixin.py:188} INFO - [2026-05-09T20:21:08.182+0000] {dagbag.py:545} INFO - Filling up the DagBag from /opt/airflow/dags/minio_to_snowflake_dag.py
[2026-05-09T20:21:09.474+0000] {processor.py:840} INFO - DAG(s) 'minio_to_snowflake_banking' retrieved from /opt/airflow/dags/minio_to_snowflake_dag.py
[2026-05-09T20:21:09.520+0000] {logging_mixin.py:188} INFO - [2026-05-09T20:21:09.519+0000] {dag.py:3089} INFO - Sync 1 DAGs
[2026-05-09T20:21:09.560+0000] {logging_mixin.py:188} INFO - [2026-05-09T20:21:09.560+0000] {dag.py:3947} INFO - Setting next_dagrun for minio_to_snowflake_banking to 2026-05-09 20:21:00+00:00, run_after=2026-05-09 20:22:00+00:00
[2026-05-09T20:21:09.599+0000] {processor.py:183} INFO - Processing /opt/airflow/dags/minio_to_snowflake_dag.py took 1.431 seconds
[2026-05-09T20:21:39.934+0000] {processor.py:161} INFO - Started process (PID=965) to work on /opt/airflow/dags/minio_to_snowflake_dag.py
[2026-05-09T20:21:39.940+0000] {processor.py:830} INFO - Processing file /opt/airflow/dags/minio_to_snowflake_dag.py for tasks to queue
[2026-05-09T20:21:39.946+0000] {logging_mixin.py:188} INFO - [2026-05-09T20:21:39.946+0000] {dagbag.py:545} INFO - Filling up the DagBag from /opt/airflow/dags/minio_to_snowflake_dag.py
[2026-05-09T20:21:41.219+0000] {processor.py:840} INFO - DAG(s) 'minio_to_snowflake_banking' retrieved from /opt/airflow/dags/minio_to_snowflake_dag.py
[2026-05-09T20:21:41.262+0000] {logging_mixin.py:188} INFO - [2026-05-09T20:21:41.261+0000] {dag.py:3089} INFO - Sync 1 DAGs
[2026-05-09T20:21:41.300+0000] {logging_mixin.py:188} INFO - [2026-05-09T20:21:41.300+0000] {dag.py:3947} INFO - Setting next_dagrun for minio_to_snowflake_banking to 2026-05-09 20:21:00+00:00, run_after=2026-05-09 20:22:00+00:00
[2026-05-09T20:21:41.330+0000] {processor.py:183} INFO - Processing /opt/airflow/dags/minio_to_snowflake_dag.py took 1.410 seconds
[2026-05-09T20:22:11.658+0000] {processor.py:161} INFO - Started process (PID=990) to work on /opt/airflow/dags/minio_to_snowflake_dag.py
[2026-05-09T20:22:11.661+0000] {processor.py:830} INFO - Processing file /opt/airflow/dags/minio_to_snowflake_dag.py for tasks to queue
[2026-05-09T20:22:11.667+0000] {logging_mixin.py:188} INFO - [2026-05-09T20:22:11.666+0000] {dagbag.py:545} INFO - Filling up the DagBag from /opt/airflow/dags/minio_to_snowflake_dag.py
[2026-05-09T20:22:13.214+0000] {processor.py:840} INFO - DAG(s) 'minio_to_snowflake_banking' retrieved from /opt/airflow/dags/minio_to_snowflake_dag.py
[2026-05-09T20:22:13.289+0000] {logging_mixin.py:188} INFO - [2026-05-09T20:22:13.286+0000] {dag.py:3089} INFO - Sync 1 DAGs
[2026-05-09T20:22:13.331+0000] {logging_mixin.py:188} INFO - [2026-05-09T20:22:13.330+0000] {dag.py:3947} INFO - Setting next_dagrun for minio_to_snowflake_banking to 2026-05-09 20:22:00+00:00, run_after=2026-05-09 20:23:00+00:00
[2026-05-09T20:22:13.368+0000] {processor.py:183} INFO - Processing /opt/airflow/dags/minio_to_snowflake_dag.py took 1.731 seconds
[2026-05-09T20:22:43.485+0000] {processor.py:161} INFO - Started process (PID=1003) to work on /opt/airflow/dags/minio_to_snowflake_dag.py
[2026-05-09T20:22:43.487+0000] {processor.py:830} INFO - Processing file /opt/airflow/dags/minio_to_snowflake_dag.py for tasks to queue
[2026-05-09T20:22:43.491+0000] {logging_mixin.py:188} INFO - [2026-05-09T20:22:43.490+0000] {dagbag.py:545} INFO - Filling up the DagBag from /opt/airflow/dags/minio_to_snowflake_dag.py
[2026-05-09T20:22:44.504+0000] {processor.py:840} INFO - DAG(s) 'minio_to_snowflake_banking' retrieved from /opt/airflow/dags/minio_to_snowflake_dag.py
[2026-05-09T20:22:44.543+0000] {logging_mixin.py:188} INFO - [2026-05-09T20:22:44.542+0000] {dag.py:3089} INFO - Sync 1 DAGs
[2026-05-09T20:22:44.575+0000] {logging_mixin.py:188} INFO - [2026-05-09T20:22:44.575+0000] {dag.py:3947} INFO - Setting next_dagrun for minio_to_snowflake_banking to 2026-05-09 20:22:00+00:00, run_after=2026-05-09 20:23:00+00:00
[2026-05-09T20:22:44.608+0000] {processor.py:183} INFO - Processing /opt/airflow/dags/minio_to_snowflake_dag.py took 1.135 seconds
[2026-05-09T20:23:14.952+0000] {processor.py:161} INFO - Started process (PID=1036) to work on /opt/airflow/dags/minio_to_snowflake_dag.py
[2026-05-09T20:23:14.954+0000] {processor.py:830} INFO - Processing file /opt/airflow/dags/minio_to_snowflake_dag.py for tasks to queue
[2026-05-09T20:23:14.958+0000] {logging_mixin.py:188} INFO - [2026-05-09T20:23:14.958+0000] {dagbag.py:545} INFO - Filling up the DagBag from /opt/airflow/dags/minio_to_snowflake_dag.py
[2026-05-09T20:23:15.891+0000] {processor.py:840} INFO - DAG(s) 'minio_to_snowflake_banking' retrieved from /opt/airflow/dags/minio_to_snowflake_dag.py
[2026-05-09T20:23:15.929+0000] {logging_mixin.py:188} INFO - [2026-05-09T20:23:15.928+0000] {dag.py:3089} INFO - Sync 1 DAGs
[2026-05-09T20:23:15.958+0000] {logging_mixin.py:188} INFO - [2026-05-09T20:23:15.958+0000] {dag.py:3947} INFO - Setting next_dagrun for minio_to_snowflake_banking to 2026-05-09 20:23:00+00:00, run_after=2026-05-09 20:24:00+00:00
[2026-05-09T20:23:15.991+0000] {processor.py:183} INFO - Processing /opt/airflow/dags/minio_to_snowflake_dag.py took 1.048 seconds
[2026-05-09T20:23:46.209+0000] {processor.py:161} INFO - Started process (PID=1040) to work on /opt/airflow/dags/minio_to_snowflake_dag.py
[2026-05-09T20:23:46.212+0000] {processor.py:830} INFO - Processing file /opt/airflow/dags/minio_to_snowflake_dag.py for tasks to queue
[2026-05-09T20:23:46.217+0000] {logging_mixin.py:188} INFO - [2026-05-09T20:23:46.216+0000] {dagbag.py:545} INFO - Filling up the DagBag from /opt/airflow/dags/minio_to_snowflake_dag.py
[2026-05-09T20:23:47.271+0000] {processor.py:840} INFO - DAG(s) 'minio_to_snowflake_banking' retrieved from /opt/airflow/dags/minio_to_snowflake_dag.py
[2026-05-09T20:23:47.305+0000] {logging_mixin.py:188} INFO - [2026-05-09T20:23:47.304+0000] {dag.py:3089} INFO - Sync 1 DAGs
[2026-05-09T20:23:47.337+0000] {logging_mixin.py:188} INFO - [2026-05-09T20:23:47.336+0000] {dag.py:3947} INFO - Setting next_dagrun for minio_to_snowflake_banking to 2026-05-09 20:23:00+00:00, run_after=2026-05-09 20:24:00+00:00
[2026-05-09T20:23:47.365+0000] {processor.py:183} INFO - Processing /opt/airflow/dags/minio_to_snowflake_dag.py took 1.167 seconds
[2026-05-09T20:24:17.496+0000] {processor.py:161} INFO - Started process (PID=1074) to work on /opt/airflow/dags/minio_to_snowflake_dag.py
[2026-05-09T20:24:17.498+0000] {processor.py:830} INFO - Processing file /opt/airflow/dags/minio_to_snowflake_dag.py for tasks to queue
[2026-05-09T20:24:17.503+0000] {logging_mixin.py:188} INFO - [2026-05-09T20:24:17.502+0000] {dagbag.py:545} INFO - Filling up the DagBag from /opt/airflow/dags/minio_to_snowflake_dag.py
[2026-05-09T20:24:18.444+0000] {processor.py:840} INFO - DAG(s) 'minio_to_snowflake_banking' retrieved from /opt/airflow/dags/minio_to_snowflake_dag.py
[2026-05-09T20:24:18.480+0000] {logging_mixin.py:188} INFO - [2026-05-09T20:24:18.479+0000] {dag.py:3089} INFO - Sync 1 DAGs
[2026-05-09T20:24:18.510+0000] {logging_mixin.py:188} INFO - [2026-05-09T20:24:18.509+0000] {dag.py:3947} INFO - Setting next_dagrun for minio_to_snowflake_banking to 2026-05-09 20:24:00+00:00, run_after=2026-05-09 20:25:00+00:00
[2026-05-09T20:24:18.543+0000] {processor.py:183} INFO - Processing /opt/airflow/dags/minio_to_snowflake_dag.py took 1.067 seconds
[2026-05-09T20:24:48.718+0000] {processor.py:161} INFO - Started process (PID=1078) to work on /opt/airflow/dags/minio_to_snowflake_dag.py
[2026-05-09T20:24:48.720+0000] {processor.py:830} INFO - Processing file /opt/airflow/dags/minio_to_snowflake_dag.py for tasks to queue
[2026-05-09T20:24:48.724+0000] {logging_mixin.py:188} INFO - [2026-05-09T20:24:48.724+0000] {dagbag.py:545} INFO - Filling up the DagBag from /opt/airflow/dags/minio_to_snowflake_dag.py
[2026-05-09T20:24:49.819+0000] {processor.py:840} INFO - DAG(s) 'minio_to_snowflake_banking' retrieved from /opt/airflow/dags/minio_to_snowflake_dag.py
[2026-05-09T20:24:49.854+0000] {logging_mixin.py:188} INFO - [2026-05-09T20:24:49.853+0000] {dag.py:3089} INFO - Sync 1 DAGs
[2026-05-09T20:24:49.884+0000] {logging_mixin.py:188} INFO - [2026-05-09T20:24:49.883+0000] {dag.py:3947} INFO - Setting next_dagrun for minio_to_snowflake_banking to 2026-05-09 20:24:00+00:00, run_after=2026-05-09 20:25:00+00:00
[2026-05-09T20:24:49.915+0000] {processor.py:183} INFO - Processing /opt/airflow/dags/minio_to_snowflake_dag.py took 1.207 seconds
[2026-05-09T20:25:20.044+0000] {processor.py:161} INFO - Started process (PID=1112) to work on /opt/airflow/dags/minio_to_snowflake_dag.py
[2026-05-09T20:25:20.046+0000] {processor.py:830} INFO - Processing file /opt/airflow/dags/minio_to_snowflake_dag.py for tasks to queue
[2026-05-09T20:25:20.050+0000] {logging_mixin.py:188} INFO - [2026-05-09T20:25:20.050+0000] {dagbag.py:545} INFO - Filling up the DagBag from /opt/airflow/dags/minio_to_snowflake_dag.py
[2026-05-09T20:25:21.024+0000] {processor.py:840} INFO - DAG(s) 'minio_to_snowflake_banking' retrieved from /opt/airflow/dags/minio_to_snowflake_dag.py
[2026-05-09T20:25:21.072+0000] {logging_mixin.py:188} INFO - [2026-05-09T20:25:21.070+0000] {dag.py:3089} INFO - Sync 1 DAGs
[2026-05-09T20:25:21.114+0000] {logging_mixin.py:188} INFO - [2026-05-09T20:25:21.114+0000] {dag.py:3947} INFO - Setting next_dagrun for minio_to_snowflake_banking to 2026-05-09 20:25:00+00:00, run_after=2026-05-09 20:26:00+00:00
[2026-05-09T20:25:21.153+0000] {processor.py:183} INFO - Processing /opt/airflow/dags/minio_to_snowflake_dag.py took 1.119 seconds
[2026-05-09T20:25:51.427+0000] {processor.py:161} INFO - Started process (PID=1116) to work on /opt/airflow/dags/minio_to_snowflake_dag.py
[2026-05-09T20:25:51.429+0000] {processor.py:830} INFO - Processing file /opt/airflow/dags/minio_to_snowflake_dag.py for tasks to queue
[2026-05-09T20:25:51.433+0000] {logging_mixin.py:188} INFO - [2026-05-09T20:25:51.432+0000] {dagbag.py:545} INFO - Filling up the DagBag from /opt/airflow/dags/minio_to_snowflake_dag.py
[2026-05-09T20:25:52.490+0000] {processor.py:840} INFO - DAG(s) 'minio_to_snowflake_banking' retrieved from /opt/airflow/dags/minio_to_snowflake_dag.py
[2026-05-09T20:25:52.523+0000] {logging_mixin.py:188} INFO - [2026-05-09T20:25:52.523+0000] {dag.py:3089} INFO - Sync 1 DAGs
[2026-05-09T20:25:52.554+0000] {logging_mixin.py:188} INFO - [2026-05-09T20:25:52.553+0000] {dag.py:3947} INFO - Setting next_dagrun for minio_to_snowflake_banking to 2026-05-09 20:25:00+00:00, run_after=2026-05-09 20:26:00+00:00
[2026-05-09T20:25:52.581+0000] {processor.py:183} INFO - Processing /opt/airflow/dags/minio_to_snowflake_dag.py took 1.167 seconds
[2026-05-09T20:27:37.212+0000] {processor.py:161} INFO - Started process (PID=25) to work on /opt/airflow/dags/minio_to_snowflake_dag.py
[2026-05-09T20:27:37.228+0000] {processor.py:830} INFO - Processing file /opt/airflow/dags/minio_to_snowflake_dag.py for tasks to queue
[2026-05-09T20:27:37.255+0000] {logging_mixin.py:188} INFO - [2026-05-09T20:27:37.253+0000] {dagbag.py:545} INFO - Filling up the DagBag from /opt/airflow/dags/minio_to_snowflake_dag.py
[2026-05-09T20:27:51.866+0000] {processor.py:840} INFO - DAG(s) 'minio_to_snowflake_banking' retrieved from /opt/airflow/dags/minio_to_snowflake_dag.py
[2026-05-09T20:27:52.040+0000] {logging_mixin.py:188} INFO - [2026-05-09T20:27:52.039+0000] {dag.py:3089} INFO - Sync 1 DAGs
[2026-05-09T20:27:52.113+0000] {logging_mixin.py:188} INFO - [2026-05-09T20:27:52.112+0000] {dag.py:3947} INFO - Setting next_dagrun for minio_to_snowflake_banking to 2026-05-09 20:27:00+00:00, run_after=2026-05-09 20:28:00+00:00
[2026-05-09T20:27:52.161+0000] {processor.py:183} INFO - Processing /opt/airflow/dags/minio_to_snowflake_dag.py took 15.038 seconds
[2026-05-09T20:28:22.596+0000] {processor.py:161} INFO - Started process (PID=65) to work on /opt/airflow/dags/minio_to_snowflake_dag.py
[2026-05-09T20:28:22.600+0000] {processor.py:830} INFO - Processing file /opt/airflow/dags/minio_to_snowflake_dag.py for tasks to queue
[2026-05-09T20:28:22.608+0000] {logging_mixin.py:188} INFO - [2026-05-09T20:28:22.604+0000] {dagbag.py:545} INFO - Filling up the DagBag from /opt/airflow/dags/minio_to_snowflake_dag.py
[2026-05-09T20:28:25.625+0000] {processor.py:840} INFO - DAG(s) 'minio_to_snowflake_banking' retrieved from /opt/airflow/dags/minio_to_snowflake_dag.py
[2026-05-09T20:28:25.685+0000] {logging_mixin.py:188} INFO - [2026-05-09T20:28:25.685+0000] {dag.py:3089} INFO - Sync 1 DAGs
[2026-05-09T20:28:25.720+0000] {logging_mixin.py:188} INFO - [2026-05-09T20:28:25.720+0000] {dag.py:3947} INFO - Setting next_dagrun for minio_to_snowflake_banking to 2026-05-09 20:28:00+00:00, run_after=2026-05-09 20:29:00+00:00
[2026-05-09T20:28:25.759+0000] {processor.py:183} INFO - Processing /opt/airflow/dags/minio_to_snowflake_dag.py took 3.178 seconds
[2026-05-09T20:28:55.876+0000] {processor.py:161} INFO - Started process (PID=123) to work on /opt/airflow/dags/minio_to_snowflake_dag.py
[2026-05-09T20:28:55.880+0000] {processor.py:830} INFO - Processing file /opt/airflow/dags/minio_to_snowflake_dag.py for tasks to queue
[2026-05-09T20:28:55.884+0000] {logging_mixin.py:188} INFO - [2026-05-09T20:28:55.883+0000] {dagbag.py:545} INFO - Filling up the DagBag from /opt/airflow/dags/minio_to_snowflake_dag.py
[2026-05-09T20:28:58.609+0000] {processor.py:840} INFO - DAG(s) 'minio_to_snowflake_banking' retrieved from /opt/airflow/dags/minio_to_snowflake_dag.py
[2026-05-09T20:28:58.662+0000] {logging_mixin.py:188} INFO - [2026-05-09T20:28:58.661+0000] {dag.py:3089} INFO - Sync 1 DAGs
[2026-05-09T20:28:58.716+0000] {logging_mixin.py:188} INFO - [2026-05-09T20:28:58.715+0000] {dag.py:3947} INFO - Setting next_dagrun for minio_to_snowflake_banking to 2026-05-09 20:28:00+00:00, run_after=2026-05-09 20:29:00+00:00
[2026-05-09T20:28:58.767+0000] {processor.py:183} INFO - Processing /opt/airflow/dags/minio_to_snowflake_dag.py took 2.906 seconds
[2026-05-09T20:29:29.287+0000] {processor.py:161} INFO - Started process (PID=157) to work on /opt/airflow/dags/minio_to_snowflake_dag.py
[2026-05-09T20:29:29.290+0000] {processor.py:830} INFO - Processing file /opt/airflow/dags/minio_to_snowflake_dag.py for tasks to queue
[2026-05-09T20:29:29.295+0000] {logging_mixin.py:188} INFO - [2026-05-09T20:29:29.294+0000] {dagbag.py:545} INFO - Filling up the DagBag from /opt/airflow/dags/minio_to_snowflake_dag.py
[2026-05-09T20:29:30.501+0000] {processor.py:840} INFO - DAG(s) 'minio_to_snowflake_banking' retrieved from /opt/airflow/dags/minio_to_snowflake_dag.py
[2026-05-09T20:29:30.540+0000] {logging_mixin.py:188} INFO - [2026-05-09T20:29:30.539+0000] {dag.py:3089} INFO - Sync 1 DAGs
[2026-05-09T20:29:30.571+0000] {logging_mixin.py:188} INFO - [2026-05-09T20:29:30.571+0000] {dag.py:3947} INFO - Setting next_dagrun for minio_to_snowflake_banking to 2026-05-09 20:29:00+00:00, run_after=2026-05-09 20:30:00+00:00
[2026-05-09T20:29:30.601+0000] {processor.py:183} INFO - Processing /opt/airflow/dags/minio_to_snowflake_dag.py took 1.323 seconds
[2026-05-09T20:30:00.900+0000] {processor.py:161} INFO - Started process (PID=162) to work on /opt/airflow/dags/minio_to_snowflake_dag.py
[2026-05-09T20:30:00.903+0000] {processor.py:830} INFO - Processing file /opt/airflow/dags/minio_to_snowflake_dag.py for tasks to queue
[2026-05-09T20:30:00.906+0000] {logging_mixin.py:188} INFO - [2026-05-09T20:30:00.906+0000] {dagbag.py:545} INFO - Filling up the DagBag from /opt/airflow/dags/minio_to_snowflake_dag.py
[2026-05-09T20:30:02.048+0000] {processor.py:840} INFO - DAG(s) 'minio_to_snowflake_banking' retrieved from /opt/airflow/dags/minio_to_snowflake_dag.py
[2026-05-09T20:30:02.090+0000] {logging_mixin.py:188} INFO - [2026-05-09T20:30:02.089+0000] {dag.py:3089} INFO - Sync 1 DAGs
[2026-05-09T20:30:02.119+0000] {logging_mixin.py:188} INFO - [2026-05-09T20:30:02.119+0000] {dag.py:3947} INFO - Setting next_dagrun for minio_to_snowflake_banking to 2026-05-09 20:30:00+00:00, run_after=2026-05-09 20:31:00+00:00
[2026-05-09T20:30:02.149+0000] {processor.py:183} INFO - Processing /opt/airflow/dags/minio_to_snowflake_dag.py took 1.259 seconds
[2026-05-09T20:30:32.461+0000] {processor.py:161} INFO - Started process (PID=195) to work on /opt/airflow/dags/minio_to_snowflake_dag.py
[2026-05-09T20:30:32.463+0000] {processor.py:830} INFO - Processing file /opt/airflow/dags/minio_to_snowflake_dag.py for tasks to queue
[2026-05-09T20:30:32.469+0000] {logging_mixin.py:188} INFO - [2026-05-09T20:30:32.467+0000] {dagbag.py:545} INFO - Filling up the DagBag from /opt/airflow/dags/minio_to_snowflake_dag.py
[2026-05-09T20:30:34.298+0000] {processor.py:840} INFO - DAG(s) 'minio_to_snowflake_banking' retrieved from /opt/airflow/dags/minio_to_snowflake_dag.py
[2026-05-09T20:30:34.351+0000] {logging_mixin.py:188} INFO - [2026-05-09T20:30:34.349+0000] {dag.py:3089} INFO - Sync 1 DAGs
[2026-05-09T20:30:34.394+0000] {logging_mixin.py:188} INFO - [2026-05-09T20:30:34.393+0000] {dag.py:3947} INFO - Setting next_dagrun for minio_to_snowflake_banking to 2026-05-09 20:30:00+00:00, run_after=2026-05-09 20:31:00+00:00
[2026-05-09T20:30:34.440+0000] {processor.py:183} INFO - Processing /opt/airflow/dags/minio_to_snowflake_dag.py took 1.992 seconds
[2026-05-09T20:31:04.745+0000] {processor.py:161} INFO - Started process (PID=210) to work on /opt/airflow/dags/minio_to_snowflake_dag.py
[2026-05-09T20:31:04.747+0000] {processor.py:830} INFO - Processing file /opt/airflow/dags/minio_to_snowflake_dag.py for tasks to queue
[2026-05-09T20:31:04.751+0000] {logging_mixin.py:188} INFO - [2026-05-09T20:31:04.750+0000] {dagbag.py:545} INFO - Filling up the DagBag from /opt/airflow/dags/minio_to_snowflake_dag.py
[2026-05-09T20:31:07.884+0000] {processor.py:840} INFO - DAG(s) 'minio_to_snowflake_banking' retrieved from /opt/airflow/dags/minio_to_snowflake_dag.py
[2026-05-09T20:31:07.928+0000] {logging_mixin.py:188} INFO - [2026-05-09T20:31:07.928+0000] {dag.py:3089} INFO - Sync 1 DAGs
[2026-05-09T20:31:07.966+0000] {logging_mixin.py:188} INFO - [2026-05-09T20:31:07.965+0000] {dag.py:3947} INFO - Setting next_dagrun for minio_to_snowflake_banking to 2026-05-09 20:31:00+00:00, run_after=2026-05-09 20:32:00+00:00
[2026-05-09T20:31:08.111+0000] {processor.py:183} INFO - Processing /opt/airflow/dags/minio_to_snowflake_dag.py took 3.376 seconds
[2026-05-09T20:31:38.538+0000] {processor.py:161} INFO - Started process (PID=232) to work on /opt/airflow/dags/minio_to_snowflake_dag.py
[2026-05-09T20:31:38.545+0000] {processor.py:830} INFO - Processing file /opt/airflow/dags/minio_to_snowflake_dag.py for tasks to queue
[2026-05-09T20:31:38.562+0000] {logging_mixin.py:188} INFO - [2026-05-09T20:31:38.557+0000] {dagbag.py:545} INFO - Filling up the DagBag from /opt/airflow/dags/minio_to_snowflake_dag.py
[2026-05-09T20:31:41.496+0000] {processor.py:840} INFO - DAG(s) 'minio_to_snowflake_banking' retrieved from /opt/airflow/dags/minio_to_snowflake_dag.py
[2026-05-09T20:31:41.549+0000] {logging_mixin.py:188} INFO - [2026-05-09T20:31:41.548+0000] {dag.py:3089} INFO - Sync 1 DAGs
[2026-05-09T20:31:41.597+0000] {logging_mixin.py:188} INFO - [2026-05-09T20:31:41.596+0000] {dag.py:3947} INFO - Setting next_dagrun for minio_to_snowflake_banking to 2026-05-09 20:31:00+00:00, run_after=2026-05-09 20:32:00+00:00
[2026-05-09T20:31:41.636+0000] {processor.py:183} INFO - Processing /opt/airflow/dags/minio_to_snowflake_dag.py took 3.141 seconds
[2026-05-09T20:32:11.872+0000] {processor.py:161} INFO - Started process (PID=249) to work on /opt/airflow/dags/minio_to_snowflake_dag.py
[2026-05-09T20:32:11.874+0000] {processor.py:830} INFO - Processing file /opt/airflow/dags/minio_to_snowflake_dag.py for tasks to queue
[2026-05-09T20:32:11.880+0000] {logging_mixin.py:188} INFO - [2026-05-09T20:32:11.878+0000] {dagbag.py:545} INFO - Filling up the DagBag from /opt/airflow/dags/minio_to_snowflake_dag.py
[2026-05-09T20:32:13.201+0000] {processor.py:840} INFO - DAG(s) 'minio_to_snowflake_banking' retrieved from /opt/airflow/dags/minio_to_snowflake_dag.py
[2026-05-09T20:32:13.250+0000] {logging_mixin.py:188} INFO - [2026-05-09T20:32:13.249+0000] {dag.py:3089} INFO - Sync 1 DAGs
[2026-05-09T20:32:13.309+0000] {logging_mixin.py:188} INFO - [2026-05-09T20:32:13.306+0000] {dag.py:3947} INFO - Setting next_dagrun for minio_to_snowflake_banking to 2026-05-09 20:32:00+00:00, run_after=2026-05-09 20:33:00+00:00
[2026-05-09T20:32:13.357+0000] {processor.py:183} INFO - Processing /opt/airflow/dags/minio_to_snowflake_dag.py took 1.496 seconds
[2026-05-09T20:32:44.545+0000] {processor.py:161} INFO - Started process (PID=270) to work on /opt/airflow/dags/minio_to_snowflake_dag.py
[2026-05-09T20:32:44.553+0000] {processor.py:830} INFO - Processing file /opt/airflow/dags/minio_to_snowflake_dag.py for tasks to queue
[2026-05-09T20:32:44.596+0000] {logging_mixin.py:188} INFO - [2026-05-09T20:32:44.589+0000] {dagbag.py:545} INFO - Filling up the DagBag from /opt/airflow/dags/minio_to_snowflake_dag.py
[2026-05-09T20:32:50.267+0000] {processor.py:840} INFO - DAG(s) 'minio_to_snowflake_banking' retrieved from /opt/airflow/dags/minio_to_snowflake_dag.py
[2026-05-09T20:32:50.387+0000] {logging_mixin.py:188} INFO - [2026-05-09T20:32:50.387+0000] {dag.py:3089} INFO - Sync 1 DAGs
[2026-05-09T20:32:50.443+0000] {logging_mixin.py:188} INFO - [2026-05-09T20:32:50.443+0000] {dag.py:3947} INFO - Setting next_dagrun for minio_to_snowflake_banking to 2026-05-09 20:32:00+00:00, run_after=2026-05-09 20:33:00+00:00
[2026-05-09T20:32:50.489+0000] {processor.py:183} INFO - Processing /opt/airflow/dags/minio_to_snowflake_dag.py took 6.052 seconds
[2026-05-09T20:33:20.820+0000] {processor.py:161} INFO - Started process (PID=304) to work on /opt/airflow/dags/minio_to_snowflake_dag.py
[2026-05-09T20:33:20.829+0000] {processor.py:830} INFO - Processing file /opt/airflow/dags/minio_to_snowflake_dag.py for tasks to queue
[2026-05-09T20:33:20.848+0000] {logging_mixin.py:188} INFO - [2026-05-09T20:33:20.845+0000] {dagbag.py:545} INFO - Filling up the DagBag from /opt/airflow/dags/minio_to_snowflake_dag.py
[2026-05-09T20:33:23.202+0000] {processor.py:840} INFO - DAG(s) 'minio_to_snowflake_banking' retrieved from /opt/airflow/dags/minio_to_snowflake_dag.py
[2026-05-09T20:33:23.269+0000] {logging_mixin.py:188} INFO - [2026-05-09T20:33:23.268+0000] {dag.py:3089} INFO - Sync 1 DAGs
[2026-05-09T20:33:23.310+0000] {logging_mixin.py:188} INFO - [2026-05-09T20:33:23.310+0000] {dag.py:3947} INFO - Setting next_dagrun for minio_to_snowflake_banking to 2026-05-09 20:33:00+00:00, run_after=2026-05-09 20:34:00+00:00
[2026-05-09T20:33:23.348+0000] {processor.py:183} INFO - Processing /opt/airflow/dags/minio_to_snowflake_dag.py took 2.582 seconds
[2026-05-09T20:33:53.713+0000] {processor.py:161} INFO - Started process (PID=308) to work on /opt/airflow/dags/minio_to_snowflake_dag.py
[2026-05-09T20:33:53.715+0000] {processor.py:830} INFO - Processing file /opt/airflow/dags/minio_to_snowflake_dag.py for tasks to queue
[2026-05-09T20:33:53.724+0000] {logging_mixin.py:188} INFO - [2026-05-09T20:33:53.722+0000] {dagbag.py:545} INFO - Filling up the DagBag from /opt/airflow/dags/minio_to_snowflake_dag.py
[2026-05-09T20:33:55.291+0000] {processor.py:840} INFO - DAG(s) 'minio_to_snowflake_banking' retrieved from /opt/airflow/dags/minio_to_snowflake_dag.py
[2026-05-09T20:33:55.337+0000] {logging_mixin.py:188} INFO - [2026-05-09T20:33:55.337+0000] {dag.py:3089} INFO - Sync 1 DAGs
[2026-05-09T20:33:55.375+0000] {logging_mixin.py:188} INFO - [2026-05-09T20:33:55.374+0000] {dag.py:3947} INFO - Setting next_dagrun for minio_to_snowflake_banking to 2026-05-09 20:33:00+00:00, run_after=2026-05-09 20:34:00+00:00
[2026-05-09T20:33:55.418+0000] {processor.py:183} INFO - Processing /opt/airflow/dags/minio_to_snowflake_dag.py took 1.724 seconds
[2026-05-09T20:34:25.846+0000] {processor.py:161} INFO - Started process (PID=341) to work on /opt/airflow/dags/minio_to_snowflake_dag.py
[2026-05-09T20:34:25.849+0000] {processor.py:830} INFO - Processing file /opt/airflow/dags/minio_to_snowflake_dag.py for tasks to queue
[2026-05-09T20:34:25.853+0000] {logging_mixin.py:188} INFO - [2026-05-09T20:34:25.852+0000] {dagbag.py:545} INFO - Filling up the DagBag from /opt/airflow/dags/minio_to_snowflake_dag.py
[2026-05-09T20:34:27.481+0000] {processor.py:840} INFO - DAG(s) 'minio_to_snowflake_banking' retrieved from /opt/airflow/dags/minio_to_snowflake_dag.py
[2026-05-09T20:34:27.531+0000] {logging_mixin.py:188} INFO - [2026-05-09T20:34:27.530+0000] {dag.py:3089} INFO - Sync 1 DAGs
[2026-05-09T20:34:27.580+0000] {logging_mixin.py:188} INFO - [2026-05-09T20:34:27.579+0000] {dag.py:3947} INFO - Setting next_dagrun for minio_to_snowflake_banking to 2026-05-09 20:34:00+00:00, run_after=2026-05-09 20:35:00+00:00
[2026-05-09T20:34:27.618+0000] {processor.py:183} INFO - Processing /opt/airflow/dags/minio_to_snowflake_dag.py took 1.785 seconds
[2026-05-09T20:34:57.948+0000] {processor.py:161} INFO - Started process (PID=345) to work on /opt/airflow/dags/minio_to_snowflake_dag.py
[2026-05-09T20:34:57.950+0000] {processor.py:830} INFO - Processing file /opt/airflow/dags/minio_to_snowflake_dag.py for tasks to queue
[2026-05-09T20:34:57.954+0000] {logging_mixin.py:188} INFO - [2026-05-09T20:34:57.954+0000] {dagbag.py:545} INFO - Filling up the DagBag from /opt/airflow/dags/minio_to_snowflake_dag.py
[2026-05-09T20:34:59.230+0000] {processor.py:840} INFO - DAG(s) 'minio_to_snowflake_banking' retrieved from /opt/airflow/dags/minio_to_snowflake_dag.py
[2026-05-09T20:34:59.271+0000] {logging_mixin.py:188} INFO - [2026-05-09T20:34:59.270+0000] {dag.py:3089} INFO - Sync 1 DAGs
[2026-05-09T20:34:59.306+0000] {logging_mixin.py:188} INFO - [2026-05-09T20:34:59.305+0000] {dag.py:3947} INFO - Setting next_dagrun for minio_to_snowflake_banking to 2026-05-09 20:34:00+00:00, run_after=2026-05-09 20:35:00+00:00
[2026-05-09T20:34:59.340+0000] {processor.py:183} INFO - Processing /opt/airflow/dags/minio_to_snowflake_dag.py took 1.405 seconds
[2026-05-09T20:35:29.645+0000] {processor.py:161} INFO - Started process (PID=379) to work on /opt/airflow/dags/minio_to_snowflake_dag.py
[2026-05-09T20:35:29.647+0000] {processor.py:830} INFO - Processing file /opt/airflow/dags/minio_to_snowflake_dag.py for tasks to queue
[2026-05-09T20:35:29.652+0000] {logging_mixin.py:188} INFO - [2026-05-09T20:35:29.651+0000] {dagbag.py:545} INFO - Filling up the DagBag from /opt/airflow/dags/minio_to_snowflake_dag.py
[2026-05-09T20:35:30.856+0000] {processor.py:840} INFO - DAG(s) 'minio_to_snowflake_banking' retrieved from /opt/airflow/dags/minio_to_snowflake_dag.py
[2026-05-09T20:35:30.897+0000] {logging_mixin.py:188} INFO - [2026-05-09T20:35:30.897+0000] {dag.py:3089} INFO - Sync 1 DAGs
[2026-05-09T20:35:30.933+0000] {logging_mixin.py:188} INFO - [2026-05-09T20:35:30.932+0000] {dag.py:3947} INFO - Setting next_dagrun for minio_to_snowflake_banking to 2026-05-09 20:35:00+00:00, run_after=2026-05-09 20:36:00+00:00
[2026-05-09T20:35:30.966+0000] {processor.py:183} INFO - Processing /opt/airflow/dags/minio_to_snowflake_dag.py took 1.336 seconds
[2026-05-09T20:36:01.298+0000] {processor.py:161} INFO - Started process (PID=384) to work on /opt/airflow/dags/minio_to_snowflake_dag.py
[2026-05-09T20:36:01.300+0000] {processor.py:830} INFO - Processing file /opt/airflow/dags/minio_to_snowflake_dag.py for tasks to queue
[2026-05-09T20:36:01.305+0000] {logging_mixin.py:188} INFO - [2026-05-09T20:36:01.304+0000] {dagbag.py:545} INFO - Filling up the DagBag from /opt/airflow/dags/minio_to_snowflake_dag.py
[2026-05-09T20:36:02.877+0000] {processor.py:840} INFO - DAG(s) 'minio_to_snowflake_banking' retrieved from /opt/airflow/dags/minio_to_snowflake_dag.py
[2026-05-09T20:36:02.934+0000] {logging_mixin.py:188} INFO - [2026-05-09T20:36:02.933+0000] {dag.py:3089} INFO - Sync 1 DAGs
[2026-05-09T20:36:03.012+0000] {logging_mixin.py:188} INFO - [2026-05-09T20:36:03.011+0000] {dag.py:3947} INFO - Setting next_dagrun for minio_to_snowflake_banking to 2026-05-09 20:36:00+00:00, run_after=2026-05-09 20:37:00+00:00
[2026-05-09T20:36:03.064+0000] {processor.py:183} INFO - Processing /opt/airflow/dags/minio_to_snowflake_dag.py took 1.782 seconds
[2026-05-09T20:36:33.365+0000] {processor.py:161} INFO - Started process (PID=417) to work on /opt/airflow/dags/minio_to_snowflake_dag.py
[2026-05-09T20:36:33.367+0000] {processor.py:830} INFO - Processing file /opt/airflow/dags/minio_to_snowflake_dag.py for tasks to queue
[2026-05-09T20:36:33.370+0000] {logging_mixin.py:188} INFO - [2026-05-09T20:36:33.369+0000] {dagbag.py:545} INFO - Filling up the DagBag from /opt/airflow/dags/minio_to_snowflake_dag.py
[2026-05-09T20:36:34.428+0000] {processor.py:840} INFO - DAG(s) 'minio_to_snowflake_banking' retrieved from /opt/airflow/dags/minio_to_snowflake_dag.py
[2026-05-09T20:36:34.489+0000] {logging_mixin.py:188} INFO - [2026-05-09T20:36:34.488+0000] {dag.py:3089} INFO - Sync 1 DAGs
[2026-05-09T20:36:34.537+0000] {logging_mixin.py:188} INFO - [2026-05-09T20:36:34.537+0000] {dag.py:3947} INFO - Setting next_dagrun for minio_to_snowflake_banking to 2026-05-09 20:36:00+00:00, run_after=2026-05-09 20:37:00+00:00
[2026-05-09T20:36:34.569+0000] {processor.py:183} INFO - Processing /opt/airflow/dags/minio_to_snowflake_dag.py took 1.212 seconds
[2026-05-09T20:37:04.878+0000] {processor.py:161} INFO - Started process (PID=431) to work on /opt/airflow/dags/minio_to_snowflake_dag.py
[2026-05-09T20:37:04.881+0000] {processor.py:830} INFO - Processing file /opt/airflow/dags/minio_to_snowflake_dag.py for tasks to queue
[2026-05-09T20:37:04.887+0000] {logging_mixin.py:188} INFO - [2026-05-09T20:37:04.886+0000] {dagbag.py:545} INFO - Filling up the DagBag from /opt/airflow/dags/minio_to_snowflake_dag.py
[2026-05-09T20:37:08.321+0000] {processor.py:840} INFO - DAG(s) 'minio_to_snowflake_banking' retrieved from /opt/airflow/dags/minio_to_snowflake_dag.py
[2026-05-09T20:37:08.575+0000] {logging_mixin.py:188} INFO - [2026-05-09T20:37:08.573+0000] {dag.py:3089} INFO - Sync 1 DAGs
[2026-05-09T20:37:08.755+0000] {logging_mixin.py:188} INFO - [2026-05-09T20:37:08.755+0000] {dag.py:3947} INFO - Setting next_dagrun for minio_to_snowflake_banking to 2026-05-09 20:37:00+00:00, run_after=2026-05-09 20:38:00+00:00
[2026-05-09T20:37:08.814+0000] {processor.py:183} INFO - Processing /opt/airflow/dags/minio_to_snowflake_dag.py took 3.947 seconds
[2026-05-09T20:37:39.202+0000] {processor.py:161} INFO - Started process (PID=454) to work on /opt/airflow/dags/minio_to_snowflake_dag.py
[2026-05-09T20:37:39.210+0000] {processor.py:830} INFO - Processing file /opt/airflow/dags/minio_to_snowflake_dag.py for tasks to queue
[2026-05-09T20:37:39.275+0000] {logging_mixin.py:188} INFO - [2026-05-09T20:37:39.271+0000] {dagbag.py:545} INFO - Filling up the DagBag from /opt/airflow/dags/minio_to_snowflake_dag.py
[2026-05-09T20:37:41.003+0000] {processor.py:840} INFO - DAG(s) 'minio_to_snowflake_banking' retrieved from /opt/airflow/dags/minio_to_snowflake_dag.py
[2026-05-09T20:37:41.040+0000] {logging_mixin.py:188} INFO - [2026-05-09T20:37:41.039+0000] {dag.py:3089} INFO - Sync 1 DAGs
[2026-05-09T20:37:41.071+0000] {logging_mixin.py:188} INFO - [2026-05-09T20:37:41.070+0000] {dag.py:3947} INFO - Setting next_dagrun for minio_to_snowflake_banking to 2026-05-09 20:37:00+00:00, run_after=2026-05-09 20:38:00+00:00
[2026-05-09T20:37:41.101+0000] {processor.py:183} INFO - Processing /opt/airflow/dags/minio_to_snowflake_dag.py took 1.965 seconds
[2026-05-09T20:38:11.397+0000] {processor.py:161} INFO - Started process (PID=500) to work on /opt/airflow/dags/minio_to_snowflake_dag.py
[2026-05-09T20:38:11.399+0000] {processor.py:830} INFO - Processing file /opt/airflow/dags/minio_to_snowflake_dag.py for tasks to queue
[2026-05-09T20:38:11.404+0000] {logging_mixin.py:188} INFO - [2026-05-09T20:38:11.403+0000] {dagbag.py:545} INFO - Filling up the DagBag from /opt/airflow/dags/minio_to_snowflake_dag.py
[2026-05-09T20:38:13.011+0000] {processor.py:840} INFO - DAG(s) 'minio_to_snowflake_banking' retrieved from /opt/airflow/dags/minio_to_snowflake_dag.py
[2026-05-09T20:38:13.104+0000] {logging_mixin.py:188} INFO - [2026-05-09T20:38:13.102+0000] {dag.py:3089} INFO - Sync 1 DAGs
[2026-05-09T20:38:13.158+0000] {logging_mixin.py:188} INFO - [2026-05-09T20:38:13.158+0000] {dag.py:3947} INFO - Setting next_dagrun for minio_to_snowflake_banking to 2026-05-09 20:38:00+00:00, run_after=2026-05-09 20:39:00+00:00
[2026-05-09T20:38:13.273+0000] {processor.py:183} INFO - Processing /opt/airflow/dags/minio_to_snowflake_dag.py took 1.895 seconds
[2026-05-09T20:38:43.717+0000] {processor.py:161} INFO - Started process (PID=532) to work on /opt/airflow/dags/minio_to_snowflake_dag.py
[2026-05-09T20:38:43.720+0000] {processor.py:830} INFO - Processing file /opt/airflow/dags/minio_to_snowflake_dag.py for tasks to queue
[2026-05-09T20:38:43.728+0000] {logging_mixin.py:188} INFO - [2026-05-09T20:38:43.726+0000] {dagbag.py:545} INFO - Filling up the DagBag from /opt/airflow/dags/minio_to_snowflake_dag.py
[2026-05-09T20:38:45.062+0000] {processor.py:840} INFO - DAG(s) 'minio_to_snowflake_banking' retrieved from /opt/airflow/dags/minio_to_snowflake_dag.py
[2026-05-09T20:38:45.098+0000] {logging_mixin.py:188} INFO - [2026-05-09T20:38:45.097+0000] {dag.py:3089} INFO - Sync 1 DAGs
[2026-05-09T20:38:45.129+0000] {logging_mixin.py:188} INFO - [2026-05-09T20:38:45.129+0000] {dag.py:3947} INFO - Setting next_dagrun for minio_to_snowflake_banking to 2026-05-09 20:38:00+00:00, run_after=2026-05-09 20:39:00+00:00
[2026-05-09T20:38:45.160+0000] {processor.py:183} INFO - Processing /opt/airflow/dags/minio_to_snowflake_dag.py took 1.498 seconds
[2026-05-09T20:39:15.499+0000] {processor.py:161} INFO - Started process (PID=578) to work on /opt/airflow/dags/minio_to_snowflake_dag.py
[2026-05-09T20:39:15.502+0000] {processor.py:830} INFO - Processing file /opt/airflow/dags/minio_to_snowflake_dag.py for tasks to queue
[2026-05-09T20:39:15.507+0000] {logging_mixin.py:188} INFO - [2026-05-09T20:39:15.506+0000] {dagbag.py:545} INFO - Filling up the DagBag from /opt/airflow/dags/minio_to_snowflake_dag.py
[2026-05-09T20:39:19.993+0000] {processor.py:840} INFO - DAG(s) 'minio_to_snowflake_banking' retrieved from /opt/airflow/dags/minio_to_snowflake_dag.py
[2026-05-09T20:39:20.120+0000] {logging_mixin.py:188} INFO - [2026-05-09T20:39:20.119+0000] {dag.py:3089} INFO - Sync 1 DAGs
[2026-05-09T20:39:20.227+0000] {logging_mixin.py:188} INFO - [2026-05-09T20:39:20.226+0000] {dag.py:3947} INFO - Setting next_dagrun for minio_to_snowflake_banking to 2026-05-09 20:39:00+00:00, run_after=2026-05-09 20:40:00+00:00
[2026-05-09T20:39:20.328+0000] {processor.py:183} INFO - Processing /opt/airflow/dags/minio_to_snowflake_dag.py took 4.844 seconds
[2026-05-09T20:39:50.743+0000] {processor.py:161} INFO - Started process (PID=599) to work on /opt/airflow/dags/minio_to_snowflake_dag.py
[2026-05-09T20:39:50.755+0000] {processor.py:830} INFO - Processing file /opt/airflow/dags/minio_to_snowflake_dag.py for tasks to queue
[2026-05-09T20:39:50.781+0000] {logging_mixin.py:188} INFO - [2026-05-09T20:39:50.773+0000] {dagbag.py:545} INFO - Filling up the DagBag from /opt/airflow/dags/minio_to_snowflake_dag.py
[2026-05-09T20:39:53.408+0000] {processor.py:840} INFO - DAG(s) 'minio_to_snowflake_banking' retrieved from /opt/airflow/dags/minio_to_snowflake_dag.py
[2026-05-09T20:39:53.458+0000] {logging_mixin.py:188} INFO - [2026-05-09T20:39:53.456+0000] {dag.py:3089} INFO - Sync 1 DAGs
[2026-05-09T20:39:53.517+0000] {logging_mixin.py:188} INFO - [2026-05-09T20:39:53.517+0000] {dag.py:3947} INFO - Setting next_dagrun for minio_to_snowflake_banking to 2026-05-09 20:39:00+00:00, run_after=2026-05-09 20:40:00+00:00
[2026-05-09T20:39:53.560+0000] {processor.py:183} INFO - Processing /opt/airflow/dags/minio_to_snowflake_dag.py took 2.862 seconds
[2026-05-09T20:40:23.904+0000] {processor.py:161} INFO - Started process (PID=663) to work on /opt/airflow/dags/minio_to_snowflake_dag.py
[2026-05-09T20:40:23.906+0000] {processor.py:830} INFO - Processing file /opt/airflow/dags/minio_to_snowflake_dag.py for tasks to queue
[2026-05-09T20:40:23.911+0000] {logging_mixin.py:188} INFO - [2026-05-09T20:40:23.910+0000] {dagbag.py:545} INFO - Filling up the DagBag from /opt/airflow/dags/minio_to_snowflake_dag.py
[2026-05-09T20:40:25.088+0000] {processor.py:840} INFO - DAG(s) 'minio_to_snowflake_banking' retrieved from /opt/airflow/dags/minio_to_snowflake_dag.py
[2026-05-09T20:40:25.121+0000] {logging_mixin.py:188} INFO - [2026-05-09T20:40:25.120+0000] {dag.py:3089} INFO - Sync 1 DAGs
[2026-05-09T20:40:25.156+0000] {logging_mixin.py:188} INFO - [2026-05-09T20:40:25.155+0000] {dag.py:3947} INFO - Setting next_dagrun for minio_to_snowflake_banking to 2026-05-09 20:40:00+00:00, run_after=2026-05-09 20:41:00+00:00
[2026-05-09T20:40:25.188+0000] {processor.py:183} INFO - Processing /opt/airflow/dags/minio_to_snowflake_dag.py took 1.296 seconds
[2026-05-09T20:40:55.552+0000] {processor.py:161} INFO - Started process (PID=667) to work on /opt/airflow/dags/minio_to_snowflake_dag.py
[2026-05-09T20:40:55.555+0000] {processor.py:830} INFO - Processing file /opt/airflow/dags/minio_to_snowflake_dag.py for tasks to queue
[2026-05-09T20:40:55.559+0000] {logging_mixin.py:188} INFO - [2026-05-09T20:40:55.558+0000] {dagbag.py:545} INFO - Filling up the DagBag from /opt/airflow/dags/minio_to_snowflake_dag.py
[2026-05-09T20:40:56.898+0000] {processor.py:840} INFO - DAG(s) 'minio_to_snowflake_banking' retrieved from /opt/airflow/dags/minio_to_snowflake_dag.py
[2026-05-09T20:40:56.942+0000] {logging_mixin.py:188} INFO - [2026-05-09T20:40:56.942+0000] {dag.py:3089} INFO - Sync 1 DAGs
[2026-05-09T20:40:56.984+0000] {logging_mixin.py:188} INFO - [2026-05-09T20:40:56.983+0000] {dag.py:3947} INFO - Setting next_dagrun for minio_to_snowflake_banking to 2026-05-09 20:40:00+00:00, run_after=2026-05-09 20:41:00+00:00
[2026-05-09T20:40:57.020+0000] {processor.py:183} INFO - Processing /opt/airflow/dags/minio_to_snowflake_dag.py took 1.483 seconds
[2026-05-09T20:41:27.358+0000] {processor.py:161} INFO - Started process (PID=730) to work on /opt/airflow/dags/minio_to_snowflake_dag.py
[2026-05-09T20:41:27.360+0000] {processor.py:830} INFO - Processing file /opt/airflow/dags/minio_to_snowflake_dag.py for tasks to queue
[2026-05-09T20:41:27.365+0000] {logging_mixin.py:188} INFO - [2026-05-09T20:41:27.364+0000] {dagbag.py:545} INFO - Filling up the DagBag from /opt/airflow/dags/minio_to_snowflake_dag.py
[2026-05-09T20:41:28.581+0000] {processor.py:840} INFO - DAG(s) 'minio_to_snowflake_banking' retrieved from /opt/airflow/dags/minio_to_snowflake_dag.py
[2026-05-09T20:41:28.651+0000] {logging_mixin.py:188} INFO - [2026-05-09T20:41:28.650+0000] {dag.py:3089} INFO - Sync 1 DAGs
[2026-05-09T20:41:28.686+0000] {logging_mixin.py:188} INFO - [2026-05-09T20:41:28.685+0000] {dag.py:3947} INFO - Setting next_dagrun for minio_to_snowflake_banking to 2026-05-09 20:41:00+00:00, run_after=2026-05-09 20:42:00+00:00
[2026-05-09T20:41:28.717+0000] {processor.py:183} INFO - Processing /opt/airflow/dags/minio_to_snowflake_dag.py took 1.370 seconds
[2026-05-09T20:41:59.111+0000] {processor.py:161} INFO - Started process (PID=734) to work on /opt/airflow/dags/minio_to_snowflake_dag.py
[2026-05-09T20:41:59.114+0000] {processor.py:830} INFO - Processing file /opt/airflow/dags/minio_to_snowflake_dag.py for tasks to queue
[2026-05-09T20:41:59.126+0000] {logging_mixin.py:188} INFO - [2026-05-09T20:41:59.123+0000] {dagbag.py:545} INFO - Filling up the DagBag from /opt/airflow/dags/minio_to_snowflake_dag.py
[2026-05-09T20:42:01.822+0000] {processor.py:840} INFO - DAG(s) 'minio_to_snowflake_banking' retrieved from /opt/airflow/dags/minio_to_snowflake_dag.py
[2026-05-09T20:42:01.906+0000] {logging_mixin.py:188} INFO - [2026-05-09T20:42:01.905+0000] {dag.py:3089} INFO - Sync 1 DAGs
[2026-05-09T20:42:02.026+0000] {logging_mixin.py:188} INFO - [2026-05-09T20:42:02.026+0000] {dag.py:3947} INFO - Setting next_dagrun for minio_to_snowflake_banking to 2026-05-09 20:42:00+00:00, run_after=2026-05-09 20:43:00+00:00
[2026-05-09T20:42:02.083+0000] {processor.py:183} INFO - Processing /opt/airflow/dags/minio_to_snowflake_dag.py took 3.005 seconds
[2026-05-09T20:42:32.507+0000] {processor.py:161} INFO - Started process (PID=788) to work on /opt/airflow/dags/minio_to_snowflake_dag.py
[2026-05-09T20:42:32.512+0000] {processor.py:830} INFO - Processing file /opt/airflow/dags/minio_to_snowflake_dag.py for tasks to queue
[2026-05-09T20:42:32.532+0000] {logging_mixin.py:188} INFO - [2026-05-09T20:42:32.528+0000] {dagbag.py:545} INFO - Filling up the DagBag from /opt/airflow/dags/minio_to_snowflake_dag.py
[2026-05-09T20:42:37.046+0000] {processor.py:840} INFO - DAG(s) 'minio_to_snowflake_banking' retrieved from /opt/airflow/dags/minio_to_snowflake_dag.py
[2026-05-09T20:42:37.250+0000] {logging_mixin.py:188} INFO - [2026-05-09T20:42:37.249+0000] {dag.py:3089} INFO - Sync 1 DAGs
[2026-05-09T20:42:37.310+0000] {logging_mixin.py:188} INFO - [2026-05-09T20:42:37.310+0000] {dag.py:3947} INFO - Setting next_dagrun for minio_to_snowflake_banking to 2026-05-09 20:42:00+00:00, run_after=2026-05-09 20:43:00+00:00
[2026-05-09T20:42:37.355+0000] {processor.py:183} INFO - Processing /opt/airflow/dags/minio_to_snowflake_dag.py took 4.927 seconds
[2026-05-09T20:43:08.516+0000] {processor.py:161} INFO - Started process (PID=803) to work on /opt/airflow/dags/minio_to_snowflake_dag.py
[2026-05-09T20:43:08.613+0000] {processor.py:830} INFO - Processing file /opt/airflow/dags/minio_to_snowflake_dag.py for tasks to queue
[2026-05-09T20:43:09.268+0000] {logging_mixin.py:188} INFO - [2026-05-09T20:43:09.053+0000] {dagbag.py:545} INFO - Filling up the DagBag from /opt/airflow/dags/minio_to_snowflake_dag.py
[2026-05-09T20:43:51.651+0000] {logging_mixin.py:188} INFO - [2026-05-09T20:43:44.193+0000] {timeout.py:68} ERROR - Process timed out, PID: 803
[2026-05-09T20:44:29.446+0000] {processor.py:161} INFO - Started process (PID=815) to work on /opt/airflow/dags/minio_to_snowflake_dag.py
[2026-05-09T20:44:29.663+0000] {processor.py:830} INFO - Processing file /opt/airflow/dags/minio_to_snowflake_dag.py for tasks to queue
[2026-05-09T20:44:30.443+0000] {logging_mixin.py:188} INFO - [2026-05-09T20:44:30.243+0000] {dagbag.py:545} INFO - Filling up the DagBag from /opt/airflow/dags/minio_to_snowflake_dag.py
[2026-05-09T20:46:18.099+0000] {logging_mixin.py:188} INFO - [2026-05-09T20:45:33.697+0000] {timeout.py:68} ERROR - Process timed out, PID: 815
[2026-05-09T20:46:19.395+0000] {processor.py:161} INFO - Started process (PID=816) to work on /opt/airflow/dags/minio_to_snowflake_dag.py
[2026-05-09T20:46:19.414+0000] {processor.py:830} INFO - Processing file /opt/airflow/dags/minio_to_snowflake_dag.py for tasks to queue
[2026-05-09T20:46:19.438+0000] {logging_mixin.py:188} INFO - [2026-05-09T20:46:19.427+0000] {dagbag.py:545} INFO - Filling up the DagBag from /opt/airflow/dags/minio_to_snowflake_dag.py
[2026-05-09T20:46:59.892+0000] {logging_mixin.py:188} INFO - [2026-05-09T20:46:51.413+0000] {timeout.py:68} ERROR - Process timed out, PID: 816
[2026-05-09T20:48:40.056+0000] {processor.py:161} INFO - Started process (PID=818) to work on /opt/airflow/dags/minio_to_snowflake_dag.py
[2026-05-09T20:48:40.062+0000] {processor.py:830} INFO - Processing file /opt/airflow/dags/minio_to_snowflake_dag.py for tasks to queue
[2026-05-09T20:48:40.076+0000] {logging_mixin.py:188} INFO - [2026-05-09T20:48:40.068+0000] {dagbag.py:545} INFO - Filling up the DagBag from /opt/airflow/dags/minio_to_snowflake_dag.py
[2026-05-09T20:48:52.507+0000] {processor.py:840} INFO - DAG(s) 'minio_to_snowflake_banking' retrieved from /opt/airflow/dags/minio_to_snowflake_dag.py
[2026-05-09T20:48:52.614+0000] {logging_mixin.py:188} INFO - [2026-05-09T20:48:52.613+0000] {taskinstance.py:2907} ERROR - {'DAG Id': 'minio_to_snowflake_banking', 'Task Id': 'download_minio', 'Run Id': 'scheduled__2026-05-09T20:42:00+00:00', 'Hostname': '04688b7f1a50'}
[2026-05-09T20:48:52.674+0000] {logging_mixin.py:188} INFO - [2026-05-09T20:48:52.674+0000] {taskinstance.py:1206} INFO - Marking task as UP_FOR_RETRY. dag_id=minio_to_snowflake_banking, task_id=download_minio, run_id=scheduled__2026-05-09T20:42:00+00:00, execution_date=20260509T204200, start_date=20260509T204416, end_date=20260509T204852
[2026-05-09T20:48:52.714+0000] {processor.py:791} INFO - Executed failure callback for <TaskInstance: minio_to_snowflake_banking.download_minio scheduled__2026-05-09T20:42:00+00:00 [up_for_retry]> in state up_for_retry
[2026-05-09T20:48:53.365+0000] {logging_mixin.py:188} INFO - [2026-05-09T20:48:53.365+0000] {dag.py:3089} INFO - Sync 1 DAGs
[2026-05-09T20:48:53.402+0000] {logging_mixin.py:188} INFO - [2026-05-09T20:48:53.401+0000] {dag.py:3947} INFO - Setting next_dagrun for minio_to_snowflake_banking to 2026-05-09 20:47:00+00:00, run_after=2026-05-09 20:48:00+00:00
[2026-05-09T20:48:53.450+0000] {processor.py:183} INFO - Processing /opt/airflow/dags/minio_to_snowflake_dag.py took 13.536 seconds
[2026-05-09T20:49:23.937+0000] {processor.py:161} INFO - Started process (PID=896) to work on /opt/airflow/dags/minio_to_snowflake_dag.py
[2026-05-09T20:49:23.941+0000] {processor.py:830} INFO - Processing file /opt/airflow/dags/minio_to_snowflake_dag.py for tasks to queue
[2026-05-09T20:49:23.951+0000] {logging_mixin.py:188} INFO - [2026-05-09T20:49:23.946+0000] {dagbag.py:545} INFO - Filling up the DagBag from /opt/airflow/dags/minio_to_snowflake_dag.py
[2026-05-09T20:49:27.218+0000] {processor.py:840} INFO - DAG(s) 'minio_to_snowflake_banking' retrieved from /opt/airflow/dags/minio_to_snowflake_dag.py
[2026-05-09T20:49:27.337+0000] {logging_mixin.py:188} INFO - [2026-05-09T20:49:27.336+0000] {taskinstance.py:2907} ERROR - {'DAG Id': 'minio_to_snowflake_banking', 'Task Id': 'download_minio', 'Run Id': 'scheduled__2026-05-09T20:42:00+00:00', 'Hostname': '04688b7f1a50'}
[2026-05-09T20:49:27.397+0000] {logging_mixin.py:188} INFO - [2026-05-09T20:49:27.396+0000] {taskinstance.py:1206} INFO - Marking task as FAILED. dag_id=minio_to_snowflake_banking, task_id=download_minio, run_id=scheduled__2026-05-09T20:42:00+00:00, execution_date=20260509T204200, start_date=20260509T204416, end_date=20260509T204927
[2026-05-09T20:49:27.426+0000] {processor.py:791} INFO - Executed failure callback for <TaskInstance: minio_to_snowflake_banking.download_minio scheduled__2026-05-09T20:42:00+00:00 [failed]> in state failed
[2026-05-09T20:49:27.495+0000] {logging_mixin.py:188} INFO - [2026-05-09T20:49:27.494+0000] {dag.py:3089} INFO - Sync 1 DAGs
[2026-05-09T20:49:27.567+0000] {logging_mixin.py:188} INFO - [2026-05-09T20:49:27.566+0000] {dag.py:3947} INFO - Setting next_dagrun for minio_to_snowflake_banking to 2026-05-09 20:49:00+00:00, run_after=2026-05-09 20:50:00+00:00
[2026-05-09T20:49:27.607+0000] {processor.py:183} INFO - Processing /opt/airflow/dags/minio_to_snowflake_dag.py took 3.716 seconds
[2026-05-09T20:49:57.956+0000] {processor.py:161} INFO - Started process (PID=946) to work on /opt/airflow/dags/minio_to_snowflake_dag.py
[2026-05-09T20:49:57.959+0000] {processor.py:830} INFO - Processing file /opt/airflow/dags/minio_to_snowflake_dag.py for tasks to queue
[2026-05-09T20:49:57.961+0000] {logging_mixin.py:188} INFO - [2026-05-09T20:49:57.960+0000] {dagbag.py:545} INFO - Filling up the DagBag from /opt/airflow/dags/minio_to_snowflake_dag.py
[2026-05-09T20:50:00.581+0000] {processor.py:840} INFO - DAG(s) 'minio_to_snowflake_banking' retrieved from /opt/airflow/dags/minio_to_snowflake_dag.py
[2026-05-09T20:50:00.635+0000] {logging_mixin.py:188} INFO - [2026-05-09T20:50:00.634+0000] {dag.py:3089} INFO - Sync 1 DAGs
[2026-05-09T20:50:00.684+0000] {logging_mixin.py:188} INFO - [2026-05-09T20:50:00.684+0000] {dag.py:3947} INFO - Setting next_dagrun for minio_to_snowflake_banking to 2026-05-09 20:49:00+00:00, run_after=2026-05-09 20:50:00+00:00
[2026-05-09T20:50:00.719+0000] {processor.py:183} INFO - Processing /opt/airflow/dags/minio_to_snowflake_dag.py took 2.780 seconds
[2026-05-09T20:50:30.852+0000] {processor.py:161} INFO - Started process (PID=1010) to work on /opt/airflow/dags/minio_to_snowflake_dag.py
[2026-05-09T20:50:30.854+0000] {processor.py:830} INFO - Processing file /opt/airflow/dags/minio_to_snowflake_dag.py for tasks to queue
[2026-05-09T20:50:30.857+0000] {logging_mixin.py:188} INFO - [2026-05-09T20:50:30.856+0000] {dagbag.py:545} INFO - Filling up the DagBag from /opt/airflow/dags/minio_to_snowflake_dag.py
[2026-05-09T20:50:31.932+0000] {processor.py:840} INFO - DAG(s) 'minio_to_snowflake_banking' retrieved from /opt/airflow/dags/minio_to_snowflake_dag.py
[2026-05-09T20:50:31.967+0000] {logging_mixin.py:188} INFO - [2026-05-09T20:50:31.967+0000] {dag.py:3089} INFO - Sync 1 DAGs
[2026-05-09T20:50:31.995+0000] {logging_mixin.py:188} INFO - [2026-05-09T20:50:31.995+0000] {dag.py:3947} INFO - Setting next_dagrun for minio_to_snowflake_banking to 2026-05-09 20:50:00+00:00, run_after=2026-05-09 20:51:00+00:00
[2026-05-09T20:50:32.025+0000] {processor.py:183} INFO - Processing /opt/airflow/dags/minio_to_snowflake_dag.py took 1.186 seconds
[2026-05-09T20:51:02.326+0000] {processor.py:161} INFO - Started process (PID=1015) to work on /opt/airflow/dags/minio_to_snowflake_dag.py
[2026-05-09T20:51:02.328+0000] {processor.py:830} INFO - Processing file /opt/airflow/dags/minio_to_snowflake_dag.py for tasks to queue
[2026-05-09T20:51:02.331+0000] {logging_mixin.py:188} INFO - [2026-05-09T20:51:02.330+0000] {dagbag.py:545} INFO - Filling up the DagBag from /opt/airflow/dags/minio_to_snowflake_dag.py
[2026-05-09T20:51:03.531+0000] {processor.py:840} INFO - DAG(s) 'minio_to_snowflake_banking' retrieved from /opt/airflow/dags/minio_to_snowflake_dag.py
[2026-05-09T20:51:03.575+0000] {logging_mixin.py:188} INFO - [2026-05-09T20:51:03.574+0000] {dag.py:3089} INFO - Sync 1 DAGs
[2026-05-09T20:51:03.610+0000] {logging_mixin.py:188} INFO - [2026-05-09T20:51:03.609+0000] {dag.py:3947} INFO - Setting next_dagrun for minio_to_snowflake_banking to 2026-05-09 20:51:00+00:00, run_after=2026-05-09 20:52:00+00:00
[2026-05-09T20:51:03.645+0000] {processor.py:183} INFO - Processing /opt/airflow/dags/minio_to_snowflake_dag.py took 1.331 seconds
[2026-05-09T20:51:33.999+0000] {processor.py:161} INFO - Started process (PID=1078) to work on /opt/airflow/dags/minio_to_snowflake_dag.py
[2026-05-09T20:51:34.001+0000] {processor.py:830} INFO - Processing file /opt/airflow/dags/minio_to_snowflake_dag.py for tasks to queue
[2026-05-09T20:51:34.003+0000] {logging_mixin.py:188} INFO - [2026-05-09T20:51:34.003+0000] {dagbag.py:545} INFO - Filling up the DagBag from /opt/airflow/dags/minio_to_snowflake_dag.py
[2026-05-09T20:51:34.963+0000] {processor.py:840} INFO - DAG(s) 'minio_to_snowflake_banking' retrieved from /opt/airflow/dags/minio_to_snowflake_dag.py
[2026-05-09T20:51:34.999+0000] {logging_mixin.py:188} INFO - [2026-05-09T20:51:34.999+0000] {dag.py:3089} INFO - Sync 1 DAGs
[2026-05-09T20:51:35.033+0000] {logging_mixin.py:188} INFO - [2026-05-09T20:51:35.032+0000] {dag.py:3947} INFO - Setting next_dagrun for minio_to_snowflake_banking to 2026-05-09 20:51:00+00:00, run_after=2026-05-09 20:52:00+00:00
[2026-05-09T20:51:35.064+0000] {processor.py:183} INFO - Processing /opt/airflow/dags/minio_to_snowflake_dag.py took 1.076 seconds
[2026-05-09T20:52:05.698+0000] {processor.py:161} INFO - Started process (PID=1083) to work on /opt/airflow/dags/minio_to_snowflake_dag.py
[2026-05-09T20:52:05.712+0000] {processor.py:830} INFO - Processing file /opt/airflow/dags/minio_to_snowflake_dag.py for tasks to queue
[2026-05-09T20:52:05.729+0000] {logging_mixin.py:188} INFO - [2026-05-09T20:52:05.719+0000] {dagbag.py:545} INFO - Filling up the DagBag from /opt/airflow/dags/minio_to_snowflake_dag.py
[2026-05-09T20:52:08.946+0000] {processor.py:840} INFO - DAG(s) 'minio_to_snowflake_banking' retrieved from /opt/airflow/dags/minio_to_snowflake_dag.py
[2026-05-09T20:52:09.023+0000] {logging_mixin.py:188} INFO - [2026-05-09T20:52:09.022+0000] {dag.py:3089} INFO - Sync 1 DAGs
[2026-05-09T20:52:09.099+0000] {logging_mixin.py:188} INFO - [2026-05-09T20:52:09.099+0000] {dag.py:3947} INFO - Setting next_dagrun for minio_to_snowflake_banking to 2026-05-09 20:52:00+00:00, run_after=2026-05-09 20:53:00+00:00
[2026-05-09T20:52:09.153+0000] {processor.py:183} INFO - Processing /opt/airflow/dags/minio_to_snowflake_dag.py took 3.585 seconds
[2026-05-09T20:52:39.543+0000] {processor.py:161} INFO - Started process (PID=1146) to work on /opt/airflow/dags/minio_to_snowflake_dag.py
[2026-05-09T20:52:39.545+0000] {processor.py:830} INFO - Processing file /opt/airflow/dags/minio_to_snowflake_dag.py for tasks to queue
[2026-05-09T20:52:39.547+0000] {logging_mixin.py:188} INFO - [2026-05-09T20:52:39.546+0000] {dagbag.py:545} INFO - Filling up the DagBag from /opt/airflow/dags/minio_to_snowflake_dag.py
[2026-05-09T20:52:40.678+0000] {processor.py:840} INFO - DAG(s) 'minio_to_snowflake_banking' retrieved from /opt/airflow/dags/minio_to_snowflake_dag.py
[2026-05-09T20:52:40.716+0000] {logging_mixin.py:188} INFO - [2026-05-09T20:52:40.716+0000] {dag.py:3089} INFO - Sync 1 DAGs
[2026-05-09T20:52:40.748+0000] {logging_mixin.py:188} INFO - [2026-05-09T20:52:40.748+0000] {dag.py:3947} INFO - Setting next_dagrun for minio_to_snowflake_banking to 2026-05-09 20:52:00+00:00, run_after=2026-05-09 20:53:00+00:00
[2026-05-09T20:52:40.782+0000] {processor.py:183} INFO - Processing /opt/airflow/dags/minio_to_snowflake_dag.py took 1.253 seconds
[2026-05-09T20:53:11.152+0000] {processor.py:161} INFO - Started process (PID=1183) to work on /opt/airflow/dags/minio_to_snowflake_dag.py
[2026-05-09T20:53:11.156+0000] {processor.py:830} INFO - Processing file /opt/airflow/dags/minio_to_snowflake_dag.py for tasks to queue
[2026-05-09T20:53:11.163+0000] {logging_mixin.py:188} INFO - [2026-05-09T20:53:11.161+0000] {dagbag.py:545} INFO - Filling up the DagBag from /opt/airflow/dags/minio_to_snowflake_dag.py
[2026-05-09T20:53:12.900+0000] {processor.py:840} INFO - DAG(s) 'minio_to_snowflake_banking' retrieved from /opt/airflow/dags/minio_to_snowflake_dag.py
[2026-05-09T20:53:12.966+0000] {logging_mixin.py:188} INFO - [2026-05-09T20:53:12.965+0000] {dag.py:3089} INFO - Sync 1 DAGs
[2026-05-09T20:53:13.022+0000] {logging_mixin.py:188} INFO - [2026-05-09T20:53:13.021+0000] {dag.py:3947} INFO - Setting next_dagrun for minio_to_snowflake_banking to 2026-05-09 20:53:00+00:00, run_after=2026-05-09 20:54:00+00:00
[2026-05-09T20:53:13.068+0000] {processor.py:183} INFO - Processing /opt/airflow/dags/minio_to_snowflake_dag.py took 1.934 seconds
[2026-05-09T20:53:43.496+0000] {processor.py:161} INFO - Started process (PID=1214) to work on /opt/airflow/dags/minio_to_snowflake_dag.py
[2026-05-09T20:53:43.499+0000] {processor.py:830} INFO - Processing file /opt/airflow/dags/minio_to_snowflake_dag.py for tasks to queue
[2026-05-09T20:53:43.502+0000] {logging_mixin.py:188} INFO - [2026-05-09T20:53:43.501+0000] {dagbag.py:545} INFO - Filling up the DagBag from /opt/airflow/dags/minio_to_snowflake_dag.py
[2026-05-09T20:53:44.841+0000] {processor.py:840} INFO - DAG(s) 'minio_to_snowflake_banking' retrieved from /opt/airflow/dags/minio_to_snowflake_dag.py
[2026-05-09T20:53:44.879+0000] {logging_mixin.py:188} INFO - [2026-05-09T20:53:44.879+0000] {dag.py:3089} INFO - Sync 1 DAGs
[2026-05-09T20:53:44.909+0000] {logging_mixin.py:188} INFO - [2026-05-09T20:53:44.908+0000] {dag.py:3947} INFO - Setting next_dagrun for minio_to_snowflake_banking to 2026-05-09 20:53:00+00:00, run_after=2026-05-09 20:54:00+00:00
[2026-05-09T20:53:44.945+0000] {processor.py:183} INFO - Processing /opt/airflow/dags/minio_to_snowflake_dag.py took 1.464 seconds
[2026-05-09T20:54:15.268+0000] {processor.py:161} INFO - Started process (PID=1267) to work on /opt/airflow/dags/minio_to_snowflake_dag.py
[2026-05-09T20:54:15.271+0000] {processor.py:830} INFO - Processing file /opt/airflow/dags/minio_to_snowflake_dag.py for tasks to queue
[2026-05-09T20:54:15.274+0000] {logging_mixin.py:188} INFO - [2026-05-09T20:54:15.273+0000] {dagbag.py:545} INFO - Filling up the DagBag from /opt/airflow/dags/minio_to_snowflake_dag.py
[2026-05-09T20:54:20.207+0000] {processor.py:840} INFO - DAG(s) 'minio_to_snowflake_banking' retrieved from /opt/airflow/dags/minio_to_snowflake_dag.py
[2026-05-09T20:54:20.332+0000] {logging_mixin.py:188} INFO - [2026-05-09T20:54:20.330+0000] {dag.py:3089} INFO - Sync 1 DAGs
[2026-05-09T20:54:20.460+0000] {logging_mixin.py:188} INFO - [2026-05-09T20:54:20.459+0000] {dag.py:3947} INFO - Setting next_dagrun for minio_to_snowflake_banking to 2026-05-09 20:54:00+00:00, run_after=2026-05-09 20:55:00+00:00
[2026-05-09T20:54:20.511+0000] {processor.py:183} INFO - Processing /opt/airflow/dags/minio_to_snowflake_dag.py took 5.256 seconds
[2026-05-09T20:54:50.885+0000] {processor.py:161} INFO - Started process (PID=1281) to work on /opt/airflow/dags/minio_to_snowflake_dag.py
[2026-05-09T20:54:50.890+0000] {processor.py:830} INFO - Processing file /opt/airflow/dags/minio_to_snowflake_dag.py for tasks to queue
[2026-05-09T20:54:50.901+0000] {logging_mixin.py:188} INFO - [2026-05-09T20:54:50.896+0000] {dagbag.py:545} INFO - Filling up the DagBag from /opt/airflow/dags/minio_to_snowflake_dag.py
[2026-05-09T20:54:54.322+0000] {processor.py:840} INFO - DAG(s) 'minio_to_snowflake_banking' retrieved from /opt/airflow/dags/minio_to_snowflake_dag.py
[2026-05-09T20:54:54.373+0000] {logging_mixin.py:188} INFO - [2026-05-09T20:54:54.373+0000] {dag.py:3089} INFO - Sync 1 DAGs
[2026-05-09T20:54:54.414+0000] {logging_mixin.py:188} INFO - [2026-05-09T20:54:54.413+0000] {dag.py:3947} INFO - Setting next_dagrun for minio_to_snowflake_banking to 2026-05-09 20:54:00+00:00, run_after=2026-05-09 20:55:00+00:00
[2026-05-09T20:54:54.448+0000] {processor.py:183} INFO - Processing /opt/airflow/dags/minio_to_snowflake_dag.py took 3.645 seconds
[2026-05-09T20:55:25.018+0000] {processor.py:161} INFO - Started process (PID=1285) to work on /opt/airflow/dags/minio_to_snowflake_dag.py
[2026-05-09T20:55:25.021+0000] {processor.py:830} INFO - Processing file /opt/airflow/dags/minio_to_snowflake_dag.py for tasks to queue
[2026-05-09T20:55:25.026+0000] {logging_mixin.py:188} INFO - [2026-05-09T20:55:25.024+0000] {dagbag.py:545} INFO - Filling up the DagBag from /opt/airflow/dags/minio_to_snowflake_dag.py
[2026-05-09T20:55:27.556+0000] {processor.py:840} INFO - DAG(s) 'minio_to_snowflake_banking' retrieved from /opt/airflow/dags/minio_to_snowflake_dag.py
[2026-05-09T20:55:27.620+0000] {logging_mixin.py:188} INFO - [2026-05-09T20:55:27.619+0000] {dag.py:3089} INFO - Sync 1 DAGs
[2026-05-09T20:55:27.671+0000] {logging_mixin.py:188} INFO - [2026-05-09T20:55:27.670+0000] {dag.py:3947} INFO - Setting next_dagrun for minio_to_snowflake_banking to 2026-05-09 20:54:00+00:00, run_after=2026-05-09 20:55:00+00:00
[2026-05-09T20:55:27.710+0000] {processor.py:183} INFO - Processing /opt/airflow/dags/minio_to_snowflake_dag.py took 2.717 seconds
[2026-05-09T20:55:58.072+0000] {processor.py:161} INFO - Started process (PID=1289) to work on /opt/airflow/dags/minio_to_snowflake_dag.py
[2026-05-09T20:55:58.074+0000] {processor.py:830} INFO - Processing file /opt/airflow/dags/minio_to_snowflake_dag.py for tasks to queue
[2026-05-09T20:55:58.077+0000] {logging_mixin.py:188} INFO - [2026-05-09T20:55:58.076+0000] {dagbag.py:545} INFO - Filling up the DagBag from /opt/airflow/dags/minio_to_snowflake_dag.py
[2026-05-09T20:55:59.242+0000] {processor.py:840} INFO - DAG(s) 'minio_to_snowflake_banking' retrieved from /opt/airflow/dags/minio_to_snowflake_dag.py
[2026-05-09T20:55:59.286+0000] {logging_mixin.py:188} INFO - [2026-05-09T20:55:59.285+0000] {dag.py:3089} INFO - Sync 1 DAGs
[2026-05-09T20:55:59.326+0000] {logging_mixin.py:188} INFO - [2026-05-09T20:55:59.326+0000] {dag.py:3947} INFO - Setting next_dagrun for minio_to_snowflake_banking to 2026-05-09 20:54:00+00:00, run_after=2026-05-09 20:55:00+00:00
[2026-05-09T20:55:59.364+0000] {processor.py:183} INFO - Processing /opt/airflow/dags/minio_to_snowflake_dag.py took 1.310 seconds
[2026-05-09T20:56:30.048+0000] {processor.py:161} INFO - Started process (PID=1293) to work on /opt/airflow/dags/minio_to_snowflake_dag.py
[2026-05-09T20:56:30.061+0000] {processor.py:830} INFO - Processing file /opt/airflow/dags/minio_to_snowflake_dag.py for tasks to queue
[2026-05-09T20:56:30.069+0000] {logging_mixin.py:188} INFO - [2026-05-09T20:56:30.065+0000] {dagbag.py:545} INFO - Filling up the DagBag from /opt/airflow/dags/minio_to_snowflake_dag.py
[2026-05-09T20:56:38.842+0000] {processor.py:840} INFO - DAG(s) 'minio_to_snowflake_banking' retrieved from /opt/airflow/dags/minio_to_snowflake_dag.py
[2026-05-09T20:56:39.727+0000] {logging_mixin.py:188} INFO - [2026-05-09T20:56:39.725+0000] {dag.py:3089} INFO - Sync 1 DAGs
[2026-05-09T20:56:39.832+0000] {logging_mixin.py:188} INFO - [2026-05-09T20:56:39.830+0000] {dag.py:3111} INFO - Creating ORM DAG for minio_to_snowflake_banking
[2026-05-09T20:56:39.910+0000] {logging_mixin.py:188} INFO - [2026-05-09T20:56:39.909+0000] {dag.py:3947} INFO - Setting next_dagrun for minio_to_snowflake_banking to 2026-05-09 20:55:00+00:00, run_after=2026-05-09 20:56:00+00:00
[2026-05-09T20:56:40.045+0000] {processor.py:183} INFO - Processing /opt/airflow/dags/minio_to_snowflake_dag.py took 10.093 seconds
[2026-05-09T20:57:10.997+0000] {processor.py:161} INFO - Started process (PID=1297) to work on /opt/airflow/dags/minio_to_snowflake_dag.py
[2026-05-09T20:57:11.013+0000] {processor.py:830} INFO - Processing file /opt/airflow/dags/minio_to_snowflake_dag.py for tasks to queue
[2026-05-09T20:57:11.042+0000] {logging_mixin.py:188} INFO - [2026-05-09T20:57:11.025+0000] {dagbag.py:545} INFO - Filling up the DagBag from /opt/airflow/dags/minio_to_snowflake_dag.py
[2026-05-09T20:57:23.943+0000] {processor.py:840} INFO - DAG(s) 'minio_to_snowflake_banking' retrieved from /opt/airflow/dags/minio_to_snowflake_dag.py
[2026-05-09T20:57:24.189+0000] {logging_mixin.py:188} INFO - [2026-05-09T20:57:24.184+0000] {dag.py:3089} INFO - Sync 1 DAGs
[2026-05-09T20:57:24.253+0000] {logging_mixin.py:188} INFO - [2026-05-09T20:57:24.253+0000] {dag.py:3947} INFO - Setting next_dagrun for minio_to_snowflake_banking to 2026-05-09 20:56:00+00:00, run_after=2026-05-09 20:57:00+00:00
[2026-05-09T20:57:24.299+0000] {processor.py:183} INFO - Processing /opt/airflow/dags/minio_to_snowflake_dag.py took 13.541 seconds
[2026-05-09T20:57:38.524+0000] {processor.py:161} INFO - Started process (PID=1301) to work on /opt/airflow/dags/minio_to_snowflake_dag.py
[2026-05-09T20:57:38.527+0000] {processor.py:830} INFO - Processing file /opt/airflow/dags/minio_to_snowflake_dag.py for tasks to queue
[2026-05-09T20:57:38.529+0000] {logging_mixin.py:188} INFO - [2026-05-09T20:57:38.529+0000] {dagbag.py:545} INFO - Filling up the DagBag from /opt/airflow/dags/minio_to_snowflake_dag.py
[2026-05-09T20:57:40.974+0000] {processor.py:840} INFO - DAG(s) 'minio_to_snowflake_banking' retrieved from /opt/airflow/dags/minio_to_snowflake_dag.py
[2026-05-09T20:57:41.107+0000] {logging_mixin.py:188} INFO - [2026-05-09T20:57:41.102+0000] {dag.py:3089} INFO - Sync 1 DAGs
[2026-05-09T20:57:41.146+0000] {logging_mixin.py:188} INFO - [2026-05-09T20:57:41.145+0000] {dag.py:3947} INFO - Setting next_dagrun for minio_to_snowflake_banking to 2026-05-09 20:56:00+00:00, run_after=2026-05-09 20:57:00+00:00
[2026-05-09T20:57:41.193+0000] {processor.py:183} INFO - Processing /opt/airflow/dags/minio_to_snowflake_dag.py took 2.682 seconds
[2026-05-09T20:57:42.316+0000] {processor.py:161} INFO - Started process (PID=1305) to work on /opt/airflow/dags/minio_to_snowflake_dag.py
[2026-05-09T20:57:42.318+0000] {processor.py:830} INFO - Processing file /opt/airflow/dags/minio_to_snowflake_dag.py for tasks to queue
[2026-05-09T20:57:42.320+0000] {logging_mixin.py:188} INFO - [2026-05-09T20:57:42.319+0000] {dagbag.py:545} INFO - Filling up the DagBag from /opt/airflow/dags/minio_to_snowflake_dag.py
[2026-05-09T20:57:44.512+0000] {processor.py:840} INFO - DAG(s) 'minio_to_snowflake_banking' retrieved from /opt/airflow/dags/minio_to_snowflake_dag.py
[2026-05-09T20:57:44.706+0000] {logging_mixin.py:188} INFO - [2026-05-09T20:57:44.700+0000] {dag.py:3089} INFO - Sync 1 DAGs
[2026-05-09T20:57:44.746+0000] {logging_mixin.py:188} INFO - [2026-05-09T20:57:44.746+0000] {dag.py:3947} INFO - Setting next_dagrun for minio_to_snowflake_banking to 2026-05-09 20:56:00+00:00, run_after=2026-05-09 20:57:00+00:00
[2026-05-09T20:57:44.791+0000] {processor.py:183} INFO - Processing /opt/airflow/dags/minio_to_snowflake_dag.py took 2.486 seconds
[2026-05-09T20:58:15.100+0000] {processor.py:161} INFO - Started process (PID=1309) to work on /opt/airflow/dags/minio_to_snowflake_dag.py
[2026-05-09T20:58:15.103+0000] {processor.py:830} INFO - Processing file /opt/airflow/dags/minio_to_snowflake_dag.py for tasks to queue
[2026-05-09T20:58:15.105+0000] {logging_mixin.py:188} INFO - [2026-05-09T20:58:15.105+0000] {dagbag.py:545} INFO - Filling up the DagBag from /opt/airflow/dags/minio_to_snowflake_dag.py
[2026-05-09T20:58:17.123+0000] {processor.py:840} INFO - DAG(s) 'minio_to_snowflake_banking' retrieved from /opt/airflow/dags/minio_to_snowflake_dag.py
[2026-05-09T20:58:17.368+0000] {logging_mixin.py:188} INFO - [2026-05-09T20:58:17.362+0000] {dag.py:3089} INFO - Sync 1 DAGs
[2026-05-09T20:58:17.429+0000] {logging_mixin.py:188} INFO - [2026-05-09T20:58:17.428+0000] {dag.py:3947} INFO - Setting next_dagrun for minio_to_snowflake_banking to 2026-05-09 20:57:00+00:00, run_after=2026-05-09 20:58:00+00:00
[2026-05-09T20:58:17.500+0000] {processor.py:183} INFO - Processing /opt/airflow/dags/minio_to_snowflake_dag.py took 2.412 seconds
[2026-05-09T20:58:48.001+0000] {processor.py:161} INFO - Started process (PID=1313) to work on /opt/airflow/dags/minio_to_snowflake_dag.py
[2026-05-09T20:58:48.005+0000] {processor.py:830} INFO - Processing file /opt/airflow/dags/minio_to_snowflake_dag.py for tasks to queue
[2026-05-09T20:58:48.009+0000] {logging_mixin.py:188} INFO - [2026-05-09T20:58:48.007+0000] {dagbag.py:545} INFO - Filling up the DagBag from /opt/airflow/dags/minio_to_snowflake_dag.py
[2026-05-09T20:58:50.423+0000] {processor.py:840} INFO - DAG(s) 'minio_to_snowflake_banking' retrieved from /opt/airflow/dags/minio_to_snowflake_dag.py
[2026-05-09T20:58:50.638+0000] {logging_mixin.py:188} INFO - [2026-05-09T20:58:50.621+0000] {dag.py:3089} INFO - Sync 1 DAGs
[2026-05-09T20:58:50.702+0000] {logging_mixin.py:188} INFO - [2026-05-09T20:58:50.701+0000] {dag.py:3947} INFO - Setting next_dagrun for minio_to_snowflake_banking to 2026-05-09 20:57:00+00:00, run_after=2026-05-09 20:58:00+00:00
[2026-05-09T20:58:50.746+0000] {processor.py:183} INFO - Processing /opt/airflow/dags/minio_to_snowflake_dag.py took 2.760 seconds
[2026-05-09T20:59:21.089+0000] {processor.py:161} INFO - Started process (PID=1317) to work on /opt/airflow/dags/minio_to_snowflake_dag.py
[2026-05-09T20:59:21.091+0000] {processor.py:830} INFO - Processing file /opt/airflow/dags/minio_to_snowflake_dag.py for tasks to queue
[2026-05-09T20:59:21.094+0000] {logging_mixin.py:188} INFO - [2026-05-09T20:59:21.093+0000] {dagbag.py:545} INFO - Filling up the DagBag from /opt/airflow/dags/minio_to_snowflake_dag.py
[2026-05-09T20:59:23.180+0000] {processor.py:840} INFO - DAG(s) 'minio_to_snowflake_banking' retrieved from /opt/airflow/dags/minio_to_snowflake_dag.py
[2026-05-09T20:59:23.334+0000] {logging_mixin.py:188} INFO - [2026-05-09T20:59:23.329+0000] {dag.py:3089} INFO - Sync 1 DAGs
[2026-05-09T20:59:23.369+0000] {logging_mixin.py:188} INFO - [2026-05-09T20:59:23.369+0000] {dag.py:3947} INFO - Setting next_dagrun for minio_to_snowflake_banking to 2026-05-09 20:58:00+00:00, run_after=2026-05-09 20:59:00+00:00
[2026-05-09T20:59:23.402+0000] {processor.py:183} INFO - Processing /opt/airflow/dags/minio_to_snowflake_dag.py took 2.326 seconds
[2026-05-09T20:59:53.736+0000] {processor.py:161} INFO - Started process (PID=1321) to work on /opt/airflow/dags/minio_to_snowflake_dag.py
[2026-05-09T20:59:53.739+0000] {processor.py:830} INFO - Processing file /opt/airflow/dags/minio_to_snowflake_dag.py for tasks to queue
[2026-05-09T20:59:53.744+0000] {logging_mixin.py:188} INFO - [2026-05-09T20:59:53.741+0000] {dagbag.py:545} INFO - Filling up the DagBag from /opt/airflow/dags/minio_to_snowflake_dag.py
[2026-05-09T20:59:55.776+0000] {processor.py:840} INFO - DAG(s) 'minio_to_snowflake_banking' retrieved from /opt/airflow/dags/minio_to_snowflake_dag.py
[2026-05-09T20:59:55.921+0000] {logging_mixin.py:188} INFO - [2026-05-09T20:59:55.916+0000] {dag.py:3089} INFO - Sync 1 DAGs
[2026-05-09T20:59:55.968+0000] {logging_mixin.py:188} INFO - [2026-05-09T20:59:55.968+0000] {dag.py:3947} INFO - Setting next_dagrun for minio_to_snowflake_banking to 2026-05-09 20:58:00+00:00, run_after=2026-05-09 20:59:00+00:00
[2026-05-09T20:59:56.008+0000] {processor.py:183} INFO - Processing /opt/airflow/dags/minio_to_snowflake_dag.py took 2.288 seconds
[2026-05-09T21:00:26.367+0000] {processor.py:161} INFO - Started process (PID=1325) to work on /opt/airflow/dags/minio_to_snowflake_dag.py
[2026-05-09T21:00:26.369+0000] {processor.py:830} INFO - Processing file /opt/airflow/dags/minio_to_snowflake_dag.py for tasks to queue
[2026-05-09T21:00:26.375+0000] {logging_mixin.py:188} INFO - [2026-05-09T21:00:26.371+0000] {dagbag.py:545} INFO - Filling up the DagBag from /opt/airflow/dags/minio_to_snowflake_dag.py
[2026-05-09T21:00:28.418+0000] {processor.py:840} INFO - DAG(s) 'minio_to_snowflake_banking' retrieved from /opt/airflow/dags/minio_to_snowflake_dag.py
[2026-05-09T21:00:28.628+0000] {logging_mixin.py:188} INFO - [2026-05-09T21:00:28.623+0000] {dag.py:3089} INFO - Sync 1 DAGs
[2026-05-09T21:00:28.665+0000] {logging_mixin.py:188} INFO - [2026-05-09T21:00:28.664+0000] {dag.py:3947} INFO - Setting next_dagrun for minio_to_snowflake_banking to 2026-05-09 20:59:00+00:00, run_after=2026-05-09 21:00:00+00:00
[2026-05-09T21:00:28.700+0000] {processor.py:183} INFO - Processing /opt/airflow/dags/minio_to_snowflake_dag.py took 2.364 seconds
[2026-05-09T21:00:59.058+0000] {processor.py:161} INFO - Started process (PID=1329) to work on /opt/airflow/dags/minio_to_snowflake_dag.py
[2026-05-09T21:00:59.061+0000] {processor.py:830} INFO - Processing file /opt/airflow/dags/minio_to_snowflake_dag.py for tasks to queue
[2026-05-09T21:00:59.064+0000] {logging_mixin.py:188} INFO - [2026-05-09T21:00:59.063+0000] {dagbag.py:545} INFO - Filling up the DagBag from /opt/airflow/dags/minio_to_snowflake_dag.py
[2026-05-09T21:01:01.374+0000] {processor.py:840} INFO - DAG(s) 'minio_to_snowflake_banking' retrieved from /opt/airflow/dags/minio_to_snowflake_dag.py
[2026-05-09T21:01:01.546+0000] {logging_mixin.py:188} INFO - [2026-05-09T21:01:01.541+0000] {dag.py:3089} INFO - Sync 1 DAGs
[2026-05-09T21:01:01.606+0000] {logging_mixin.py:188} INFO - [2026-05-09T21:01:01.605+0000] {dag.py:3947} INFO - Setting next_dagrun for minio_to_snowflake_banking to 2026-05-09 21:00:00+00:00, run_after=2026-05-09 21:01:00+00:00
[2026-05-09T21:01:01.652+0000] {processor.py:183} INFO - Processing /opt/airflow/dags/minio_to_snowflake_dag.py took 2.612 seconds
[2026-05-09T21:01:32.069+0000] {processor.py:161} INFO - Started process (PID=1333) to work on /opt/airflow/dags/minio_to_snowflake_dag.py
[2026-05-09T21:01:32.073+0000] {processor.py:830} INFO - Processing file /opt/airflow/dags/minio_to_snowflake_dag.py for tasks to queue
[2026-05-09T21:01:32.077+0000] {logging_mixin.py:188} INFO - [2026-05-09T21:01:32.076+0000] {dagbag.py:545} INFO - Filling up the DagBag from /opt/airflow/dags/minio_to_snowflake_dag.py
[2026-05-09T21:01:36.724+0000] {processor.py:840} INFO - DAG(s) 'minio_to_snowflake_banking' retrieved from /opt/airflow/dags/minio_to_snowflake_dag.py
[2026-05-09T21:01:50.412+0000] {logging_mixin.py:188} INFO - [2026-05-09T21:01:50.394+0000] {dag.py:3089} INFO - Sync 1 DAGs
[2026-05-09T21:01:50.851+0000] {logging_mixin.py:188} INFO - [2026-05-09T21:01:50.836+0000] {dag.py:3947} INFO - Setting next_dagrun for minio_to_snowflake_banking to 2026-05-09 21:00:00+00:00, run_after=2026-05-09 21:01:00+00:00
[2026-05-09T21:01:51.826+0000] {processor.py:183} INFO - Processing /opt/airflow/dags/minio_to_snowflake_dag.py took 19.798 seconds
[2026-05-09T21:02:22.434+0000] {processor.py:161} INFO - Started process (PID=1337) to work on /opt/airflow/dags/minio_to_snowflake_dag.py
[2026-05-09T21:02:22.438+0000] {processor.py:830} INFO - Processing file /opt/airflow/dags/minio_to_snowflake_dag.py for tasks to queue
[2026-05-09T21:02:22.448+0000] {logging_mixin.py:188} INFO - [2026-05-09T21:02:22.443+0000] {dagbag.py:545} INFO - Filling up the DagBag from /opt/airflow/dags/minio_to_snowflake_dag.py
[2026-05-09T21:02:28.798+0000] {processor.py:840} INFO - DAG(s) 'minio_to_snowflake_banking' retrieved from /opt/airflow/dags/minio_to_snowflake_dag.py
[2026-05-09T21:02:29.014+0000] {logging_mixin.py:188} INFO - [2026-05-09T21:02:29.009+0000] {dag.py:3089} INFO - Sync 1 DAGs
[2026-05-09T21:02:29.060+0000] {logging_mixin.py:188} INFO - [2026-05-09T21:02:29.060+0000] {dag.py:3947} INFO - Setting next_dagrun for minio_to_snowflake_banking to 2026-05-09 21:01:00+00:00, run_after=2026-05-09 21:02:00+00:00
[2026-05-09T21:02:29.108+0000] {processor.py:183} INFO - Processing /opt/airflow/dags/minio_to_snowflake_dag.py took 6.742 seconds
[2026-05-09T21:02:59.338+0000] {processor.py:161} INFO - Started process (PID=1341) to work on /opt/airflow/dags/minio_to_snowflake_dag.py
[2026-05-09T21:02:59.343+0000] {processor.py:830} INFO - Processing file /opt/airflow/dags/minio_to_snowflake_dag.py for tasks to queue
[2026-05-09T21:02:59.348+0000] {logging_mixin.py:188} INFO - [2026-05-09T21:02:59.345+0000] {dagbag.py:545} INFO - Filling up the DagBag from /opt/airflow/dags/minio_to_snowflake_dag.py
[2026-05-09T21:03:01.572+0000] {processor.py:840} INFO - DAG(s) 'minio_to_snowflake_banking' retrieved from /opt/airflow/dags/minio_to_snowflake_dag.py
[2026-05-09T21:03:01.770+0000] {logging_mixin.py:188} INFO - [2026-05-09T21:03:01.765+0000] {dag.py:3089} INFO - Sync 1 DAGs
[2026-05-09T21:03:01.813+0000] {logging_mixin.py:188} INFO - [2026-05-09T21:03:01.812+0000] {dag.py:3947} INFO - Setting next_dagrun for minio_to_snowflake_banking to 2026-05-09 21:02:00+00:00, run_after=2026-05-09 21:03:00+00:00
[2026-05-09T21:03:01.849+0000] {processor.py:183} INFO - Processing /opt/airflow/dags/minio_to_snowflake_dag.py took 2.541 seconds
[2026-05-09T21:03:31.959+0000] {processor.py:161} INFO - Started process (PID=1345) to work on /opt/airflow/dags/minio_to_snowflake_dag.py
[2026-05-09T21:03:31.961+0000] {processor.py:830} INFO - Processing file /opt/airflow/dags/minio_to_snowflake_dag.py for tasks to queue
[2026-05-09T21:03:31.963+0000] {logging_mixin.py:188} INFO - [2026-05-09T21:03:31.962+0000] {dagbag.py:545} INFO - Filling up the DagBag from /opt/airflow/dags/minio_to_snowflake_dag.py
[2026-05-09T21:03:34.266+0000] {processor.py:840} INFO - DAG(s) 'minio_to_snowflake_banking' retrieved from /opt/airflow/dags/minio_to_snowflake_dag.py
[2026-05-09T21:03:34.412+0000] {logging_mixin.py:188} INFO - [2026-05-09T21:03:34.406+0000] {dag.py:3089} INFO - Sync 1 DAGs
[2026-05-09T21:03:34.452+0000] {logging_mixin.py:188} INFO - [2026-05-09T21:03:34.451+0000] {dag.py:3947} INFO - Setting next_dagrun for minio_to_snowflake_banking to 2026-05-09 21:02:00+00:00, run_after=2026-05-09 21:03:00+00:00
[2026-05-09T21:03:34.487+0000] {processor.py:183} INFO - Processing /opt/airflow/dags/minio_to_snowflake_dag.py took 2.542 seconds
[2026-05-09T21:04:04.885+0000] {processor.py:161} INFO - Started process (PID=1349) to work on /opt/airflow/dags/minio_to_snowflake_dag.py
[2026-05-09T21:04:04.888+0000] {processor.py:830} INFO - Processing file /opt/airflow/dags/minio_to_snowflake_dag.py for tasks to queue
[2026-05-09T21:04:04.890+0000] {logging_mixin.py:188} INFO - [2026-05-09T21:04:04.890+0000] {dagbag.py:545} INFO - Filling up the DagBag from /opt/airflow/dags/minio_to_snowflake_dag.py
[2026-05-09T21:04:07.276+0000] {processor.py:840} INFO - DAG(s) 'minio_to_snowflake_banking' retrieved from /opt/airflow/dags/minio_to_snowflake_dag.py
[2026-05-09T21:04:07.441+0000] {logging_mixin.py:188} INFO - [2026-05-09T21:04:07.436+0000] {dag.py:3089} INFO - Sync 1 DAGs
[2026-05-09T21:04:07.484+0000] {logging_mixin.py:188} INFO - [2026-05-09T21:04:07.484+0000] {dag.py:3947} INFO - Setting next_dagrun for minio_to_snowflake_banking to 2026-05-09 21:03:00+00:00, run_after=2026-05-09 21:04:00+00:00
[2026-05-09T21:04:07.522+0000] {processor.py:183} INFO - Processing /opt/airflow/dags/minio_to_snowflake_dag.py took 2.653 seconds
[2026-05-09T21:04:37.821+0000] {processor.py:161} INFO - Started process (PID=1353) to work on /opt/airflow/dags/minio_to_snowflake_dag.py
[2026-05-09T21:04:37.824+0000] {processor.py:830} INFO - Processing file /opt/airflow/dags/minio_to_snowflake_dag.py for tasks to queue
[2026-05-09T21:04:37.827+0000] {logging_mixin.py:188} INFO - [2026-05-09T21:04:37.825+0000] {dagbag.py:545} INFO - Filling up the DagBag from /opt/airflow/dags/minio_to_snowflake_dag.py
[2026-05-09T21:04:40.624+0000] {processor.py:840} INFO - DAG(s) 'minio_to_snowflake_banking' retrieved from /opt/airflow/dags/minio_to_snowflake_dag.py
[2026-05-09T21:04:40.900+0000] {logging_mixin.py:188} INFO - [2026-05-09T21:04:40.893+0000] {dag.py:3089} INFO - Sync 1 DAGs
[2026-05-09T21:04:40.980+0000] {logging_mixin.py:188} INFO - [2026-05-09T21:04:40.979+0000] {dag.py:3947} INFO - Setting next_dagrun for minio_to_snowflake_banking to 2026-05-09 21:03:00+00:00, run_after=2026-05-09 21:04:00+00:00
[2026-05-09T21:04:41.047+0000] {processor.py:183} INFO - Processing /opt/airflow/dags/minio_to_snowflake_dag.py took 3.242 seconds
[2026-05-09T21:05:11.363+0000] {processor.py:161} INFO - Started process (PID=1357) to work on /opt/airflow/dags/minio_to_snowflake_dag.py
[2026-05-09T21:05:11.365+0000] {processor.py:830} INFO - Processing file /opt/airflow/dags/minio_to_snowflake_dag.py for tasks to queue
[2026-05-09T21:05:11.370+0000] {logging_mixin.py:188} INFO - [2026-05-09T21:05:11.367+0000] {dagbag.py:545} INFO - Filling up the DagBag from /opt/airflow/dags/minio_to_snowflake_dag.py
[2026-05-09T21:05:13.461+0000] {processor.py:840} INFO - DAG(s) 'minio_to_snowflake_banking' retrieved from /opt/airflow/dags/minio_to_snowflake_dag.py
[2026-05-09T21:05:13.644+0000] {logging_mixin.py:188} INFO - [2026-05-09T21:05:13.640+0000] {dag.py:3089} INFO - Sync 1 DAGs
[2026-05-09T21:05:13.694+0000] {logging_mixin.py:188} INFO - [2026-05-09T21:05:13.694+0000] {dag.py:3947} INFO - Setting next_dagrun for minio_to_snowflake_banking to 2026-05-09 21:04:00+00:00, run_after=2026-05-09 21:05:00+00:00
[2026-05-09T21:05:13.745+0000] {processor.py:183} INFO - Processing /opt/airflow/dags/minio_to_snowflake_dag.py took 2.394 seconds
[2026-05-09T21:05:44.114+0000] {processor.py:161} INFO - Started process (PID=1361) to work on /opt/airflow/dags/minio_to_snowflake_dag.py
[2026-05-09T21:05:44.116+0000] {processor.py:830} INFO - Processing file /opt/airflow/dags/minio_to_snowflake_dag.py for tasks to queue
[2026-05-09T21:05:44.119+0000] {logging_mixin.py:188} INFO - [2026-05-09T21:05:44.117+0000] {dagbag.py:545} INFO - Filling up the DagBag from /opt/airflow/dags/minio_to_snowflake_dag.py
[2026-05-09T21:05:48.113+0000] {processor.py:840} INFO - DAG(s) 'minio_to_snowflake_banking' retrieved from /opt/airflow/dags/minio_to_snowflake_dag.py
[2026-05-09T21:05:48.289+0000] {logging_mixin.py:188} INFO - [2026-05-09T21:05:48.284+0000] {dag.py:3089} INFO - Sync 1 DAGs
[2026-05-09T21:05:48.329+0000] {logging_mixin.py:188} INFO - [2026-05-09T21:05:48.329+0000] {dag.py:3947} INFO - Setting next_dagrun for minio_to_snowflake_banking to 2026-05-09 21:04:00+00:00, run_after=2026-05-09 21:05:00+00:00
[2026-05-09T21:05:48.365+0000] {processor.py:183} INFO - Processing /opt/airflow/dags/minio_to_snowflake_dag.py took 4.264 seconds
[2026-05-09T21:06:18.716+0000] {processor.py:161} INFO - Started process (PID=1365) to work on /opt/airflow/dags/minio_to_snowflake_dag.py
[2026-05-09T21:06:18.719+0000] {processor.py:830} INFO - Processing file /opt/airflow/dags/minio_to_snowflake_dag.py for tasks to queue
[2026-05-09T21:06:18.721+0000] {logging_mixin.py:188} INFO - [2026-05-09T21:06:18.720+0000] {dagbag.py:545} INFO - Filling up the DagBag from /opt/airflow/dags/minio_to_snowflake_dag.py
[2026-05-09T21:06:21.122+0000] {processor.py:840} INFO - DAG(s) 'minio_to_snowflake_banking' retrieved from /opt/airflow/dags/minio_to_snowflake_dag.py
[2026-05-09T21:06:21.278+0000] {logging_mixin.py:188} INFO - [2026-05-09T21:06:21.272+0000] {dag.py:3089} INFO - Sync 1 DAGs
[2026-05-09T21:06:21.318+0000] {logging_mixin.py:188} INFO - [2026-05-09T21:06:21.317+0000] {dag.py:3947} INFO - Setting next_dagrun for minio_to_snowflake_banking to 2026-05-09 21:05:00+00:00, run_after=2026-05-09 21:06:00+00:00
[2026-05-09T21:06:21.357+0000] {processor.py:183} INFO - Processing /opt/airflow/dags/minio_to_snowflake_dag.py took 2.661 seconds
[2026-05-09T21:06:51.720+0000] {processor.py:161} INFO - Started process (PID=1369) to work on /opt/airflow/dags/minio_to_snowflake_dag.py
[2026-05-09T21:06:51.722+0000] {processor.py:830} INFO - Processing file /opt/airflow/dags/minio_to_snowflake_dag.py for tasks to queue
[2026-05-09T21:06:51.725+0000] {logging_mixin.py:188} INFO - [2026-05-09T21:06:51.724+0000] {dagbag.py:545} INFO - Filling up the DagBag from /opt/airflow/dags/minio_to_snowflake_dag.py
[2026-05-09T21:06:54.131+0000] {processor.py:840} INFO - DAG(s) 'minio_to_snowflake_banking' retrieved from /opt/airflow/dags/minio_to_snowflake_dag.py
[2026-05-09T21:06:54.380+0000] {logging_mixin.py:188} INFO - [2026-05-09T21:06:54.375+0000] {dag.py:3089} INFO - Sync 1 DAGs
[2026-05-09T21:06:54.460+0000] {logging_mixin.py:188} INFO - [2026-05-09T21:06:54.459+0000] {dag.py:3947} INFO - Setting next_dagrun for minio_to_snowflake_banking to 2026-05-09 21:05:00+00:00, run_after=2026-05-09 21:06:00+00:00
[2026-05-09T21:06:54.509+0000] {processor.py:183} INFO - Processing /opt/airflow/dags/minio_to_snowflake_dag.py took 2.801 seconds
[2026-05-09T21:07:24.880+0000] {processor.py:161} INFO - Started process (PID=1373) to work on /opt/airflow/dags/minio_to_snowflake_dag.py
[2026-05-09T21:07:24.883+0000] {processor.py:830} INFO - Processing file /opt/airflow/dags/minio_to_snowflake_dag.py for tasks to queue
[2026-05-09T21:07:24.885+0000] {logging_mixin.py:188} INFO - [2026-05-09T21:07:24.884+0000] {dagbag.py:545} INFO - Filling up the DagBag from /opt/airflow/dags/minio_to_snowflake_dag.py
[2026-05-09T21:07:27.295+0000] {processor.py:840} INFO - DAG(s) 'minio_to_snowflake_banking' retrieved from /opt/airflow/dags/minio_to_snowflake_dag.py
[2026-05-09T21:07:27.465+0000] {logging_mixin.py:188} INFO - [2026-05-09T21:07:27.461+0000] {dag.py:3089} INFO - Sync 1 DAGs
[2026-05-09T21:07:27.506+0000] {logging_mixin.py:188} INFO - [2026-05-09T21:07:27.505+0000] {dag.py:3947} INFO - Setting next_dagrun for minio_to_snowflake_banking to 2026-05-09 21:06:00+00:00, run_after=2026-05-09 21:07:00+00:00
[2026-05-09T21:07:27.541+0000] {processor.py:183} INFO - Processing /opt/airflow/dags/minio_to_snowflake_dag.py took 2.679 seconds
[2026-05-09T21:07:57.884+0000] {processor.py:161} INFO - Started process (PID=1377) to work on /opt/airflow/dags/minio_to_snowflake_dag.py
[2026-05-09T21:07:57.885+0000] {processor.py:830} INFO - Processing file /opt/airflow/dags/minio_to_snowflake_dag.py for tasks to queue
[2026-05-09T21:07:57.888+0000] {logging_mixin.py:188} INFO - [2026-05-09T21:07:57.887+0000] {dagbag.py:545} INFO - Filling up the DagBag from /opt/airflow/dags/minio_to_snowflake_dag.py
[2026-05-09T21:07:59.692+0000] {processor.py:840} INFO - DAG(s) 'minio_to_snowflake_banking' retrieved from /opt/airflow/dags/minio_to_snowflake_dag.py
[2026-05-09T21:07:59.828+0000] {logging_mixin.py:188} INFO - [2026-05-09T21:07:59.824+0000] {dag.py:3089} INFO - Sync 1 DAGs
[2026-05-09T21:07:59.868+0000] {logging_mixin.py:188} INFO - [2026-05-09T21:07:59.868+0000] {dag.py:3947} INFO - Setting next_dagrun for minio_to_snowflake_banking to 2026-05-09 21:06:00+00:00, run_after=2026-05-09 21:07:00+00:00
[2026-05-09T21:07:59.901+0000] {processor.py:183} INFO - Processing /opt/airflow/dags/minio_to_snowflake_dag.py took 2.039 seconds
[2026-05-09T21:08:30.204+0000] {processor.py:161} INFO - Started process (PID=1381) to work on /opt/airflow/dags/minio_to_snowflake_dag.py
[2026-05-09T21:08:30.206+0000] {processor.py:830} INFO - Processing file /opt/airflow/dags/minio_to_snowflake_dag.py for tasks to queue
[2026-05-09T21:08:30.211+0000] {logging_mixin.py:188} INFO - [2026-05-09T21:08:30.208+0000] {dagbag.py:545} INFO - Filling up the DagBag from /opt/airflow/dags/minio_to_snowflake_dag.py
[2026-05-09T21:08:32.376+0000] {processor.py:840} INFO - DAG(s) 'minio_to_snowflake_banking' retrieved from /opt/airflow/dags/minio_to_snowflake_dag.py
[2026-05-09T21:08:32.713+0000] {logging_mixin.py:188} INFO - [2026-05-09T21:08:32.698+0000] {dag.py:3089} INFO - Sync 1 DAGs
[2026-05-09T21:08:32.815+0000] {logging_mixin.py:188} INFO - [2026-05-09T21:08:32.811+0000] {dag.py:3947} INFO - Setting next_dagrun for minio_to_snowflake_banking to 2026-05-09 21:07:00+00:00, run_after=2026-05-09 21:08:00+00:00
[2026-05-09T21:08:32.925+0000] {processor.py:183} INFO - Processing /opt/airflow/dags/minio_to_snowflake_dag.py took 2.736 seconds
[2026-05-09T21:09:03.303+0000] {processor.py:161} INFO - Started process (PID=1385) to work on /opt/airflow/dags/minio_to_snowflake_dag.py
[2026-05-09T21:09:03.306+0000] {processor.py:830} INFO - Processing file /opt/airflow/dags/minio_to_snowflake_dag.py for tasks to queue
[2026-05-09T21:09:03.311+0000] {logging_mixin.py:188} INFO - [2026-05-09T21:09:03.307+0000] {dagbag.py:545} INFO - Filling up the DagBag from /opt/airflow/dags/minio_to_snowflake_dag.py
[2026-05-09T21:09:42.289+0000] {logging_mixin.py:188} INFO - [2026-05-09T21:09:42.279+0000] {timeout.py:68} ERROR - Process timed out, PID: 1385
[2026-05-09T21:09:42.291+0000] {logging_mixin.py:188} WARNING - Exception ignored in: <function WeakKeyDictionary.__init__.<locals>.remove at 0x77e935785300>
[2026-05-09T21:09:42.292+0000] {logging_mixin.py:188} WARNING - Traceback (most recent call last):
[2026-05-09T21:09:42.293+0000] {logging_mixin.py:188} WARNING -   File "/usr/local/lib/python3.12/weakref.py", line 369, in remove
[2026-05-09T21:09:42.299+0000] {logging_mixin.py:188} WARNING -     def remove(k, selfref=ref(self)):
[2026-05-09T21:09:42.301+0000] {logging_mixin.py:188} WARNING -   File "/home/airflow/.local/lib/python3.12/site-packages/airflow/utils/timeout.py", line 69, in handle_timeout
[2026-05-09T21:09:42.304+0000] {logging_mixin.py:188} WARNING -     raise AirflowTaskTimeout(self.error_message)
[2026-05-09T21:09:42.306+0000] {logging_mixin.py:188} WARNING - airflow.exceptions.AirflowTaskTimeout: DagBag import timeout for /opt/airflow/dags/minio_to_snowflake_dag.py after 30.0s.
Please take a look at these docs to improve your DAG import time:
* https://airflow.apache.org/docs/apache-airflow/2.9.3/best-practices.html#top-level-python-code
* https://airflow.apache.org/docs/apache-airflow/2.9.3/best-practices.html#reducing-dag-complexity, PID: 1385
[2026-05-09T21:09:44.418+0000] {processor.py:840} INFO - DAG(s) 'minio_to_snowflake_banking' retrieved from /opt/airflow/dags/minio_to_snowflake_dag.py
[2026-05-09T21:09:45.321+0000] {logging_mixin.py:188} INFO - [2026-05-09T21:09:45.319+0000] {dag.py:3089} INFO - Sync 1 DAGs
[2026-05-09T21:09:45.491+0000] {logging_mixin.py:188} INFO - [2026-05-09T21:09:45.490+0000] {dag.py:3947} INFO - Setting next_dagrun for minio_to_snowflake_banking to 2026-05-09 21:08:00+00:00, run_after=2026-05-09 21:09:00+00:00
[2026-05-09T21:09:45.686+0000] {processor.py:183} INFO - Processing /opt/airflow/dags/minio_to_snowflake_dag.py took 42.403 seconds
[2026-05-09T21:10:30.728+0000] {processor.py:161} INFO - Started process (PID=1390) to work on /opt/airflow/dags/minio_to_snowflake_dag.py
[2026-05-09T21:10:30.757+0000] {processor.py:830} INFO - Processing file /opt/airflow/dags/minio_to_snowflake_dag.py for tasks to queue
[2026-05-09T21:10:30.796+0000] {logging_mixin.py:188} INFO - [2026-05-09T21:10:30.775+0000] {dagbag.py:545} INFO - Filling up the DagBag from /opt/airflow/dags/minio_to_snowflake_dag.py
[2026-05-09T21:11:24.315+0000] {logging_mixin.py:188} INFO - [2026-05-09T21:11:01.543+0000] {timeout.py:68} ERROR - Process timed out, PID: 1390
[2026-05-09T21:13:16.299+0000] {processor.py:161} INFO - Started process (PID=1401) to work on /opt/airflow/dags/minio_to_snowflake_dag.py
[2026-05-09T21:15:17.668+0000] {processor.py:161} INFO - Started process (PID=1402) to work on /opt/airflow/dags/minio_to_snowflake_dag.py
[2026-05-09T21:15:17.690+0000] {processor.py:830} INFO - Processing file /opt/airflow/dags/minio_to_snowflake_dag.py for tasks to queue
[2026-05-09T21:15:17.752+0000] {logging_mixin.py:188} INFO - [2026-05-09T21:15:17.725+0000] {dagbag.py:545} INFO - Filling up the DagBag from /opt/airflow/dags/minio_to_snowflake_dag.py
