[2026-05-10T06:50:03.281+0000] {processor.py:161} INFO - Started process (PID=25) to work on /opt/airflow/dags/minio_to_snowflake_dag.py
[2026-05-10T06:50:03.316+0000] {processor.py:830} INFO - Processing file /opt/airflow/dags/minio_to_snowflake_dag.py for tasks to queue
[2026-05-10T06:50:03.494+0000] {logging_mixin.py:188} INFO - [2026-05-10T06:50:03.484+0000] {dagbag.py:545} INFO - Filling up the DagBag from /opt/airflow/dags/minio_to_snowflake_dag.py
[2026-05-10T06:50:22.347+0000] {processor.py:840} INFO - DAG(s) 'minio_to_snowflake_banking' retrieved from /opt/airflow/dags/minio_to_snowflake_dag.py
[2026-05-10T06:50:23.582+0000] {logging_mixin.py:188} INFO - [2026-05-10T06:50:23.579+0000] {dag.py:3089} INFO - Sync 1 DAGs
[2026-05-10T06:50:23.707+0000] {logging_mixin.py:188} INFO - [2026-05-10T06:50:23.706+0000] {dag.py:3947} INFO - Setting next_dagrun for minio_to_snowflake_banking to 2026-05-10 06:49:00+00:00, run_after=2026-05-10 06:50:00+00:00
[2026-05-10T06:50:23.842+0000] {processor.py:183} INFO - Processing /opt/airflow/dags/minio_to_snowflake_dag.py took 21.026 seconds
[2026-05-10T06:50:54.944+0000] {processor.py:161} INFO - Started process (PID=71) to work on /opt/airflow/dags/minio_to_snowflake_dag.py
[2026-05-10T06:50:54.952+0000] {processor.py:830} INFO - Processing file /opt/airflow/dags/minio_to_snowflake_dag.py for tasks to queue
[2026-05-10T06:50:54.989+0000] {logging_mixin.py:188} INFO - [2026-05-10T06:50:54.981+0000] {dagbag.py:545} INFO - Filling up the DagBag from /opt/airflow/dags/minio_to_snowflake_dag.py
[2026-05-10T06:51:05.835+0000] {processor.py:840} INFO - DAG(s) 'minio_to_snowflake_banking' retrieved from /opt/airflow/dags/minio_to_snowflake_dag.py
[2026-05-10T06:51:05.923+0000] {logging_mixin.py:188} INFO - [2026-05-10T06:51:05.921+0000] {dag.py:3089} INFO - Sync 1 DAGs
[2026-05-10T06:51:05.986+0000] {logging_mixin.py:188} INFO - [2026-05-10T06:51:05.985+0000] {dag.py:3947} INFO - Setting next_dagrun for minio_to_snowflake_banking to 2026-05-10 06:50:00+00:00, run_after=2026-05-10 06:51:00+00:00
[2026-05-10T06:51:06.047+0000] {processor.py:183} INFO - Processing /opt/airflow/dags/minio_to_snowflake_dag.py took 11.227 seconds
[2026-05-10T06:51:37.122+0000] {processor.py:161} INFO - Started process (PID=104) to work on /opt/airflow/dags/minio_to_snowflake_dag.py
[2026-05-10T06:51:37.136+0000] {processor.py:830} INFO - Processing file /opt/airflow/dags/minio_to_snowflake_dag.py for tasks to queue
[2026-05-10T06:51:37.236+0000] {logging_mixin.py:188} INFO - [2026-05-10T06:51:37.223+0000] {dagbag.py:545} INFO - Filling up the DagBag from /opt/airflow/dags/minio_to_snowflake_dag.py
[2026-05-10T06:51:47.767+0000] {processor.py:840} INFO - DAG(s) 'minio_to_snowflake_banking' retrieved from /opt/airflow/dags/minio_to_snowflake_dag.py
[2026-05-10T06:51:47.828+0000] {logging_mixin.py:188} INFO - [2026-05-10T06:51:47.828+0000] {dag.py:3089} INFO - Sync 1 DAGs
[2026-05-10T06:51:47.869+0000] {logging_mixin.py:188} INFO - [2026-05-10T06:51:47.868+0000] {dag.py:3947} INFO - Setting next_dagrun for minio_to_snowflake_banking to 2026-05-10 06:51:00+00:00, run_after=2026-05-10 06:52:00+00:00
[2026-05-10T06:51:47.905+0000] {processor.py:183} INFO - Processing /opt/airflow/dags/minio_to_snowflake_dag.py took 11.217 seconds
[2026-05-10T06:52:18.678+0000] {processor.py:161} INFO - Started process (PID=175) to work on /opt/airflow/dags/minio_to_snowflake_dag.py
[2026-05-10T06:52:18.685+0000] {processor.py:830} INFO - Processing file /opt/airflow/dags/minio_to_snowflake_dag.py for tasks to queue
[2026-05-10T06:52:18.737+0000] {logging_mixin.py:188} INFO - [2026-05-10T06:52:18.729+0000] {dagbag.py:545} INFO - Filling up the DagBag from /opt/airflow/dags/minio_to_snowflake_dag.py
[2026-05-10T06:52:24.420+0000] {processor.py:840} INFO - DAG(s) 'minio_to_snowflake_banking' retrieved from /opt/airflow/dags/minio_to_snowflake_dag.py
[2026-05-10T06:52:24.507+0000] {logging_mixin.py:188} INFO - [2026-05-10T06:52:24.506+0000] {dag.py:3089} INFO - Sync 1 DAGs
[2026-05-10T06:52:24.565+0000] {logging_mixin.py:188} INFO - [2026-05-10T06:52:24.565+0000] {dag.py:3947} INFO - Setting next_dagrun for minio_to_snowflake_banking to 2026-05-10 06:52:00+00:00, run_after=2026-05-10 06:53:00+00:00
[2026-05-10T06:52:24.608+0000] {processor.py:183} INFO - Processing /opt/airflow/dags/minio_to_snowflake_dag.py took 6.060 seconds
[2026-05-10T06:52:54.996+0000] {processor.py:161} INFO - Started process (PID=220) to work on /opt/airflow/dags/minio_to_snowflake_dag.py
[2026-05-10T06:52:55.000+0000] {processor.py:830} INFO - Processing file /opt/airflow/dags/minio_to_snowflake_dag.py for tasks to queue
[2026-05-10T06:52:55.025+0000] {logging_mixin.py:188} INFO - [2026-05-10T06:52:55.022+0000] {dagbag.py:545} INFO - Filling up the DagBag from /opt/airflow/dags/minio_to_snowflake_dag.py
[2026-05-10T06:53:03.747+0000] {processor.py:840} INFO - DAG(s) 'minio_to_snowflake_banking' retrieved from /opt/airflow/dags/minio_to_snowflake_dag.py
[2026-05-10T06:53:03.893+0000] {logging_mixin.py:188} INFO - [2026-05-10T06:53:03.892+0000] {dag.py:3089} INFO - Sync 1 DAGs
[2026-05-10T06:53:03.983+0000] {logging_mixin.py:188} INFO - [2026-05-10T06:53:03.983+0000] {dag.py:3947} INFO - Setting next_dagrun for minio_to_snowflake_banking to 2026-05-10 06:53:00+00:00, run_after=2026-05-10 06:54:00+00:00
[2026-05-10T06:53:04.058+0000] {processor.py:183} INFO - Processing /opt/airflow/dags/minio_to_snowflake_dag.py took 9.129 seconds
[2026-05-10T06:53:34.322+0000] {processor.py:161} INFO - Started process (PID=283) to work on /opt/airflow/dags/minio_to_snowflake_dag.py
[2026-05-10T06:53:34.325+0000] {processor.py:830} INFO - Processing file /opt/airflow/dags/minio_to_snowflake_dag.py for tasks to queue
[2026-05-10T06:53:34.335+0000] {logging_mixin.py:188} INFO - [2026-05-10T06:53:34.333+0000] {dagbag.py:545} INFO - Filling up the DagBag from /opt/airflow/dags/minio_to_snowflake_dag.py
[2026-05-10T06:53:36.411+0000] {processor.py:840} INFO - DAG(s) 'minio_to_snowflake_banking' retrieved from /opt/airflow/dags/minio_to_snowflake_dag.py
[2026-05-10T06:53:36.553+0000] {logging_mixin.py:188} INFO - [2026-05-10T06:53:36.551+0000] {dag.py:3089} INFO - Sync 1 DAGs
[2026-05-10T06:53:36.612+0000] {logging_mixin.py:188} INFO - [2026-05-10T06:53:36.611+0000] {dag.py:3947} INFO - Setting next_dagrun for minio_to_snowflake_banking to 2026-05-10 06:53:00+00:00, run_after=2026-05-10 06:54:00+00:00
[2026-05-10T06:53:36.683+0000] {processor.py:183} INFO - Processing /opt/airflow/dags/minio_to_snowflake_dag.py took 2.389 seconds
[2026-05-10T06:54:07.057+0000] {processor.py:161} INFO - Started process (PID=288) to work on /opt/airflow/dags/minio_to_snowflake_dag.py
[2026-05-10T06:54:07.060+0000] {processor.py:830} INFO - Processing file /opt/airflow/dags/minio_to_snowflake_dag.py for tasks to queue
[2026-05-10T06:54:07.064+0000] {logging_mixin.py:188} INFO - [2026-05-10T06:54:07.063+0000] {dagbag.py:545} INFO - Filling up the DagBag from /opt/airflow/dags/minio_to_snowflake_dag.py
[2026-05-10T06:54:09.140+0000] {processor.py:840} INFO - DAG(s) 'minio_to_snowflake_banking' retrieved from /opt/airflow/dags/minio_to_snowflake_dag.py
[2026-05-10T06:54:09.270+0000] {logging_mixin.py:188} INFO - [2026-05-10T06:54:09.269+0000] {dag.py:3089} INFO - Sync 1 DAGs
[2026-05-10T06:54:09.372+0000] {logging_mixin.py:188} INFO - [2026-05-10T06:54:09.372+0000] {dag.py:3947} INFO - Setting next_dagrun for minio_to_snowflake_banking to 2026-05-10 06:54:00+00:00, run_after=2026-05-10 06:55:00+00:00
[2026-05-10T06:54:09.508+0000] {processor.py:183} INFO - Processing /opt/airflow/dags/minio_to_snowflake_dag.py took 2.464 seconds
[2026-05-10T06:54:40.131+0000] {processor.py:161} INFO - Started process (PID=351) to work on /opt/airflow/dags/minio_to_snowflake_dag.py
[2026-05-10T06:54:40.134+0000] {processor.py:830} INFO - Processing file /opt/airflow/dags/minio_to_snowflake_dag.py for tasks to queue
[2026-05-10T06:54:40.140+0000] {logging_mixin.py:188} INFO - [2026-05-10T06:54:40.139+0000] {dagbag.py:545} INFO - Filling up the DagBag from /opt/airflow/dags/minio_to_snowflake_dag.py
[2026-05-10T06:54:42.387+0000] {processor.py:840} INFO - DAG(s) 'minio_to_snowflake_banking' retrieved from /opt/airflow/dags/minio_to_snowflake_dag.py
[2026-05-10T06:54:42.452+0000] {logging_mixin.py:188} INFO - [2026-05-10T06:54:42.451+0000] {dag.py:3089} INFO - Sync 1 DAGs
[2026-05-10T06:54:42.497+0000] {logging_mixin.py:188} INFO - [2026-05-10T06:54:42.496+0000] {dag.py:3947} INFO - Setting next_dagrun for minio_to_snowflake_banking to 2026-05-10 06:54:00+00:00, run_after=2026-05-10 06:55:00+00:00
[2026-05-10T06:54:42.535+0000] {processor.py:183} INFO - Processing /opt/airflow/dags/minio_to_snowflake_dag.py took 2.421 seconds
[2026-05-10T06:55:12.953+0000] {processor.py:161} INFO - Started process (PID=388) to work on /opt/airflow/dags/minio_to_snowflake_dag.py
[2026-05-10T06:55:12.955+0000] {processor.py:830} INFO - Processing file /opt/airflow/dags/minio_to_snowflake_dag.py for tasks to queue
[2026-05-10T06:55:12.964+0000] {logging_mixin.py:188} INFO - [2026-05-10T06:55:12.960+0000] {dagbag.py:545} INFO - Filling up the DagBag from /opt/airflow/dags/minio_to_snowflake_dag.py
[2026-05-10T06:55:14.709+0000] {processor.py:840} INFO - DAG(s) 'minio_to_snowflake_banking' retrieved from /opt/airflow/dags/minio_to_snowflake_dag.py
[2026-05-10T06:55:14.760+0000] {logging_mixin.py:188} INFO - [2026-05-10T06:55:14.760+0000] {dag.py:3089} INFO - Sync 1 DAGs
[2026-05-10T06:55:14.791+0000] {logging_mixin.py:188} INFO - [2026-05-10T06:55:14.791+0000] {dag.py:3947} INFO - Setting next_dagrun for minio_to_snowflake_banking to 2026-05-10 06:55:00+00:00, run_after=2026-05-10 06:56:00+00:00
[2026-05-10T06:55:14.821+0000] {processor.py:183} INFO - Processing /opt/airflow/dags/minio_to_snowflake_dag.py took 1.882 seconds
[2026-05-10T06:55:45.185+0000] {processor.py:161} INFO - Started process (PID=419) to work on /opt/airflow/dags/minio_to_snowflake_dag.py
[2026-05-10T06:55:45.188+0000] {processor.py:830} INFO - Processing file /opt/airflow/dags/minio_to_snowflake_dag.py for tasks to queue
[2026-05-10T06:55:45.192+0000] {logging_mixin.py:188} INFO - [2026-05-10T06:55:45.192+0000] {dagbag.py:545} INFO - Filling up the DagBag from /opt/airflow/dags/minio_to_snowflake_dag.py
[2026-05-10T06:55:47.260+0000] {processor.py:840} INFO - DAG(s) 'minio_to_snowflake_banking' retrieved from /opt/airflow/dags/minio_to_snowflake_dag.py
[2026-05-10T06:55:47.319+0000] {logging_mixin.py:188} INFO - [2026-05-10T06:55:47.319+0000] {dag.py:3089} INFO - Sync 1 DAGs
[2026-05-10T06:55:47.375+0000] {logging_mixin.py:188} INFO - [2026-05-10T06:55:47.375+0000] {dag.py:3947} INFO - Setting next_dagrun for minio_to_snowflake_banking to 2026-05-10 06:55:00+00:00, run_after=2026-05-10 06:56:00+00:00
[2026-05-10T06:55:47.405+0000] {processor.py:183} INFO - Processing /opt/airflow/dags/minio_to_snowflake_dag.py took 2.234 seconds
[2026-05-10T06:56:17.741+0000] {processor.py:161} INFO - Started process (PID=456) to work on /opt/airflow/dags/minio_to_snowflake_dag.py
[2026-05-10T06:56:17.744+0000] {processor.py:830} INFO - Processing file /opt/airflow/dags/minio_to_snowflake_dag.py for tasks to queue
[2026-05-10T06:56:17.749+0000] {logging_mixin.py:188} INFO - [2026-05-10T06:56:17.748+0000] {dagbag.py:545} INFO - Filling up the DagBag from /opt/airflow/dags/minio_to_snowflake_dag.py
[2026-05-10T06:56:20.643+0000] {processor.py:840} INFO - DAG(s) 'minio_to_snowflake_banking' retrieved from /opt/airflow/dags/minio_to_snowflake_dag.py
[2026-05-10T06:56:20.765+0000] {logging_mixin.py:188} INFO - [2026-05-10T06:56:20.764+0000] {dag.py:3089} INFO - Sync 1 DAGs
[2026-05-10T06:56:20.821+0000] {logging_mixin.py:188} INFO - [2026-05-10T06:56:20.820+0000] {dag.py:3947} INFO - Setting next_dagrun for minio_to_snowflake_banking to 2026-05-10 06:56:00+00:00, run_after=2026-05-10 06:57:00+00:00
[2026-05-10T06:56:20.884+0000] {processor.py:183} INFO - Processing /opt/airflow/dags/minio_to_snowflake_dag.py took 3.159 seconds
[2026-05-10T06:56:51.099+0000] {processor.py:161} INFO - Started process (PID=487) to work on /opt/airflow/dags/minio_to_snowflake_dag.py
[2026-05-10T06:56:51.101+0000] {processor.py:830} INFO - Processing file /opt/airflow/dags/minio_to_snowflake_dag.py for tasks to queue
[2026-05-10T06:56:51.107+0000] {logging_mixin.py:188} INFO - [2026-05-10T06:56:51.105+0000] {dagbag.py:545} INFO - Filling up the DagBag from /opt/airflow/dags/minio_to_snowflake_dag.py
[2026-05-10T06:56:53.228+0000] {processor.py:840} INFO - DAG(s) 'minio_to_snowflake_banking' retrieved from /opt/airflow/dags/minio_to_snowflake_dag.py
[2026-05-10T06:56:53.294+0000] {logging_mixin.py:188} INFO - [2026-05-10T06:56:53.293+0000] {dag.py:3089} INFO - Sync 1 DAGs
[2026-05-10T06:56:53.332+0000] {logging_mixin.py:188} INFO - [2026-05-10T06:56:53.332+0000] {dag.py:3947} INFO - Setting next_dagrun for minio_to_snowflake_banking to 2026-05-10 06:56:00+00:00, run_after=2026-05-10 06:57:00+00:00
[2026-05-10T06:56:53.375+0000] {processor.py:183} INFO - Processing /opt/airflow/dags/minio_to_snowflake_dag.py took 2.305 seconds
[2026-05-10T06:57:23.591+0000] {processor.py:161} INFO - Started process (PID=535) to work on /opt/airflow/dags/minio_to_snowflake_dag.py
[2026-05-10T06:57:23.595+0000] {processor.py:830} INFO - Processing file /opt/airflow/dags/minio_to_snowflake_dag.py for tasks to queue
[2026-05-10T06:57:23.607+0000] {logging_mixin.py:188} INFO - [2026-05-10T06:57:23.605+0000] {dagbag.py:545} INFO - Filling up the DagBag from /opt/airflow/dags/minio_to_snowflake_dag.py
[2026-05-10T06:57:28.761+0000] {processor.py:840} INFO - DAG(s) 'minio_to_snowflake_banking' retrieved from /opt/airflow/dags/minio_to_snowflake_dag.py
[2026-05-10T06:57:28.834+0000] {logging_mixin.py:188} INFO - [2026-05-10T06:57:28.833+0000] {dag.py:3089} INFO - Sync 1 DAGs
[2026-05-10T06:57:28.890+0000] {logging_mixin.py:188} INFO - [2026-05-10T06:57:28.889+0000] {dag.py:3947} INFO - Setting next_dagrun for minio_to_snowflake_banking to 2026-05-10 06:57:00+00:00, run_after=2026-05-10 06:58:00+00:00
[2026-05-10T06:57:28.932+0000] {processor.py:183} INFO - Processing /opt/airflow/dags/minio_to_snowflake_dag.py took 5.370 seconds
[2026-05-10T06:57:59.331+0000] {processor.py:161} INFO - Started process (PID=555) to work on /opt/airflow/dags/minio_to_snowflake_dag.py
[2026-05-10T06:57:59.335+0000] {processor.py:830} INFO - Processing file /opt/airflow/dags/minio_to_snowflake_dag.py for tasks to queue
[2026-05-10T06:57:59.361+0000] {logging_mixin.py:188} INFO - [2026-05-10T06:57:59.357+0000] {dagbag.py:545} INFO - Filling up the DagBag from /opt/airflow/dags/minio_to_snowflake_dag.py
[2026-05-10T06:58:02.878+0000] {processor.py:840} INFO - DAG(s) 'minio_to_snowflake_banking' retrieved from /opt/airflow/dags/minio_to_snowflake_dag.py
[2026-05-10T06:58:02.976+0000] {logging_mixin.py:188} INFO - [2026-05-10T06:58:02.974+0000] {dag.py:3089} INFO - Sync 1 DAGs
[2026-05-10T06:58:03.034+0000] {logging_mixin.py:188} INFO - [2026-05-10T06:58:03.033+0000] {dag.py:3947} INFO - Setting next_dagrun for minio_to_snowflake_banking to 2026-05-10 06:58:00+00:00, run_after=2026-05-10 06:59:00+00:00
[2026-05-10T06:58:03.071+0000] {processor.py:183} INFO - Processing /opt/airflow/dags/minio_to_snowflake_dag.py took 3.799 seconds
[2026-05-10T06:58:33.401+0000] {processor.py:161} INFO - Started process (PID=619) to work on /opt/airflow/dags/minio_to_snowflake_dag.py
[2026-05-10T06:58:33.404+0000] {processor.py:830} INFO - Processing file /opt/airflow/dags/minio_to_snowflake_dag.py for tasks to queue
[2026-05-10T06:58:33.409+0000] {logging_mixin.py:188} INFO - [2026-05-10T06:58:33.408+0000] {dagbag.py:545} INFO - Filling up the DagBag from /opt/airflow/dags/minio_to_snowflake_dag.py
[2026-05-10T06:58:35.425+0000] {processor.py:840} INFO - DAG(s) 'minio_to_snowflake_banking' retrieved from /opt/airflow/dags/minio_to_snowflake_dag.py
[2026-05-10T06:58:35.499+0000] {logging_mixin.py:188} INFO - [2026-05-10T06:58:35.498+0000] {dag.py:3089} INFO - Sync 1 DAGs
[2026-05-10T06:58:35.540+0000] {logging_mixin.py:188} INFO - [2026-05-10T06:58:35.539+0000] {dag.py:3947} INFO - Setting next_dagrun for minio_to_snowflake_banking to 2026-05-10 06:58:00+00:00, run_after=2026-05-10 06:59:00+00:00
[2026-05-10T06:58:35.577+0000] {processor.py:183} INFO - Processing /opt/airflow/dags/minio_to_snowflake_dag.py took 2.190 seconds
[2026-05-10T06:59:05.692+0000] {processor.py:161} INFO - Started process (PID=624) to work on /opt/airflow/dags/minio_to_snowflake_dag.py
[2026-05-10T06:59:05.694+0000] {processor.py:830} INFO - Processing file /opt/airflow/dags/minio_to_snowflake_dag.py for tasks to queue
[2026-05-10T06:59:05.699+0000] {logging_mixin.py:188} INFO - [2026-05-10T06:59:05.698+0000] {dagbag.py:545} INFO - Filling up the DagBag from /opt/airflow/dags/minio_to_snowflake_dag.py
[2026-05-10T06:59:07.054+0000] {processor.py:840} INFO - DAG(s) 'minio_to_snowflake_banking' retrieved from /opt/airflow/dags/minio_to_snowflake_dag.py
[2026-05-10T06:59:07.121+0000] {logging_mixin.py:188} INFO - [2026-05-10T06:59:07.120+0000] {dag.py:3089} INFO - Sync 1 DAGs
[2026-05-10T06:59:07.155+0000] {logging_mixin.py:188} INFO - [2026-05-10T06:59:07.155+0000] {dag.py:3947} INFO - Setting next_dagrun for minio_to_snowflake_banking to 2026-05-10 06:59:00+00:00, run_after=2026-05-10 07:00:00+00:00
[2026-05-10T06:59:07.186+0000] {processor.py:183} INFO - Processing /opt/airflow/dags/minio_to_snowflake_dag.py took 1.507 seconds
[2026-05-10T06:59:37.478+0000] {processor.py:161} INFO - Started process (PID=687) to work on /opt/airflow/dags/minio_to_snowflake_dag.py
[2026-05-10T06:59:37.481+0000] {processor.py:830} INFO - Processing file /opt/airflow/dags/minio_to_snowflake_dag.py for tasks to queue
[2026-05-10T06:59:37.485+0000] {logging_mixin.py:188} INFO - [2026-05-10T06:59:37.484+0000] {dagbag.py:545} INFO - Filling up the DagBag from /opt/airflow/dags/minio_to_snowflake_dag.py
[2026-05-10T06:59:39.642+0000] {processor.py:840} INFO - DAG(s) 'minio_to_snowflake_banking' retrieved from /opt/airflow/dags/minio_to_snowflake_dag.py
[2026-05-10T06:59:39.700+0000] {logging_mixin.py:188} INFO - [2026-05-10T06:59:39.699+0000] {dag.py:3089} INFO - Sync 1 DAGs
[2026-05-10T06:59:39.739+0000] {logging_mixin.py:188} INFO - [2026-05-10T06:59:39.738+0000] {dag.py:3947} INFO - Setting next_dagrun for minio_to_snowflake_banking to 2026-05-10 06:59:00+00:00, run_after=2026-05-10 07:00:00+00:00
[2026-05-10T06:59:39.777+0000] {processor.py:183} INFO - Processing /opt/airflow/dags/minio_to_snowflake_dag.py took 2.312 seconds
[2026-05-10T07:00:10.139+0000] {processor.py:161} INFO - Started process (PID=723) to work on /opt/airflow/dags/minio_to_snowflake_dag.py
[2026-05-10T07:00:10.142+0000] {processor.py:830} INFO - Processing file /opt/airflow/dags/minio_to_snowflake_dag.py for tasks to queue
[2026-05-10T07:00:10.146+0000] {logging_mixin.py:188} INFO - [2026-05-10T07:00:10.146+0000] {dagbag.py:545} INFO - Filling up the DagBag from /opt/airflow/dags/minio_to_snowflake_dag.py
[2026-05-10T07:00:11.645+0000] {processor.py:840} INFO - DAG(s) 'minio_to_snowflake_banking' retrieved from /opt/airflow/dags/minio_to_snowflake_dag.py
[2026-05-10T07:00:11.697+0000] {logging_mixin.py:188} INFO - [2026-05-10T07:00:11.697+0000] {dag.py:3089} INFO - Sync 1 DAGs
[2026-05-10T07:00:11.736+0000] {logging_mixin.py:188} INFO - [2026-05-10T07:00:11.736+0000] {dag.py:3947} INFO - Setting next_dagrun for minio_to_snowflake_banking to 2026-05-10 07:00:00+00:00, run_after=2026-05-10 07:01:00+00:00
[2026-05-10T07:00:11.774+0000] {processor.py:183} INFO - Processing /opt/airflow/dags/minio_to_snowflake_dag.py took 1.648 seconds
[2026-05-10T07:00:41.973+0000] {processor.py:161} INFO - Started process (PID=755) to work on /opt/airflow/dags/minio_to_snowflake_dag.py
[2026-05-10T07:00:41.975+0000] {processor.py:830} INFO - Processing file /opt/airflow/dags/minio_to_snowflake_dag.py for tasks to queue
[2026-05-10T07:00:41.980+0000] {logging_mixin.py:188} INFO - [2026-05-10T07:00:41.979+0000] {dagbag.py:545} INFO - Filling up the DagBag from /opt/airflow/dags/minio_to_snowflake_dag.py
[2026-05-10T07:00:43.476+0000] {processor.py:840} INFO - DAG(s) 'minio_to_snowflake_banking' retrieved from /opt/airflow/dags/minio_to_snowflake_dag.py
[2026-05-10T07:00:43.531+0000] {logging_mixin.py:188} INFO - [2026-05-10T07:00:43.530+0000] {dag.py:3089} INFO - Sync 1 DAGs
[2026-05-10T07:00:43.561+0000] {logging_mixin.py:188} INFO - [2026-05-10T07:00:43.560+0000] {dag.py:3947} INFO - Setting next_dagrun for minio_to_snowflake_banking to 2026-05-10 07:00:00+00:00, run_after=2026-05-10 07:01:00+00:00
[2026-05-10T07:00:43.594+0000] {processor.py:183} INFO - Processing /opt/airflow/dags/minio_to_snowflake_dag.py took 1.633 seconds
[2026-05-10T07:01:13.912+0000] {processor.py:161} INFO - Started process (PID=792) to work on /opt/airflow/dags/minio_to_snowflake_dag.py
[2026-05-10T07:01:13.915+0000] {processor.py:830} INFO - Processing file /opt/airflow/dags/minio_to_snowflake_dag.py for tasks to queue
[2026-05-10T07:01:13.919+0000] {logging_mixin.py:188} INFO - [2026-05-10T07:01:13.918+0000] {dagbag.py:545} INFO - Filling up the DagBag from /opt/airflow/dags/minio_to_snowflake_dag.py
[2026-05-10T07:01:15.437+0000] {processor.py:840} INFO - DAG(s) 'minio_to_snowflake_banking' retrieved from /opt/airflow/dags/minio_to_snowflake_dag.py
[2026-05-10T07:01:15.520+0000] {logging_mixin.py:188} INFO - [2026-05-10T07:01:15.519+0000] {dag.py:3089} INFO - Sync 1 DAGs
[2026-05-10T07:01:15.554+0000] {logging_mixin.py:188} INFO - [2026-05-10T07:01:15.554+0000] {dag.py:3947} INFO - Setting next_dagrun for minio_to_snowflake_banking to 2026-05-10 07:01:00+00:00, run_after=2026-05-10 07:02:00+00:00
[2026-05-10T07:01:15.588+0000] {processor.py:183} INFO - Processing /opt/airflow/dags/minio_to_snowflake_dag.py took 1.687 seconds
[2026-05-10T07:01:45.882+0000] {processor.py:161} INFO - Started process (PID=823) to work on /opt/airflow/dags/minio_to_snowflake_dag.py
[2026-05-10T07:01:45.885+0000] {processor.py:830} INFO - Processing file /opt/airflow/dags/minio_to_snowflake_dag.py for tasks to queue
[2026-05-10T07:01:45.891+0000] {logging_mixin.py:188} INFO - [2026-05-10T07:01:45.890+0000] {dagbag.py:545} INFO - Filling up the DagBag from /opt/airflow/dags/minio_to_snowflake_dag.py
[2026-05-10T07:01:47.710+0000] {processor.py:840} INFO - DAG(s) 'minio_to_snowflake_banking' retrieved from /opt/airflow/dags/minio_to_snowflake_dag.py
[2026-05-10T07:01:47.764+0000] {logging_mixin.py:188} INFO - [2026-05-10T07:01:47.764+0000] {dag.py:3089} INFO - Sync 1 DAGs
[2026-05-10T07:01:47.797+0000] {logging_mixin.py:188} INFO - [2026-05-10T07:01:47.797+0000] {dag.py:3947} INFO - Setting next_dagrun for minio_to_snowflake_banking to 2026-05-10 07:01:00+00:00, run_after=2026-05-10 07:02:00+00:00
[2026-05-10T07:01:47.826+0000] {processor.py:183} INFO - Processing /opt/airflow/dags/minio_to_snowflake_dag.py took 1.958 seconds
[2026-05-10T07:02:18.144+0000] {processor.py:161} INFO - Started process (PID=870) to work on /opt/airflow/dags/minio_to_snowflake_dag.py
[2026-05-10T07:02:18.146+0000] {processor.py:830} INFO - Processing file /opt/airflow/dags/minio_to_snowflake_dag.py for tasks to queue
[2026-05-10T07:02:18.150+0000] {logging_mixin.py:188} INFO - [2026-05-10T07:02:18.150+0000] {dagbag.py:545} INFO - Filling up the DagBag from /opt/airflow/dags/minio_to_snowflake_dag.py
[2026-05-10T07:02:19.988+0000] {processor.py:840} INFO - DAG(s) 'minio_to_snowflake_banking' retrieved from /opt/airflow/dags/minio_to_snowflake_dag.py
[2026-05-10T07:02:20.154+0000] {logging_mixin.py:188} INFO - [2026-05-10T07:02:20.149+0000] {dag.py:3089} INFO - Sync 1 DAGs
[2026-05-10T07:02:20.198+0000] {logging_mixin.py:188} INFO - [2026-05-10T07:02:20.197+0000] {dag.py:3947} INFO - Setting next_dagrun for minio_to_snowflake_banking to 2026-05-10 07:02:00+00:00, run_after=2026-05-10 07:03:00+00:00
[2026-05-10T07:02:20.234+0000] {processor.py:183} INFO - Processing /opt/airflow/dags/minio_to_snowflake_dag.py took 2.100 seconds
[2026-05-10T07:02:50.446+0000] {processor.py:161} INFO - Started process (PID=890) to work on /opt/airflow/dags/minio_to_snowflake_dag.py
[2026-05-10T07:02:50.449+0000] {processor.py:830} INFO - Processing file /opt/airflow/dags/minio_to_snowflake_dag.py for tasks to queue
[2026-05-10T07:02:50.455+0000] {logging_mixin.py:188} INFO - [2026-05-10T07:02:50.454+0000] {dagbag.py:545} INFO - Filling up the DagBag from /opt/airflow/dags/minio_to_snowflake_dag.py
[2026-05-10T07:02:53.312+0000] {processor.py:840} INFO - DAG(s) 'minio_to_snowflake_banking' retrieved from /opt/airflow/dags/minio_to_snowflake_dag.py
[2026-05-10T07:02:53.377+0000] {logging_mixin.py:188} INFO - [2026-05-10T07:02:53.375+0000] {dag.py:3089} INFO - Sync 1 DAGs
[2026-05-10T07:02:53.419+0000] {logging_mixin.py:188} INFO - [2026-05-10T07:02:53.418+0000] {dag.py:3947} INFO - Setting next_dagrun for minio_to_snowflake_banking to 2026-05-10 07:02:00+00:00, run_after=2026-05-10 07:03:00+00:00
[2026-05-10T07:02:53.462+0000] {processor.py:183} INFO - Processing /opt/airflow/dags/minio_to_snowflake_dag.py took 3.033 seconds
[2026-05-10T07:03:23.782+0000] {processor.py:161} INFO - Started process (PID=940) to work on /opt/airflow/dags/minio_to_snowflake_dag.py
[2026-05-10T07:03:23.785+0000] {processor.py:830} INFO - Processing file /opt/airflow/dags/minio_to_snowflake_dag.py for tasks to queue
[2026-05-10T07:03:23.790+0000] {logging_mixin.py:188} INFO - [2026-05-10T07:03:23.788+0000] {dagbag.py:545} INFO - Filling up the DagBag from /opt/airflow/dags/minio_to_snowflake_dag.py
[2026-05-10T07:03:26.037+0000] {processor.py:840} INFO - DAG(s) 'minio_to_snowflake_banking' retrieved from /opt/airflow/dags/minio_to_snowflake_dag.py
[2026-05-10T07:03:26.290+0000] {logging_mixin.py:188} INFO - [2026-05-10T07:03:26.284+0000] {dag.py:3089} INFO - Sync 1 DAGs
[2026-05-10T07:03:26.347+0000] {logging_mixin.py:188} INFO - [2026-05-10T07:03:26.346+0000] {dag.py:3947} INFO - Setting next_dagrun for minio_to_snowflake_banking to 2026-05-10 07:03:00+00:00, run_after=2026-05-10 07:04:00+00:00
[2026-05-10T07:03:26.396+0000] {processor.py:183} INFO - Processing /opt/airflow/dags/minio_to_snowflake_dag.py took 2.631 seconds
[2026-05-10T07:03:56.794+0000] {processor.py:161} INFO - Started process (PID=957) to work on /opt/airflow/dags/minio_to_snowflake_dag.py
[2026-05-10T07:03:56.798+0000] {processor.py:830} INFO - Processing file /opt/airflow/dags/minio_to_snowflake_dag.py for tasks to queue
[2026-05-10T07:03:56.804+0000] {logging_mixin.py:188} INFO - [2026-05-10T07:03:56.803+0000] {dagbag.py:545} INFO - Filling up the DagBag from /opt/airflow/dags/minio_to_snowflake_dag.py
[2026-05-10T07:03:59.132+0000] {processor.py:840} INFO - DAG(s) 'minio_to_snowflake_banking' retrieved from /opt/airflow/dags/minio_to_snowflake_dag.py
[2026-05-10T07:03:59.195+0000] {logging_mixin.py:188} INFO - [2026-05-10T07:03:59.194+0000] {dag.py:3089} INFO - Sync 1 DAGs
[2026-05-10T07:03:59.238+0000] {logging_mixin.py:188} INFO - [2026-05-10T07:03:59.238+0000] {dag.py:3947} INFO - Setting next_dagrun for minio_to_snowflake_banking to 2026-05-10 07:03:00+00:00, run_after=2026-05-10 07:04:00+00:00
[2026-05-10T07:03:59.273+0000] {processor.py:183} INFO - Processing /opt/airflow/dags/minio_to_snowflake_dag.py took 2.507 seconds
[2026-05-10T07:04:29.606+0000] {processor.py:161} INFO - Started process (PID=1002) to work on /opt/airflow/dags/minio_to_snowflake_dag.py
[2026-05-10T07:04:29.609+0000] {processor.py:830} INFO - Processing file /opt/airflow/dags/minio_to_snowflake_dag.py for tasks to queue
[2026-05-10T07:04:29.618+0000] {logging_mixin.py:188} INFO - [2026-05-10T07:04:29.617+0000] {dagbag.py:545} INFO - Filling up the DagBag from /opt/airflow/dags/minio_to_snowflake_dag.py
[2026-05-10T07:04:32.316+0000] {processor.py:840} INFO - DAG(s) 'minio_to_snowflake_banking' retrieved from /opt/airflow/dags/minio_to_snowflake_dag.py
[2026-05-10T07:04:32.397+0000] {logging_mixin.py:188} INFO - [2026-05-10T07:04:32.397+0000] {dag.py:3089} INFO - Sync 1 DAGs
[2026-05-10T07:04:32.440+0000] {logging_mixin.py:188} INFO - [2026-05-10T07:04:32.440+0000] {dag.py:3947} INFO - Setting next_dagrun for minio_to_snowflake_banking to 2026-05-10 07:04:00+00:00, run_after=2026-05-10 07:05:00+00:00
[2026-05-10T07:04:32.482+0000] {processor.py:183} INFO - Processing /opt/airflow/dags/minio_to_snowflake_dag.py took 2.903 seconds
[2026-05-10T07:05:03.018+0000] {processor.py:161} INFO - Started process (PID=1026) to work on /opt/airflow/dags/minio_to_snowflake_dag.py
[2026-05-10T07:05:03.021+0000] {processor.py:830} INFO - Processing file /opt/airflow/dags/minio_to_snowflake_dag.py for tasks to queue
[2026-05-10T07:05:03.036+0000] {logging_mixin.py:188} INFO - [2026-05-10T07:05:03.034+0000] {dagbag.py:545} INFO - Filling up the DagBag from /opt/airflow/dags/minio_to_snowflake_dag.py
[2026-05-10T07:05:06.369+0000] {processor.py:840} INFO - DAG(s) 'minio_to_snowflake_banking' retrieved from /opt/airflow/dags/minio_to_snowflake_dag.py
[2026-05-10T07:05:06.468+0000] {logging_mixin.py:188} INFO - [2026-05-10T07:05:06.467+0000] {dag.py:3089} INFO - Sync 1 DAGs
[2026-05-10T07:05:06.512+0000] {logging_mixin.py:188} INFO - [2026-05-10T07:05:06.512+0000] {dag.py:3947} INFO - Setting next_dagrun for minio_to_snowflake_banking to 2026-05-10 07:05:00+00:00, run_after=2026-05-10 07:06:00+00:00
[2026-05-10T07:05:06.547+0000] {processor.py:183} INFO - Processing /opt/airflow/dags/minio_to_snowflake_dag.py took 3.559 seconds
[2026-05-10T07:05:36.892+0000] {processor.py:161} INFO - Started process (PID=1089) to work on /opt/airflow/dags/minio_to_snowflake_dag.py
[2026-05-10T07:05:36.894+0000] {processor.py:830} INFO - Processing file /opt/airflow/dags/minio_to_snowflake_dag.py for tasks to queue
[2026-05-10T07:05:36.900+0000] {logging_mixin.py:188} INFO - [2026-05-10T07:05:36.899+0000] {dagbag.py:545} INFO - Filling up the DagBag from /opt/airflow/dags/minio_to_snowflake_dag.py
[2026-05-10T07:05:38.933+0000] {processor.py:840} INFO - DAG(s) 'minio_to_snowflake_banking' retrieved from /opt/airflow/dags/minio_to_snowflake_dag.py
[2026-05-10T07:05:38.996+0000] {logging_mixin.py:188} INFO - [2026-05-10T07:05:38.995+0000] {dag.py:3089} INFO - Sync 1 DAGs
[2026-05-10T07:05:39.037+0000] {logging_mixin.py:188} INFO - [2026-05-10T07:05:39.037+0000] {dag.py:3947} INFO - Setting next_dagrun for minio_to_snowflake_banking to 2026-05-10 07:05:00+00:00, run_after=2026-05-10 07:06:00+00:00
[2026-05-10T07:05:39.077+0000] {processor.py:183} INFO - Processing /opt/airflow/dags/minio_to_snowflake_dag.py took 2.196 seconds
[2026-05-10T07:06:09.422+0000] {processor.py:161} INFO - Started process (PID=1104) to work on /opt/airflow/dags/minio_to_snowflake_dag.py
[2026-05-10T07:06:09.425+0000] {processor.py:830} INFO - Processing file /opt/airflow/dags/minio_to_snowflake_dag.py for tasks to queue
[2026-05-10T07:06:09.433+0000] {logging_mixin.py:188} INFO - [2026-05-10T07:06:09.431+0000] {dagbag.py:545} INFO - Filling up the DagBag from /opt/airflow/dags/minio_to_snowflake_dag.py
[2026-05-10T07:06:11.720+0000] {processor.py:840} INFO - DAG(s) 'minio_to_snowflake_banking' retrieved from /opt/airflow/dags/minio_to_snowflake_dag.py
[2026-05-10T07:06:12.053+0000] {logging_mixin.py:188} INFO - [2026-05-10T07:06:12.049+0000] {dag.py:3089} INFO - Sync 1 DAGs
[2026-05-10T07:06:12.154+0000] {logging_mixin.py:188} INFO - [2026-05-10T07:06:12.153+0000] {dag.py:3947} INFO - Setting next_dagrun for minio_to_snowflake_banking to 2026-05-10 07:06:00+00:00, run_after=2026-05-10 07:07:00+00:00
[2026-05-10T07:06:12.216+0000] {processor.py:183} INFO - Processing /opt/airflow/dags/minio_to_snowflake_dag.py took 2.811 seconds
[2026-05-10T07:06:42.504+0000] {processor.py:161} INFO - Started process (PID=1157) to work on /opt/airflow/dags/minio_to_snowflake_dag.py
[2026-05-10T07:06:42.507+0000] {processor.py:830} INFO - Processing file /opt/airflow/dags/minio_to_snowflake_dag.py for tasks to queue
[2026-05-10T07:06:42.512+0000] {logging_mixin.py:188} INFO - [2026-05-10T07:06:42.512+0000] {dagbag.py:545} INFO - Filling up the DagBag from /opt/airflow/dags/minio_to_snowflake_dag.py
[2026-05-10T07:06:44.768+0000] {processor.py:840} INFO - DAG(s) 'minio_to_snowflake_banking' retrieved from /opt/airflow/dags/minio_to_snowflake_dag.py
[2026-05-10T07:06:44.834+0000] {logging_mixin.py:188} INFO - [2026-05-10T07:06:44.833+0000] {dag.py:3089} INFO - Sync 1 DAGs
[2026-05-10T07:06:44.871+0000] {logging_mixin.py:188} INFO - [2026-05-10T07:06:44.870+0000] {dag.py:3947} INFO - Setting next_dagrun for minio_to_snowflake_banking to 2026-05-10 07:06:00+00:00, run_after=2026-05-10 07:07:00+00:00
[2026-05-10T07:06:44.917+0000] {processor.py:183} INFO - Processing /opt/airflow/dags/minio_to_snowflake_dag.py took 2.429 seconds
[2026-05-10T07:07:15.295+0000] {processor.py:161} INFO - Started process (PID=1194) to work on /opt/airflow/dags/minio_to_snowflake_dag.py
[2026-05-10T07:07:15.297+0000] {processor.py:830} INFO - Processing file /opt/airflow/dags/minio_to_snowflake_dag.py for tasks to queue
[2026-05-10T07:07:15.302+0000] {logging_mixin.py:188} INFO - [2026-05-10T07:07:15.302+0000] {dagbag.py:545} INFO - Filling up the DagBag from /opt/airflow/dags/minio_to_snowflake_dag.py
[2026-05-10T07:07:16.926+0000] {processor.py:840} INFO - DAG(s) 'minio_to_snowflake_banking' retrieved from /opt/airflow/dags/minio_to_snowflake_dag.py
[2026-05-10T07:07:17.035+0000] {logging_mixin.py:188} INFO - [2026-05-10T07:07:17.035+0000] {dag.py:3089} INFO - Sync 1 DAGs
[2026-05-10T07:07:17.072+0000] {logging_mixin.py:188} INFO - [2026-05-10T07:07:17.072+0000] {dag.py:3947} INFO - Setting next_dagrun for minio_to_snowflake_banking to 2026-05-10 07:07:00+00:00, run_after=2026-05-10 07:08:00+00:00
[2026-05-10T07:07:17.105+0000] {processor.py:183} INFO - Processing /opt/airflow/dags/minio_to_snowflake_dag.py took 1.823 seconds
[2026-05-10T07:07:47.411+0000] {processor.py:161} INFO - Started process (PID=1225) to work on /opt/airflow/dags/minio_to_snowflake_dag.py
[2026-05-10T07:07:47.413+0000] {processor.py:830} INFO - Processing file /opt/airflow/dags/minio_to_snowflake_dag.py for tasks to queue
[2026-05-10T07:07:47.419+0000] {logging_mixin.py:188} INFO - [2026-05-10T07:07:47.417+0000] {dagbag.py:545} INFO - Filling up the DagBag from /opt/airflow/dags/minio_to_snowflake_dag.py
[2026-05-10T07:07:49.358+0000] {processor.py:840} INFO - DAG(s) 'minio_to_snowflake_banking' retrieved from /opt/airflow/dags/minio_to_snowflake_dag.py
[2026-05-10T07:07:49.421+0000] {logging_mixin.py:188} INFO - [2026-05-10T07:07:49.420+0000] {dag.py:3089} INFO - Sync 1 DAGs
[2026-05-10T07:07:49.453+0000] {logging_mixin.py:188} INFO - [2026-05-10T07:07:49.453+0000] {dag.py:3947} INFO - Setting next_dagrun for minio_to_snowflake_banking to 2026-05-10 07:07:00+00:00, run_after=2026-05-10 07:08:00+00:00
[2026-05-10T07:07:49.492+0000] {processor.py:183} INFO - Processing /opt/airflow/dags/minio_to_snowflake_dag.py took 2.101 seconds
[2026-05-10T07:08:19.702+0000] {processor.py:161} INFO - Started process (PID=1271) to work on /opt/airflow/dags/minio_to_snowflake_dag.py
[2026-05-10T07:08:19.705+0000] {processor.py:830} INFO - Processing file /opt/airflow/dags/minio_to_snowflake_dag.py for tasks to queue
[2026-05-10T07:08:19.709+0000] {logging_mixin.py:188} INFO - [2026-05-10T07:08:19.708+0000] {dagbag.py:545} INFO - Filling up the DagBag from /opt/airflow/dags/minio_to_snowflake_dag.py
[2026-05-10T07:08:20.869+0000] {processor.py:840} INFO - DAG(s) 'minio_to_snowflake_banking' retrieved from /opt/airflow/dags/minio_to_snowflake_dag.py
[2026-05-10T07:08:20.924+0000] {logging_mixin.py:188} INFO - [2026-05-10T07:08:20.924+0000] {dag.py:3089} INFO - Sync 1 DAGs
[2026-05-10T07:08:20.962+0000] {logging_mixin.py:188} INFO - [2026-05-10T07:08:20.962+0000] {dag.py:3947} INFO - Setting next_dagrun for minio_to_snowflake_banking to 2026-05-10 07:08:00+00:00, run_after=2026-05-10 07:09:00+00:00
[2026-05-10T07:08:20.996+0000] {processor.py:183} INFO - Processing /opt/airflow/dags/minio_to_snowflake_dag.py took 1.306 seconds
[2026-05-10T07:08:51.302+0000] {processor.py:161} INFO - Started process (PID=1293) to work on /opt/airflow/dags/minio_to_snowflake_dag.py
[2026-05-10T07:08:51.304+0000] {processor.py:830} INFO - Processing file /opt/airflow/dags/minio_to_snowflake_dag.py for tasks to queue
[2026-05-10T07:08:51.309+0000] {logging_mixin.py:188} INFO - [2026-05-10T07:08:51.308+0000] {dagbag.py:545} INFO - Filling up the DagBag from /opt/airflow/dags/minio_to_snowflake_dag.py
[2026-05-10T07:08:53.237+0000] {processor.py:840} INFO - DAG(s) 'minio_to_snowflake_banking' retrieved from /opt/airflow/dags/minio_to_snowflake_dag.py
[2026-05-10T07:08:53.290+0000] {logging_mixin.py:188} INFO - [2026-05-10T07:08:53.289+0000] {dag.py:3089} INFO - Sync 1 DAGs
[2026-05-10T07:08:53.319+0000] {logging_mixin.py:188} INFO - [2026-05-10T07:08:53.319+0000] {dag.py:3947} INFO - Setting next_dagrun for minio_to_snowflake_banking to 2026-05-10 07:08:00+00:00, run_after=2026-05-10 07:09:00+00:00
[2026-05-10T07:08:53.349+0000] {processor.py:183} INFO - Processing /opt/airflow/dags/minio_to_snowflake_dag.py took 2.061 seconds
[2026-05-10T07:09:23.537+0000] {processor.py:161} INFO - Started process (PID=1348) to work on /opt/airflow/dags/minio_to_snowflake_dag.py
[2026-05-10T07:09:23.539+0000] {processor.py:830} INFO - Processing file /opt/airflow/dags/minio_to_snowflake_dag.py for tasks to queue
[2026-05-10T07:09:23.543+0000] {logging_mixin.py:188} INFO - [2026-05-10T07:09:23.542+0000] {dagbag.py:545} INFO - Filling up the DagBag from /opt/airflow/dags/minio_to_snowflake_dag.py
[2026-05-10T07:09:25.668+0000] {processor.py:840} INFO - DAG(s) 'minio_to_snowflake_banking' retrieved from /opt/airflow/dags/minio_to_snowflake_dag.py
[2026-05-10T07:09:25.885+0000] {logging_mixin.py:188} INFO - [2026-05-10T07:09:25.882+0000] {dag.py:3089} INFO - Sync 1 DAGs
[2026-05-10T07:09:25.925+0000] {logging_mixin.py:188} INFO - [2026-05-10T07:09:25.924+0000] {dag.py:3947} INFO - Setting next_dagrun for minio_to_snowflake_banking to 2026-05-10 07:09:00+00:00, run_after=2026-05-10 07:10:00+00:00
[2026-05-10T07:09:25.960+0000] {processor.py:183} INFO - Processing /opt/airflow/dags/minio_to_snowflake_dag.py took 2.435 seconds
[2026-05-10T07:09:56.253+0000] {processor.py:161} INFO - Started process (PID=1359) to work on /opt/airflow/dags/minio_to_snowflake_dag.py
[2026-05-10T07:09:56.256+0000] {processor.py:830} INFO - Processing file /opt/airflow/dags/minio_to_snowflake_dag.py for tasks to queue
[2026-05-10T07:09:56.260+0000] {logging_mixin.py:188} INFO - [2026-05-10T07:09:56.259+0000] {dagbag.py:545} INFO - Filling up the DagBag from /opt/airflow/dags/minio_to_snowflake_dag.py
[2026-05-10T07:09:58.131+0000] {processor.py:840} INFO - DAG(s) 'minio_to_snowflake_banking' retrieved from /opt/airflow/dags/minio_to_snowflake_dag.py
[2026-05-10T07:09:58.193+0000] {logging_mixin.py:188} INFO - [2026-05-10T07:09:58.192+0000] {dag.py:3089} INFO - Sync 1 DAGs
[2026-05-10T07:09:58.221+0000] {logging_mixin.py:188} INFO - [2026-05-10T07:09:58.221+0000] {dag.py:3947} INFO - Setting next_dagrun for minio_to_snowflake_banking to 2026-05-10 07:09:00+00:00, run_after=2026-05-10 07:10:00+00:00
[2026-05-10T07:09:58.252+0000] {processor.py:183} INFO - Processing /opt/airflow/dags/minio_to_snowflake_dag.py took 2.017 seconds
[2026-05-10T07:10:28.562+0000] {processor.py:161} INFO - Started process (PID=1422) to work on /opt/airflow/dags/minio_to_snowflake_dag.py
[2026-05-10T07:10:28.565+0000] {processor.py:830} INFO - Processing file /opt/airflow/dags/minio_to_snowflake_dag.py for tasks to queue
[2026-05-10T07:10:28.569+0000] {logging_mixin.py:188} INFO - [2026-05-10T07:10:28.569+0000] {dagbag.py:545} INFO - Filling up the DagBag from /opt/airflow/dags/minio_to_snowflake_dag.py
[2026-05-10T07:10:30.494+0000] {processor.py:840} INFO - DAG(s) 'minio_to_snowflake_banking' retrieved from /opt/airflow/dags/minio_to_snowflake_dag.py
[2026-05-10T07:10:30.547+0000] {logging_mixin.py:188} INFO - [2026-05-10T07:10:30.546+0000] {dag.py:3089} INFO - Sync 1 DAGs
[2026-05-10T07:10:30.577+0000] {logging_mixin.py:188} INFO - [2026-05-10T07:10:30.577+0000] {dag.py:3947} INFO - Setting next_dagrun for minio_to_snowflake_banking to 2026-05-10 07:10:00+00:00, run_after=2026-05-10 07:11:00+00:00
[2026-05-10T07:10:30.606+0000] {processor.py:183} INFO - Processing /opt/airflow/dags/minio_to_snowflake_dag.py took 2.058 seconds
[2026-05-10T07:11:00.850+0000] {processor.py:161} INFO - Started process (PID=1427) to work on /opt/airflow/dags/minio_to_snowflake_dag.py
[2026-05-10T07:11:00.852+0000] {processor.py:830} INFO - Processing file /opt/airflow/dags/minio_to_snowflake_dag.py for tasks to queue
[2026-05-10T07:11:00.857+0000] {logging_mixin.py:188} INFO - [2026-05-10T07:11:00.856+0000] {dagbag.py:545} INFO - Filling up the DagBag from /opt/airflow/dags/minio_to_snowflake_dag.py
[2026-05-10T07:11:02.124+0000] {processor.py:840} INFO - DAG(s) 'minio_to_snowflake_banking' retrieved from /opt/airflow/dags/minio_to_snowflake_dag.py
[2026-05-10T07:11:02.167+0000] {logging_mixin.py:188} INFO - [2026-05-10T07:11:02.166+0000] {dag.py:3089} INFO - Sync 1 DAGs
[2026-05-10T07:11:02.197+0000] {logging_mixin.py:188} INFO - [2026-05-10T07:11:02.196+0000] {dag.py:3947} INFO - Setting next_dagrun for minio_to_snowflake_banking to 2026-05-10 07:11:00+00:00, run_after=2026-05-10 07:12:00+00:00
[2026-05-10T07:11:02.230+0000] {processor.py:183} INFO - Processing /opt/airflow/dags/minio_to_snowflake_dag.py took 1.394 seconds
[2026-05-10T07:11:32.499+0000] {processor.py:161} INFO - Started process (PID=1489) to work on /opt/airflow/dags/minio_to_snowflake_dag.py
[2026-05-10T07:11:32.501+0000] {processor.py:830} INFO - Processing file /opt/airflow/dags/minio_to_snowflake_dag.py for tasks to queue
[2026-05-10T07:11:32.505+0000] {logging_mixin.py:188} INFO - [2026-05-10T07:11:32.504+0000] {dagbag.py:545} INFO - Filling up the DagBag from /opt/airflow/dags/minio_to_snowflake_dag.py
[2026-05-10T07:11:34.252+0000] {processor.py:840} INFO - DAG(s) 'minio_to_snowflake_banking' retrieved from /opt/airflow/dags/minio_to_snowflake_dag.py
[2026-05-10T07:11:34.309+0000] {logging_mixin.py:188} INFO - [2026-05-10T07:11:34.308+0000] {dag.py:3089} INFO - Sync 1 DAGs
[2026-05-10T07:11:34.334+0000] {logging_mixin.py:188} INFO - [2026-05-10T07:11:34.334+0000] {dag.py:3947} INFO - Setting next_dagrun for minio_to_snowflake_banking to 2026-05-10 07:11:00+00:00, run_after=2026-05-10 07:12:00+00:00
[2026-05-10T07:11:34.361+0000] {processor.py:183} INFO - Processing /opt/airflow/dags/minio_to_snowflake_dag.py took 1.874 seconds
[2026-05-10T07:12:04.700+0000] {processor.py:161} INFO - Started process (PID=1494) to work on /opt/airflow/dags/minio_to_snowflake_dag.py
[2026-05-10T07:12:04.703+0000] {processor.py:830} INFO - Processing file /opt/airflow/dags/minio_to_snowflake_dag.py for tasks to queue
[2026-05-10T07:12:04.713+0000] {logging_mixin.py:188} INFO - [2026-05-10T07:12:04.712+0000] {dagbag.py:545} INFO - Filling up the DagBag from /opt/airflow/dags/minio_to_snowflake_dag.py
[2026-05-10T07:12:06.096+0000] {processor.py:840} INFO - DAG(s) 'minio_to_snowflake_banking' retrieved from /opt/airflow/dags/minio_to_snowflake_dag.py
[2026-05-10T07:12:06.242+0000] {logging_mixin.py:188} INFO - [2026-05-10T07:12:06.241+0000] {dag.py:3089} INFO - Sync 1 DAGs
[2026-05-10T07:12:06.279+0000] {logging_mixin.py:188} INFO - [2026-05-10T07:12:06.279+0000] {dag.py:3947} INFO - Setting next_dagrun for minio_to_snowflake_banking to 2026-05-10 07:12:00+00:00, run_after=2026-05-10 07:13:00+00:00
[2026-05-10T07:12:06.318+0000] {processor.py:183} INFO - Processing /opt/airflow/dags/minio_to_snowflake_dag.py took 1.634 seconds
[2026-05-10T07:12:36.614+0000] {processor.py:161} INFO - Started process (PID=1557) to work on /opt/airflow/dags/minio_to_snowflake_dag.py
[2026-05-10T07:12:36.616+0000] {processor.py:830} INFO - Processing file /opt/airflow/dags/minio_to_snowflake_dag.py for tasks to queue
[2026-05-10T07:12:36.620+0000] {logging_mixin.py:188} INFO - [2026-05-10T07:12:36.620+0000] {dagbag.py:545} INFO - Filling up the DagBag from /opt/airflow/dags/minio_to_snowflake_dag.py
[2026-05-10T07:12:38.276+0000] {processor.py:840} INFO - DAG(s) 'minio_to_snowflake_banking' retrieved from /opt/airflow/dags/minio_to_snowflake_dag.py
[2026-05-10T07:12:38.324+0000] {logging_mixin.py:188} INFO - [2026-05-10T07:12:38.324+0000] {dag.py:3089} INFO - Sync 1 DAGs
[2026-05-10T07:12:38.353+0000] {logging_mixin.py:188} INFO - [2026-05-10T07:12:38.353+0000] {dag.py:3947} INFO - Setting next_dagrun for minio_to_snowflake_banking to 2026-05-10 07:12:00+00:00, run_after=2026-05-10 07:13:00+00:00
[2026-05-10T07:12:38.381+0000] {processor.py:183} INFO - Processing /opt/airflow/dags/minio_to_snowflake_dag.py took 1.778 seconds
[2026-05-10T07:13:08.687+0000] {processor.py:161} INFO - Started process (PID=1573) to work on /opt/airflow/dags/minio_to_snowflake_dag.py
[2026-05-10T07:13:08.690+0000] {processor.py:830} INFO - Processing file /opt/airflow/dags/minio_to_snowflake_dag.py for tasks to queue
[2026-05-10T07:13:08.694+0000] {logging_mixin.py:188} INFO - [2026-05-10T07:13:08.693+0000] {dagbag.py:545} INFO - Filling up the DagBag from /opt/airflow/dags/minio_to_snowflake_dag.py
[2026-05-10T07:13:10.197+0000] {processor.py:840} INFO - DAG(s) 'minio_to_snowflake_banking' retrieved from /opt/airflow/dags/minio_to_snowflake_dag.py
[2026-05-10T07:13:10.497+0000] {logging_mixin.py:188} INFO - [2026-05-10T07:13:10.496+0000] {dag.py:3089} INFO - Sync 1 DAGs
[2026-05-10T07:13:10.543+0000] {logging_mixin.py:188} INFO - [2026-05-10T07:13:10.542+0000] {dag.py:3947} INFO - Setting next_dagrun for minio_to_snowflake_banking to 2026-05-10 07:13:00+00:00, run_after=2026-05-10 07:14:00+00:00
[2026-05-10T07:13:10.586+0000] {processor.py:183} INFO - Processing /opt/airflow/dags/minio_to_snowflake_dag.py took 1.912 seconds
[2026-05-10T07:13:40.937+0000] {processor.py:161} INFO - Started process (PID=1625) to work on /opt/airflow/dags/minio_to_snowflake_dag.py
[2026-05-10T07:13:40.940+0000] {processor.py:830} INFO - Processing file /opt/airflow/dags/minio_to_snowflake_dag.py for tasks to queue
[2026-05-10T07:13:40.944+0000] {logging_mixin.py:188} INFO - [2026-05-10T07:13:40.944+0000] {dagbag.py:545} INFO - Filling up the DagBag from /opt/airflow/dags/minio_to_snowflake_dag.py
[2026-05-10T07:13:42.768+0000] {processor.py:840} INFO - DAG(s) 'minio_to_snowflake_banking' retrieved from /opt/airflow/dags/minio_to_snowflake_dag.py
[2026-05-10T07:13:42.826+0000] {logging_mixin.py:188} INFO - [2026-05-10T07:13:42.826+0000] {dag.py:3089} INFO - Sync 1 DAGs
[2026-05-10T07:13:42.860+0000] {logging_mixin.py:188} INFO - [2026-05-10T07:13:42.860+0000] {dag.py:3947} INFO - Setting next_dagrun for minio_to_snowflake_banking to 2026-05-10 07:13:00+00:00, run_after=2026-05-10 07:14:00+00:00
[2026-05-10T07:13:42.899+0000] {processor.py:183} INFO - Processing /opt/airflow/dags/minio_to_snowflake_dag.py took 1.974 seconds
[2026-05-10T07:14:13.183+0000] {processor.py:161} INFO - Started process (PID=1662) to work on /opt/airflow/dags/minio_to_snowflake_dag.py
[2026-05-10T07:14:13.185+0000] {processor.py:830} INFO - Processing file /opt/airflow/dags/minio_to_snowflake_dag.py for tasks to queue
[2026-05-10T07:14:13.189+0000] {logging_mixin.py:188} INFO - [2026-05-10T07:14:13.188+0000] {dagbag.py:545} INFO - Filling up the DagBag from /opt/airflow/dags/minio_to_snowflake_dag.py
[2026-05-10T07:14:14.538+0000] {processor.py:840} INFO - DAG(s) 'minio_to_snowflake_banking' retrieved from /opt/airflow/dags/minio_to_snowflake_dag.py
[2026-05-10T07:14:14.616+0000] {logging_mixin.py:188} INFO - [2026-05-10T07:14:14.615+0000] {dag.py:3089} INFO - Sync 1 DAGs
[2026-05-10T07:14:14.658+0000] {logging_mixin.py:188} INFO - [2026-05-10T07:14:14.658+0000] {dag.py:3947} INFO - Setting next_dagrun for minio_to_snowflake_banking to 2026-05-10 07:14:00+00:00, run_after=2026-05-10 07:15:00+00:00
[2026-05-10T07:14:14.694+0000] {processor.py:183} INFO - Processing /opt/airflow/dags/minio_to_snowflake_dag.py took 1.521 seconds
[2026-05-10T07:14:45.001+0000] {processor.py:161} INFO - Started process (PID=1693) to work on /opt/airflow/dags/minio_to_snowflake_dag.py
[2026-05-10T07:14:45.004+0000] {processor.py:830} INFO - Processing file /opt/airflow/dags/minio_to_snowflake_dag.py for tasks to queue
[2026-05-10T07:14:45.010+0000] {logging_mixin.py:188} INFO - [2026-05-10T07:14:45.009+0000] {dagbag.py:545} INFO - Filling up the DagBag from /opt/airflow/dags/minio_to_snowflake_dag.py
[2026-05-10T07:14:47.302+0000] {processor.py:840} INFO - DAG(s) 'minio_to_snowflake_banking' retrieved from /opt/airflow/dags/minio_to_snowflake_dag.py
[2026-05-10T07:14:47.361+0000] {logging_mixin.py:188} INFO - [2026-05-10T07:14:47.360+0000] {dag.py:3089} INFO - Sync 1 DAGs
[2026-05-10T07:14:47.397+0000] {logging_mixin.py:188} INFO - [2026-05-10T07:14:47.396+0000] {dag.py:3947} INFO - Setting next_dagrun for minio_to_snowflake_banking to 2026-05-10 07:14:00+00:00, run_after=2026-05-10 07:15:00+00:00
[2026-05-10T07:14:47.429+0000] {processor.py:183} INFO - Processing /opt/airflow/dags/minio_to_snowflake_dag.py took 2.442 seconds
[2026-05-10T07:15:17.767+0000] {processor.py:161} INFO - Started process (PID=1740) to work on /opt/airflow/dags/minio_to_snowflake_dag.py
[2026-05-10T07:15:17.769+0000] {processor.py:830} INFO - Processing file /opt/airflow/dags/minio_to_snowflake_dag.py for tasks to queue
[2026-05-10T07:15:17.774+0000] {logging_mixin.py:188} INFO - [2026-05-10T07:15:17.774+0000] {dagbag.py:545} INFO - Filling up the DagBag from /opt/airflow/dags/minio_to_snowflake_dag.py
[2026-05-10T07:15:19.553+0000] {processor.py:840} INFO - DAG(s) 'minio_to_snowflake_banking' retrieved from /opt/airflow/dags/minio_to_snowflake_dag.py
[2026-05-10T07:15:19.721+0000] {logging_mixin.py:188} INFO - [2026-05-10T07:15:19.715+0000] {dag.py:3089} INFO - Sync 1 DAGs
[2026-05-10T07:15:19.760+0000] {logging_mixin.py:188} INFO - [2026-05-10T07:15:19.759+0000] {dag.py:3947} INFO - Setting next_dagrun for minio_to_snowflake_banking to 2026-05-10 07:15:00+00:00, run_after=2026-05-10 07:16:00+00:00
[2026-05-10T07:15:19.792+0000] {processor.py:183} INFO - Processing /opt/airflow/dags/minio_to_snowflake_dag.py took 2.035 seconds
[2026-05-10T07:15:50.054+0000] {processor.py:161} INFO - Started process (PID=1760) to work on /opt/airflow/dags/minio_to_snowflake_dag.py
[2026-05-10T07:15:50.056+0000] {processor.py:830} INFO - Processing file /opt/airflow/dags/minio_to_snowflake_dag.py for tasks to queue
[2026-05-10T07:15:50.060+0000] {logging_mixin.py:188} INFO - [2026-05-10T07:15:50.060+0000] {dagbag.py:545} INFO - Filling up the DagBag from /opt/airflow/dags/minio_to_snowflake_dag.py
[2026-05-10T07:15:52.095+0000] {processor.py:840} INFO - DAG(s) 'minio_to_snowflake_banking' retrieved from /opt/airflow/dags/minio_to_snowflake_dag.py
[2026-05-10T07:15:52.144+0000] {logging_mixin.py:188} INFO - [2026-05-10T07:15:52.143+0000] {dag.py:3089} INFO - Sync 1 DAGs
[2026-05-10T07:15:52.175+0000] {logging_mixin.py:188} INFO - [2026-05-10T07:15:52.175+0000] {dag.py:3947} INFO - Setting next_dagrun for minio_to_snowflake_banking to 2026-05-10 07:15:00+00:00, run_after=2026-05-10 07:16:00+00:00
[2026-05-10T07:15:52.203+0000] {processor.py:183} INFO - Processing /opt/airflow/dags/minio_to_snowflake_dag.py took 2.162 seconds
[2026-05-10T07:16:22.464+0000] {processor.py:161} INFO - Started process (PID=1797) to work on /opt/airflow/dags/minio_to_snowflake_dag.py
[2026-05-10T07:16:22.467+0000] {processor.py:830} INFO - Processing file /opt/airflow/dags/minio_to_snowflake_dag.py for tasks to queue
[2026-05-10T07:16:22.479+0000] {logging_mixin.py:188} INFO - [2026-05-10T07:16:22.477+0000] {dagbag.py:545} INFO - Filling up the DagBag from /opt/airflow/dags/minio_to_snowflake_dag.py
[2026-05-10T07:16:25.318+0000] {processor.py:840} INFO - DAG(s) 'minio_to_snowflake_banking' retrieved from /opt/airflow/dags/minio_to_snowflake_dag.py
[2026-05-10T07:16:25.371+0000] {logging_mixin.py:188} INFO - [2026-05-10T07:16:25.371+0000] {dag.py:3089} INFO - Sync 1 DAGs
[2026-05-10T07:16:25.405+0000] {logging_mixin.py:188} INFO - [2026-05-10T07:16:25.405+0000] {dag.py:3947} INFO - Setting next_dagrun for minio_to_snowflake_banking to 2026-05-10 07:16:00+00:00, run_after=2026-05-10 07:17:00+00:00
[2026-05-10T07:16:25.447+0000] {processor.py:183} INFO - Processing /opt/airflow/dags/minio_to_snowflake_dag.py took 3.012 seconds
[2026-05-10T07:16:55.694+0000] {processor.py:161} INFO - Started process (PID=1828) to work on /opt/airflow/dags/minio_to_snowflake_dag.py
[2026-05-10T07:16:55.696+0000] {processor.py:830} INFO - Processing file /opt/airflow/dags/minio_to_snowflake_dag.py for tasks to queue
[2026-05-10T07:16:55.701+0000] {logging_mixin.py:188} INFO - [2026-05-10T07:16:55.700+0000] {dagbag.py:545} INFO - Filling up the DagBag from /opt/airflow/dags/minio_to_snowflake_dag.py
[2026-05-10T07:16:57.726+0000] {processor.py:840} INFO - DAG(s) 'minio_to_snowflake_banking' retrieved from /opt/airflow/dags/minio_to_snowflake_dag.py
[2026-05-10T07:16:57.785+0000] {logging_mixin.py:188} INFO - [2026-05-10T07:16:57.784+0000] {dag.py:3089} INFO - Sync 1 DAGs
[2026-05-10T07:16:57.820+0000] {logging_mixin.py:188} INFO - [2026-05-10T07:16:57.820+0000] {dag.py:3947} INFO - Setting next_dagrun for minio_to_snowflake_banking to 2026-05-10 07:16:00+00:00, run_after=2026-05-10 07:17:00+00:00
[2026-05-10T07:16:57.855+0000] {processor.py:183} INFO - Processing /opt/airflow/dags/minio_to_snowflake_dag.py took 2.178 seconds
[2026-05-10T07:17:27.970+0000] {processor.py:161} INFO - Started process (PID=1892) to work on /opt/airflow/dags/minio_to_snowflake_dag.py
[2026-05-10T07:17:27.972+0000] {processor.py:830} INFO - Processing file /opt/airflow/dags/minio_to_snowflake_dag.py for tasks to queue
[2026-05-10T07:17:27.976+0000] {logging_mixin.py:188} INFO - [2026-05-10T07:17:27.976+0000] {dagbag.py:545} INFO - Filling up the DagBag from /opt/airflow/dags/minio_to_snowflake_dag.py
[2026-05-10T07:17:29.714+0000] {processor.py:840} INFO - DAG(s) 'minio_to_snowflake_banking' retrieved from /opt/airflow/dags/minio_to_snowflake_dag.py
[2026-05-10T07:17:29.768+0000] {logging_mixin.py:188} INFO - [2026-05-10T07:17:29.767+0000] {dag.py:3089} INFO - Sync 1 DAGs
[2026-05-10T07:17:29.795+0000] {logging_mixin.py:188} INFO - [2026-05-10T07:17:29.795+0000] {dag.py:3947} INFO - Setting next_dagrun for minio_to_snowflake_banking to 2026-05-10 07:17:00+00:00, run_after=2026-05-10 07:18:00+00:00
[2026-05-10T07:17:29.826+0000] {processor.py:183} INFO - Processing /opt/airflow/dags/minio_to_snowflake_dag.py took 1.868 seconds
[2026-05-10T07:18:00.125+0000] {processor.py:161} INFO - Started process (PID=1896) to work on /opt/airflow/dags/minio_to_snowflake_dag.py
[2026-05-10T07:18:00.127+0000] {processor.py:830} INFO - Processing file /opt/airflow/dags/minio_to_snowflake_dag.py for tasks to queue
[2026-05-10T07:18:00.132+0000] {logging_mixin.py:188} INFO - [2026-05-10T07:18:00.131+0000] {dagbag.py:545} INFO - Filling up the DagBag from /opt/airflow/dags/minio_to_snowflake_dag.py
[2026-05-10T07:18:01.186+0000] {processor.py:840} INFO - DAG(s) 'minio_to_snowflake_banking' retrieved from /opt/airflow/dags/minio_to_snowflake_dag.py
[2026-05-10T07:18:01.222+0000] {logging_mixin.py:188} INFO - [2026-05-10T07:18:01.221+0000] {dag.py:3089} INFO - Sync 1 DAGs
[2026-05-10T07:18:01.252+0000] {logging_mixin.py:188} INFO - [2026-05-10T07:18:01.252+0000] {dag.py:3947} INFO - Setting next_dagrun for minio_to_snowflake_banking to 2026-05-10 07:18:00+00:00, run_after=2026-05-10 07:19:00+00:00
[2026-05-10T07:18:01.283+0000] {processor.py:183} INFO - Processing /opt/airflow/dags/minio_to_snowflake_dag.py took 1.168 seconds
[2026-05-10T07:18:31.599+0000] {processor.py:161} INFO - Started process (PID=1959) to work on /opt/airflow/dags/minio_to_snowflake_dag.py
[2026-05-10T07:18:31.601+0000] {processor.py:830} INFO - Processing file /opt/airflow/dags/minio_to_snowflake_dag.py for tasks to queue
[2026-05-10T07:18:31.606+0000] {logging_mixin.py:188} INFO - [2026-05-10T07:18:31.605+0000] {dagbag.py:545} INFO - Filling up the DagBag from /opt/airflow/dags/minio_to_snowflake_dag.py
[2026-05-10T07:18:33.500+0000] {processor.py:840} INFO - DAG(s) 'minio_to_snowflake_banking' retrieved from /opt/airflow/dags/minio_to_snowflake_dag.py
[2026-05-10T07:18:33.559+0000] {logging_mixin.py:188} INFO - [2026-05-10T07:18:33.558+0000] {dag.py:3089} INFO - Sync 1 DAGs
[2026-05-10T07:18:33.592+0000] {logging_mixin.py:188} INFO - [2026-05-10T07:18:33.591+0000] {dag.py:3947} INFO - Setting next_dagrun for minio_to_snowflake_banking to 2026-05-10 07:18:00+00:00, run_after=2026-05-10 07:19:00+00:00
[2026-05-10T07:18:33.623+0000] {processor.py:183} INFO - Processing /opt/airflow/dags/minio_to_snowflake_dag.py took 2.036 seconds
[2026-05-10T07:19:03.892+0000] {processor.py:161} INFO - Started process (PID=1964) to work on /opt/airflow/dags/minio_to_snowflake_dag.py
[2026-05-10T07:19:03.895+0000] {processor.py:830} INFO - Processing file /opt/airflow/dags/minio_to_snowflake_dag.py for tasks to queue
[2026-05-10T07:19:03.901+0000] {logging_mixin.py:188} INFO - [2026-05-10T07:19:03.900+0000] {dagbag.py:545} INFO - Filling up the DagBag from /opt/airflow/dags/minio_to_snowflake_dag.py
[2026-05-10T07:19:05.199+0000] {processor.py:840} INFO - DAG(s) 'minio_to_snowflake_banking' retrieved from /opt/airflow/dags/minio_to_snowflake_dag.py
[2026-05-10T07:19:05.263+0000] {logging_mixin.py:188} INFO - [2026-05-10T07:19:05.262+0000] {dag.py:3089} INFO - Sync 1 DAGs
[2026-05-10T07:19:05.299+0000] {logging_mixin.py:188} INFO - [2026-05-10T07:19:05.299+0000] {dag.py:3947} INFO - Setting next_dagrun for minio_to_snowflake_banking to 2026-05-10 07:19:00+00:00, run_after=2026-05-10 07:20:00+00:00
[2026-05-10T07:19:05.331+0000] {processor.py:183} INFO - Processing /opt/airflow/dags/minio_to_snowflake_dag.py took 1.451 seconds
[2026-05-10T07:19:35.682+0000] {processor.py:161} INFO - Started process (PID=2027) to work on /opt/airflow/dags/minio_to_snowflake_dag.py
[2026-05-10T07:19:35.685+0000] {processor.py:830} INFO - Processing file /opt/airflow/dags/minio_to_snowflake_dag.py for tasks to queue
[2026-05-10T07:19:35.691+0000] {logging_mixin.py:188} INFO - [2026-05-10T07:19:35.690+0000] {dagbag.py:545} INFO - Filling up the DagBag from /opt/airflow/dags/minio_to_snowflake_dag.py
[2026-05-10T07:19:38.003+0000] {processor.py:840} INFO - DAG(s) 'minio_to_snowflake_banking' retrieved from /opt/airflow/dags/minio_to_snowflake_dag.py
[2026-05-10T07:19:38.066+0000] {logging_mixin.py:188} INFO - [2026-05-10T07:19:38.065+0000] {dag.py:3089} INFO - Sync 1 DAGs
[2026-05-10T07:19:38.103+0000] {logging_mixin.py:188} INFO - [2026-05-10T07:19:38.102+0000] {dag.py:3947} INFO - Setting next_dagrun for minio_to_snowflake_banking to 2026-05-10 07:19:00+00:00, run_after=2026-05-10 07:20:00+00:00
[2026-05-10T07:19:38.137+0000] {processor.py:183} INFO - Processing /opt/airflow/dags/minio_to_snowflake_dag.py took 2.480 seconds
[2026-05-10T07:20:08.530+0000] {processor.py:161} INFO - Started process (PID=2041) to work on /opt/airflow/dags/minio_to_snowflake_dag.py
[2026-05-10T07:20:08.532+0000] {processor.py:830} INFO - Processing file /opt/airflow/dags/minio_to_snowflake_dag.py for tasks to queue
[2026-05-10T07:20:08.536+0000] {logging_mixin.py:188} INFO - [2026-05-10T07:20:08.536+0000] {dagbag.py:545} INFO - Filling up the DagBag from /opt/airflow/dags/minio_to_snowflake_dag.py
[2026-05-10T07:20:09.799+0000] {processor.py:840} INFO - DAG(s) 'minio_to_snowflake_banking' retrieved from /opt/airflow/dags/minio_to_snowflake_dag.py
[2026-05-10T07:20:09.855+0000] {logging_mixin.py:188} INFO - [2026-05-10T07:20:09.854+0000] {dag.py:3089} INFO - Sync 1 DAGs
[2026-05-10T07:20:09.886+0000] {logging_mixin.py:188} INFO - [2026-05-10T07:20:09.886+0000] {dag.py:3947} INFO - Setting next_dagrun for minio_to_snowflake_banking to 2026-05-10 07:20:00+00:00, run_after=2026-05-10 07:21:00+00:00
[2026-05-10T07:20:09.927+0000] {processor.py:183} INFO - Processing /opt/airflow/dags/minio_to_snowflake_dag.py took 1.410 seconds
[2026-05-10T07:20:40.224+0000] {processor.py:161} INFO - Started process (PID=2095) to work on /opt/airflow/dags/minio_to_snowflake_dag.py
[2026-05-10T07:20:40.227+0000] {processor.py:830} INFO - Processing file /opt/airflow/dags/minio_to_snowflake_dag.py for tasks to queue
[2026-05-10T07:20:40.231+0000] {logging_mixin.py:188} INFO - [2026-05-10T07:20:40.230+0000] {dagbag.py:545} INFO - Filling up the DagBag from /opt/airflow/dags/minio_to_snowflake_dag.py
[2026-05-10T07:20:42.517+0000] {processor.py:840} INFO - DAG(s) 'minio_to_snowflake_banking' retrieved from /opt/airflow/dags/minio_to_snowflake_dag.py
[2026-05-10T07:20:42.580+0000] {logging_mixin.py:188} INFO - [2026-05-10T07:20:42.580+0000] {dag.py:3089} INFO - Sync 1 DAGs
[2026-05-10T07:20:42.618+0000] {logging_mixin.py:188} INFO - [2026-05-10T07:20:42.618+0000] {dag.py:3947} INFO - Setting next_dagrun for minio_to_snowflake_banking to 2026-05-10 07:20:00+00:00, run_after=2026-05-10 07:21:00+00:00
[2026-05-10T07:20:42.652+0000] {processor.py:183} INFO - Processing /opt/airflow/dags/minio_to_snowflake_dag.py took 2.442 seconds
[2026-05-10T07:21:12.969+0000] {processor.py:161} INFO - Started process (PID=2131) to work on /opt/airflow/dags/minio_to_snowflake_dag.py
[2026-05-10T07:21:12.971+0000] {processor.py:830} INFO - Processing file /opt/airflow/dags/minio_to_snowflake_dag.py for tasks to queue
[2026-05-10T07:21:12.976+0000] {logging_mixin.py:188} INFO - [2026-05-10T07:21:12.975+0000] {dagbag.py:545} INFO - Filling up the DagBag from /opt/airflow/dags/minio_to_snowflake_dag.py
[2026-05-10T07:21:14.871+0000] {processor.py:840} INFO - DAG(s) 'minio_to_snowflake_banking' retrieved from /opt/airflow/dags/minio_to_snowflake_dag.py
[2026-05-10T07:21:14.935+0000] {logging_mixin.py:188} INFO - [2026-05-10T07:21:14.934+0000] {dag.py:3089} INFO - Sync 1 DAGs
[2026-05-10T07:21:14.990+0000] {logging_mixin.py:188} INFO - [2026-05-10T07:21:14.989+0000] {dag.py:3947} INFO - Setting next_dagrun for minio_to_snowflake_banking to 2026-05-10 07:21:00+00:00, run_after=2026-05-10 07:22:00+00:00
[2026-05-10T07:21:15.045+0000] {processor.py:183} INFO - Processing /opt/airflow/dags/minio_to_snowflake_dag.py took 2.091 seconds
[2026-05-10T07:21:45.284+0000] {processor.py:161} INFO - Started process (PID=2163) to work on /opt/airflow/dags/minio_to_snowflake_dag.py
[2026-05-10T07:21:45.286+0000] {processor.py:830} INFO - Processing file /opt/airflow/dags/minio_to_snowflake_dag.py for tasks to queue
[2026-05-10T07:21:45.291+0000] {logging_mixin.py:188} INFO - [2026-05-10T07:21:45.290+0000] {dagbag.py:545} INFO - Filling up the DagBag from /opt/airflow/dags/minio_to_snowflake_dag.py
[2026-05-10T07:21:47.595+0000] {processor.py:840} INFO - DAG(s) 'minio_to_snowflake_banking' retrieved from /opt/airflow/dags/minio_to_snowflake_dag.py
[2026-05-10T07:21:47.749+0000] {logging_mixin.py:188} INFO - [2026-05-10T07:21:47.748+0000] {dag.py:3089} INFO - Sync 1 DAGs
[2026-05-10T07:21:47.834+0000] {logging_mixin.py:188} INFO - [2026-05-10T07:21:47.833+0000] {dag.py:3947} INFO - Setting next_dagrun for minio_to_snowflake_banking to 2026-05-10 07:21:00+00:00, run_after=2026-05-10 07:22:00+00:00
[2026-05-10T07:21:47.936+0000] {processor.py:183} INFO - Processing /opt/airflow/dags/minio_to_snowflake_dag.py took 2.671 seconds
[2026-05-10T07:22:18.359+0000] {processor.py:161} INFO - Started process (PID=2200) to work on /opt/airflow/dags/minio_to_snowflake_dag.py
[2026-05-10T07:22:18.361+0000] {processor.py:830} INFO - Processing file /opt/airflow/dags/minio_to_snowflake_dag.py for tasks to queue
[2026-05-10T07:22:18.366+0000] {logging_mixin.py:188} INFO - [2026-05-10T07:22:18.365+0000] {dagbag.py:545} INFO - Filling up the DagBag from /opt/airflow/dags/minio_to_snowflake_dag.py
[2026-05-10T07:22:20.038+0000] {processor.py:840} INFO - DAG(s) 'minio_to_snowflake_banking' retrieved from /opt/airflow/dags/minio_to_snowflake_dag.py
[2026-05-10T07:22:20.160+0000] {logging_mixin.py:188} INFO - [2026-05-10T07:22:20.159+0000] {dag.py:3089} INFO - Sync 1 DAGs
[2026-05-10T07:22:20.205+0000] {logging_mixin.py:188} INFO - [2026-05-10T07:22:20.204+0000] {dag.py:3947} INFO - Setting next_dagrun for minio_to_snowflake_banking to 2026-05-10 07:22:00+00:00, run_after=2026-05-10 07:23:00+00:00
[2026-05-10T07:22:20.248+0000] {processor.py:183} INFO - Processing /opt/airflow/dags/minio_to_snowflake_dag.py took 1.900 seconds
[2026-05-10T07:22:50.642+0000] {processor.py:161} INFO - Started process (PID=2230) to work on /opt/airflow/dags/minio_to_snowflake_dag.py
[2026-05-10T07:22:50.644+0000] {processor.py:830} INFO - Processing file /opt/airflow/dags/minio_to_snowflake_dag.py for tasks to queue
[2026-05-10T07:22:50.649+0000] {logging_mixin.py:188} INFO - [2026-05-10T07:22:50.648+0000] {dagbag.py:545} INFO - Filling up the DagBag from /opt/airflow/dags/minio_to_snowflake_dag.py
[2026-05-10T07:22:52.817+0000] {processor.py:840} INFO - DAG(s) 'minio_to_snowflake_banking' retrieved from /opt/airflow/dags/minio_to_snowflake_dag.py
[2026-05-10T07:22:52.876+0000] {logging_mixin.py:188} INFO - [2026-05-10T07:22:52.875+0000] {dag.py:3089} INFO - Sync 1 DAGs
[2026-05-10T07:22:52.914+0000] {logging_mixin.py:188} INFO - [2026-05-10T07:22:52.913+0000] {dag.py:3947} INFO - Setting next_dagrun for minio_to_snowflake_banking to 2026-05-10 07:22:00+00:00, run_after=2026-05-10 07:23:00+00:00
[2026-05-10T07:22:52.958+0000] {processor.py:183} INFO - Processing /opt/airflow/dags/minio_to_snowflake_dag.py took 2.329 seconds
[2026-05-10T07:23:23.283+0000] {processor.py:161} INFO - Started process (PID=2267) to work on /opt/airflow/dags/minio_to_snowflake_dag.py
[2026-05-10T07:23:23.289+0000] {processor.py:830} INFO - Processing file /opt/airflow/dags/minio_to_snowflake_dag.py for tasks to queue
[2026-05-10T07:23:23.299+0000] {logging_mixin.py:188} INFO - [2026-05-10T07:23:23.297+0000] {dagbag.py:545} INFO - Filling up the DagBag from /opt/airflow/dags/minio_to_snowflake_dag.py
[2026-05-10T07:23:25.875+0000] {processor.py:840} INFO - DAG(s) 'minio_to_snowflake_banking' retrieved from /opt/airflow/dags/minio_to_snowflake_dag.py
[2026-05-10T07:23:25.974+0000] {logging_mixin.py:188} INFO - [2026-05-10T07:23:25.973+0000] {dag.py:3089} INFO - Sync 1 DAGs
[2026-05-10T07:23:26.019+0000] {logging_mixin.py:188} INFO - [2026-05-10T07:23:26.019+0000] {dag.py:3947} INFO - Setting next_dagrun for minio_to_snowflake_banking to 2026-05-10 07:23:00+00:00, run_after=2026-05-10 07:24:00+00:00
[2026-05-10T07:23:26.060+0000] {processor.py:183} INFO - Processing /opt/airflow/dags/minio_to_snowflake_dag.py took 2.799 seconds
[2026-05-10T07:23:56.380+0000] {processor.py:161} INFO - Started process (PID=2298) to work on /opt/airflow/dags/minio_to_snowflake_dag.py
[2026-05-10T07:23:56.382+0000] {processor.py:830} INFO - Processing file /opt/airflow/dags/minio_to_snowflake_dag.py for tasks to queue
[2026-05-10T07:23:56.386+0000] {logging_mixin.py:188} INFO - [2026-05-10T07:23:56.386+0000] {dagbag.py:545} INFO - Filling up the DagBag from /opt/airflow/dags/minio_to_snowflake_dag.py
[2026-05-10T07:23:58.330+0000] {processor.py:840} INFO - DAG(s) 'minio_to_snowflake_banking' retrieved from /opt/airflow/dags/minio_to_snowflake_dag.py
[2026-05-10T07:23:58.386+0000] {logging_mixin.py:188} INFO - [2026-05-10T07:23:58.386+0000] {dag.py:3089} INFO - Sync 1 DAGs
[2026-05-10T07:23:58.418+0000] {logging_mixin.py:188} INFO - [2026-05-10T07:23:58.418+0000] {dag.py:3947} INFO - Setting next_dagrun for minio_to_snowflake_banking to 2026-05-10 07:23:00+00:00, run_after=2026-05-10 07:24:00+00:00
[2026-05-10T07:23:58.448+0000] {processor.py:183} INFO - Processing /opt/airflow/dags/minio_to_snowflake_dag.py took 2.088 seconds
[2026-05-10T07:24:28.625+0000] {processor.py:161} INFO - Started process (PID=2362) to work on /opt/airflow/dags/minio_to_snowflake_dag.py
[2026-05-10T07:24:28.627+0000] {processor.py:830} INFO - Processing file /opt/airflow/dags/minio_to_snowflake_dag.py for tasks to queue
[2026-05-10T07:24:28.632+0000] {logging_mixin.py:188} INFO - [2026-05-10T07:24:28.631+0000] {dagbag.py:545} INFO - Filling up the DagBag from /opt/airflow/dags/minio_to_snowflake_dag.py
[2026-05-10T07:24:30.359+0000] {processor.py:840} INFO - DAG(s) 'minio_to_snowflake_banking' retrieved from /opt/airflow/dags/minio_to_snowflake_dag.py
[2026-05-10T07:24:30.413+0000] {logging_mixin.py:188} INFO - [2026-05-10T07:24:30.412+0000] {dag.py:3089} INFO - Sync 1 DAGs
[2026-05-10T07:24:30.448+0000] {logging_mixin.py:188} INFO - [2026-05-10T07:24:30.448+0000] {dag.py:3947} INFO - Setting next_dagrun for minio_to_snowflake_banking to 2026-05-10 07:24:00+00:00, run_after=2026-05-10 07:25:00+00:00
[2026-05-10T07:24:30.486+0000] {processor.py:183} INFO - Processing /opt/airflow/dags/minio_to_snowflake_dag.py took 1.872 seconds
[2026-05-10T07:25:00.804+0000] {processor.py:161} INFO - Started process (PID=2367) to work on /opt/airflow/dags/minio_to_snowflake_dag.py
[2026-05-10T07:25:00.806+0000] {processor.py:830} INFO - Processing file /opt/airflow/dags/minio_to_snowflake_dag.py for tasks to queue
[2026-05-10T07:25:00.810+0000] {logging_mixin.py:188} INFO - [2026-05-10T07:25:00.809+0000] {dagbag.py:545} INFO - Filling up the DagBag from /opt/airflow/dags/minio_to_snowflake_dag.py
[2026-05-10T07:25:01.896+0000] {processor.py:840} INFO - DAG(s) 'minio_to_snowflake_banking' retrieved from /opt/airflow/dags/minio_to_snowflake_dag.py
[2026-05-10T07:25:01.935+0000] {logging_mixin.py:188} INFO - [2026-05-10T07:25:01.935+0000] {dag.py:3089} INFO - Sync 1 DAGs
[2026-05-10T07:25:01.965+0000] {logging_mixin.py:188} INFO - [2026-05-10T07:25:01.964+0000] {dag.py:3947} INFO - Setting next_dagrun for minio_to_snowflake_banking to 2026-05-10 07:25:00+00:00, run_after=2026-05-10 07:26:00+00:00
[2026-05-10T07:25:02.000+0000] {processor.py:183} INFO - Processing /opt/airflow/dags/minio_to_snowflake_dag.py took 1.208 seconds
[2026-05-10T07:25:32.264+0000] {processor.py:161} INFO - Started process (PID=2429) to work on /opt/airflow/dags/minio_to_snowflake_dag.py
[2026-05-10T07:25:32.267+0000] {processor.py:830} INFO - Processing file /opt/airflow/dags/minio_to_snowflake_dag.py for tasks to queue
[2026-05-10T07:25:32.275+0000] {logging_mixin.py:188} INFO - [2026-05-10T07:25:32.273+0000] {dagbag.py:545} INFO - Filling up the DagBag from /opt/airflow/dags/minio_to_snowflake_dag.py
[2026-05-10T07:25:34.025+0000] {processor.py:840} INFO - DAG(s) 'minio_to_snowflake_banking' retrieved from /opt/airflow/dags/minio_to_snowflake_dag.py
[2026-05-10T07:25:34.074+0000] {logging_mixin.py:188} INFO - [2026-05-10T07:25:34.074+0000] {dag.py:3089} INFO - Sync 1 DAGs
[2026-05-10T07:25:34.104+0000] {logging_mixin.py:188} INFO - [2026-05-10T07:25:34.104+0000] {dag.py:3947} INFO - Setting next_dagrun for minio_to_snowflake_banking to 2026-05-10 07:25:00+00:00, run_after=2026-05-10 07:26:00+00:00
[2026-05-10T07:25:34.134+0000] {processor.py:183} INFO - Processing /opt/airflow/dags/minio_to_snowflake_dag.py took 1.888 seconds
[2026-05-10T07:26:04.479+0000] {processor.py:161} INFO - Started process (PID=2434) to work on /opt/airflow/dags/minio_to_snowflake_dag.py
[2026-05-10T07:26:04.481+0000] {processor.py:830} INFO - Processing file /opt/airflow/dags/minio_to_snowflake_dag.py for tasks to queue
[2026-05-10T07:26:04.485+0000] {logging_mixin.py:188} INFO - [2026-05-10T07:26:04.484+0000] {dagbag.py:545} INFO - Filling up the DagBag from /opt/airflow/dags/minio_to_snowflake_dag.py
[2026-05-10T07:26:05.979+0000] {processor.py:840} INFO - DAG(s) 'minio_to_snowflake_banking' retrieved from /opt/airflow/dags/minio_to_snowflake_dag.py
[2026-05-10T07:26:06.029+0000] {logging_mixin.py:188} INFO - [2026-05-10T07:26:06.028+0000] {dag.py:3089} INFO - Sync 1 DAGs
[2026-05-10T07:26:06.060+0000] {logging_mixin.py:188} INFO - [2026-05-10T07:26:06.060+0000] {dag.py:3947} INFO - Setting next_dagrun for minio_to_snowflake_banking to 2026-05-10 07:26:00+00:00, run_after=2026-05-10 07:27:00+00:00
[2026-05-10T07:26:06.090+0000] {processor.py:183} INFO - Processing /opt/airflow/dags/minio_to_snowflake_dag.py took 1.623 seconds
[2026-05-10T07:26:36.406+0000] {processor.py:161} INFO - Started process (PID=2496) to work on /opt/airflow/dags/minio_to_snowflake_dag.py
[2026-05-10T07:26:36.408+0000] {processor.py:830} INFO - Processing file /opt/airflow/dags/minio_to_snowflake_dag.py for tasks to queue
[2026-05-10T07:26:36.412+0000] {logging_mixin.py:188} INFO - [2026-05-10T07:26:36.412+0000] {dagbag.py:545} INFO - Filling up the DagBag from /opt/airflow/dags/minio_to_snowflake_dag.py
[2026-05-10T07:26:38.230+0000] {processor.py:840} INFO - DAG(s) 'minio_to_snowflake_banking' retrieved from /opt/airflow/dags/minio_to_snowflake_dag.py
[2026-05-10T07:26:38.280+0000] {logging_mixin.py:188} INFO - [2026-05-10T07:26:38.279+0000] {dag.py:3089} INFO - Sync 1 DAGs
[2026-05-10T07:26:38.311+0000] {logging_mixin.py:188} INFO - [2026-05-10T07:26:38.310+0000] {dag.py:3947} INFO - Setting next_dagrun for minio_to_snowflake_banking to 2026-05-10 07:26:00+00:00, run_after=2026-05-10 07:27:00+00:00
[2026-05-10T07:26:38.339+0000] {processor.py:183} INFO - Processing /opt/airflow/dags/minio_to_snowflake_dag.py took 1.947 seconds
[2026-05-10T07:27:08.651+0000] {processor.py:161} INFO - Started process (PID=2512) to work on /opt/airflow/dags/minio_to_snowflake_dag.py
[2026-05-10T07:27:08.653+0000] {processor.py:830} INFO - Processing file /opt/airflow/dags/minio_to_snowflake_dag.py for tasks to queue
[2026-05-10T07:27:08.657+0000] {logging_mixin.py:188} INFO - [2026-05-10T07:27:08.656+0000] {dagbag.py:545} INFO - Filling up the DagBag from /opt/airflow/dags/minio_to_snowflake_dag.py
[2026-05-10T07:27:10.127+0000] {processor.py:840} INFO - DAG(s) 'minio_to_snowflake_banking' retrieved from /opt/airflow/dags/minio_to_snowflake_dag.py
[2026-05-10T07:27:10.317+0000] {logging_mixin.py:188} INFO - [2026-05-10T07:27:10.309+0000] {dag.py:3089} INFO - Sync 1 DAGs
[2026-05-10T07:27:10.385+0000] {logging_mixin.py:188} INFO - [2026-05-10T07:27:10.383+0000] {dag.py:3947} INFO - Setting next_dagrun for minio_to_snowflake_banking to 2026-05-10 07:27:00+00:00, run_after=2026-05-10 07:28:00+00:00
[2026-05-10T07:27:10.458+0000] {processor.py:183} INFO - Processing /opt/airflow/dags/minio_to_snowflake_dag.py took 1.819 seconds
[2026-05-10T07:27:40.789+0000] {processor.py:161} INFO - Started process (PID=2564) to work on /opt/airflow/dags/minio_to_snowflake_dag.py
[2026-05-10T07:27:40.792+0000] {processor.py:830} INFO - Processing file /opt/airflow/dags/minio_to_snowflake_dag.py for tasks to queue
[2026-05-10T07:27:40.796+0000] {logging_mixin.py:188} INFO - [2026-05-10T07:27:40.796+0000] {dagbag.py:545} INFO - Filling up the DagBag from /opt/airflow/dags/minio_to_snowflake_dag.py
[2026-05-10T07:27:42.702+0000] {processor.py:840} INFO - DAG(s) 'minio_to_snowflake_banking' retrieved from /opt/airflow/dags/minio_to_snowflake_dag.py
[2026-05-10T07:27:42.754+0000] {logging_mixin.py:188} INFO - [2026-05-10T07:27:42.753+0000] {dag.py:3089} INFO - Sync 1 DAGs
[2026-05-10T07:27:42.786+0000] {logging_mixin.py:188} INFO - [2026-05-10T07:27:42.786+0000] {dag.py:3947} INFO - Setting next_dagrun for minio_to_snowflake_banking to 2026-05-10 07:27:00+00:00, run_after=2026-05-10 07:28:00+00:00
[2026-05-10T07:27:42.814+0000] {processor.py:183} INFO - Processing /opt/airflow/dags/minio_to_snowflake_dag.py took 2.039 seconds
[2026-05-10T07:28:13.050+0000] {processor.py:161} INFO - Started process (PID=2600) to work on /opt/airflow/dags/minio_to_snowflake_dag.py
[2026-05-10T07:28:13.052+0000] {processor.py:830} INFO - Processing file /opt/airflow/dags/minio_to_snowflake_dag.py for tasks to queue
[2026-05-10T07:28:13.057+0000] {logging_mixin.py:188} INFO - [2026-05-10T07:28:13.056+0000] {dagbag.py:545} INFO - Filling up the DagBag from /opt/airflow/dags/minio_to_snowflake_dag.py
[2026-05-10T07:28:14.532+0000] {processor.py:840} INFO - DAG(s) 'minio_to_snowflake_banking' retrieved from /opt/airflow/dags/minio_to_snowflake_dag.py
[2026-05-10T07:28:14.588+0000] {logging_mixin.py:188} INFO - [2026-05-10T07:28:14.587+0000] {dag.py:3089} INFO - Sync 1 DAGs
[2026-05-10T07:28:14.625+0000] {logging_mixin.py:188} INFO - [2026-05-10T07:28:14.624+0000] {dag.py:3947} INFO - Setting next_dagrun for minio_to_snowflake_banking to 2026-05-10 07:28:00+00:00, run_after=2026-05-10 07:29:00+00:00
[2026-05-10T07:28:14.656+0000] {processor.py:183} INFO - Processing /opt/airflow/dags/minio_to_snowflake_dag.py took 1.617 seconds
[2026-05-10T07:28:45.052+0000] {processor.py:161} INFO - Started process (PID=2632) to work on /opt/airflow/dags/minio_to_snowflake_dag.py
[2026-05-10T07:28:45.054+0000] {processor.py:830} INFO - Processing file /opt/airflow/dags/minio_to_snowflake_dag.py for tasks to queue
[2026-05-10T07:28:45.059+0000] {logging_mixin.py:188} INFO - [2026-05-10T07:28:45.058+0000] {dagbag.py:545} INFO - Filling up the DagBag from /opt/airflow/dags/minio_to_snowflake_dag.py
[2026-05-10T07:28:48.625+0000] {processor.py:840} INFO - DAG(s) 'minio_to_snowflake_banking' retrieved from /opt/airflow/dags/minio_to_snowflake_dag.py
[2026-05-10T07:28:48.806+0000] {logging_mixin.py:188} INFO - [2026-05-10T07:28:48.805+0000] {dag.py:3089} INFO - Sync 1 DAGs
[2026-05-10T07:28:48.902+0000] {logging_mixin.py:188} INFO - [2026-05-10T07:28:48.902+0000] {dag.py:3947} INFO - Setting next_dagrun for minio_to_snowflake_banking to 2026-05-10 07:28:00+00:00, run_after=2026-05-10 07:29:00+00:00
[2026-05-10T07:28:48.954+0000] {processor.py:183} INFO - Processing /opt/airflow/dags/minio_to_snowflake_dag.py took 3.918 seconds
[2026-05-10T07:29:19.378+0000] {processor.py:161} INFO - Started process (PID=2669) to work on /opt/airflow/dags/minio_to_snowflake_dag.py
[2026-05-10T07:29:19.380+0000] {processor.py:830} INFO - Processing file /opt/airflow/dags/minio_to_snowflake_dag.py for tasks to queue
[2026-05-10T07:29:19.384+0000] {logging_mixin.py:188} INFO - [2026-05-10T07:29:19.384+0000] {dagbag.py:545} INFO - Filling up the DagBag from /opt/airflow/dags/minio_to_snowflake_dag.py
[2026-05-10T07:29:21.254+0000] {processor.py:840} INFO - DAG(s) 'minio_to_snowflake_banking' retrieved from /opt/airflow/dags/minio_to_snowflake_dag.py
[2026-05-10T07:29:21.306+0000] {logging_mixin.py:188} INFO - [2026-05-10T07:29:21.305+0000] {dag.py:3089} INFO - Sync 1 DAGs
[2026-05-10T07:29:21.340+0000] {logging_mixin.py:188} INFO - [2026-05-10T07:29:21.340+0000] {dag.py:3947} INFO - Setting next_dagrun for minio_to_snowflake_banking to 2026-05-10 07:29:00+00:00, run_after=2026-05-10 07:30:00+00:00
[2026-05-10T07:29:21.377+0000] {processor.py:183} INFO - Processing /opt/airflow/dags/minio_to_snowflake_dag.py took 2.010 seconds
[2026-05-10T07:29:51.642+0000] {processor.py:161} INFO - Started process (PID=2700) to work on /opt/airflow/dags/minio_to_snowflake_dag.py
[2026-05-10T07:29:51.644+0000] {processor.py:830} INFO - Processing file /opt/airflow/dags/minio_to_snowflake_dag.py for tasks to queue
[2026-05-10T07:29:51.648+0000] {logging_mixin.py:188} INFO - [2026-05-10T07:29:51.647+0000] {dagbag.py:545} INFO - Filling up the DagBag from /opt/airflow/dags/minio_to_snowflake_dag.py
[2026-05-10T07:29:53.842+0000] {processor.py:840} INFO - DAG(s) 'minio_to_snowflake_banking' retrieved from /opt/airflow/dags/minio_to_snowflake_dag.py
[2026-05-10T07:29:53.897+0000] {logging_mixin.py:188} INFO - [2026-05-10T07:29:53.896+0000] {dag.py:3089} INFO - Sync 1 DAGs
[2026-05-10T07:29:53.931+0000] {logging_mixin.py:188} INFO - [2026-05-10T07:29:53.930+0000] {dag.py:3947} INFO - Setting next_dagrun for minio_to_snowflake_banking to 2026-05-10 07:29:00+00:00, run_after=2026-05-10 07:30:00+00:00
[2026-05-10T07:29:53.960+0000] {processor.py:183} INFO - Processing /opt/airflow/dags/minio_to_snowflake_dag.py took 2.329 seconds
[2026-05-10T07:30:24.353+0000] {processor.py:161} INFO - Started process (PID=2748) to work on /opt/airflow/dags/minio_to_snowflake_dag.py
[2026-05-10T07:30:24.355+0000] {processor.py:830} INFO - Processing file /opt/airflow/dags/minio_to_snowflake_dag.py for tasks to queue
[2026-05-10T07:30:24.359+0000] {logging_mixin.py:188} INFO - [2026-05-10T07:30:24.358+0000] {dagbag.py:545} INFO - Filling up the DagBag from /opt/airflow/dags/minio_to_snowflake_dag.py
[2026-05-10T07:30:27.280+0000] {processor.py:840} INFO - DAG(s) 'minio_to_snowflake_banking' retrieved from /opt/airflow/dags/minio_to_snowflake_dag.py
[2026-05-10T07:30:27.867+0000] {logging_mixin.py:188} INFO - [2026-05-10T07:30:27.844+0000] {dag.py:3089} INFO - Sync 1 DAGs
[2026-05-10T07:30:28.096+0000] {logging_mixin.py:188} INFO - [2026-05-10T07:30:28.085+0000] {dag.py:3947} INFO - Setting next_dagrun for minio_to_snowflake_banking to 2026-05-10 07:30:00+00:00, run_after=2026-05-10 07:31:00+00:00
[2026-05-10T07:30:28.336+0000] {processor.py:183} INFO - Processing /opt/airflow/dags/minio_to_snowflake_dag.py took 3.995 seconds
[2026-05-10T07:30:58.680+0000] {processor.py:161} INFO - Started process (PID=2768) to work on /opt/airflow/dags/minio_to_snowflake_dag.py
[2026-05-10T07:30:58.684+0000] {processor.py:830} INFO - Processing file /opt/airflow/dags/minio_to_snowflake_dag.py for tasks to queue
[2026-05-10T07:30:58.689+0000] {logging_mixin.py:188} INFO - [2026-05-10T07:30:58.688+0000] {dagbag.py:545} INFO - Filling up the DagBag from /opt/airflow/dags/minio_to_snowflake_dag.py
[2026-05-10T07:31:01.025+0000] {processor.py:840} INFO - DAG(s) 'minio_to_snowflake_banking' retrieved from /opt/airflow/dags/minio_to_snowflake_dag.py
[2026-05-10T07:31:01.096+0000] {logging_mixin.py:188} INFO - [2026-05-10T07:31:01.095+0000] {dag.py:3089} INFO - Sync 1 DAGs
[2026-05-10T07:31:01.135+0000] {logging_mixin.py:188} INFO - [2026-05-10T07:31:01.134+0000] {dag.py:3947} INFO - Setting next_dagrun for minio_to_snowflake_banking to 2026-05-10 07:31:00+00:00, run_after=2026-05-10 07:32:00+00:00
[2026-05-10T07:31:01.170+0000] {processor.py:183} INFO - Processing /opt/airflow/dags/minio_to_snowflake_dag.py took 2.509 seconds
[2026-05-10T07:31:31.501+0000] {processor.py:161} INFO - Started process (PID=2825) to work on /opt/airflow/dags/minio_to_snowflake_dag.py
[2026-05-10T07:31:31.503+0000] {processor.py:830} INFO - Processing file /opt/airflow/dags/minio_to_snowflake_dag.py for tasks to queue
[2026-05-10T07:31:31.509+0000] {logging_mixin.py:188} INFO - [2026-05-10T07:31:31.508+0000] {dagbag.py:545} INFO - Filling up the DagBag from /opt/airflow/dags/minio_to_snowflake_dag.py
[2026-05-10T07:31:35.038+0000] {processor.py:840} INFO - DAG(s) 'minio_to_snowflake_banking' retrieved from /opt/airflow/dags/minio_to_snowflake_dag.py
[2026-05-10T07:31:35.118+0000] {logging_mixin.py:188} INFO - [2026-05-10T07:31:35.117+0000] {dag.py:3089} INFO - Sync 1 DAGs
[2026-05-10T07:31:35.160+0000] {logging_mixin.py:188} INFO - [2026-05-10T07:31:35.160+0000] {dag.py:3947} INFO - Setting next_dagrun for minio_to_snowflake_banking to 2026-05-10 07:31:00+00:00, run_after=2026-05-10 07:32:00+00:00
[2026-05-10T07:31:35.203+0000] {processor.py:183} INFO - Processing /opt/airflow/dags/minio_to_snowflake_dag.py took 3.718 seconds
[2026-05-10T07:32:05.321+0000] {processor.py:161} INFO - Started process (PID=2837) to work on /opt/airflow/dags/minio_to_snowflake_dag.py
[2026-05-10T07:32:05.328+0000] {processor.py:830} INFO - Processing file /opt/airflow/dags/minio_to_snowflake_dag.py for tasks to queue
[2026-05-10T07:32:05.334+0000] {logging_mixin.py:188} INFO - [2026-05-10T07:32:05.334+0000] {dagbag.py:545} INFO - Filling up the DagBag from /opt/airflow/dags/minio_to_snowflake_dag.py
[2026-05-10T07:32:07.527+0000] {processor.py:840} INFO - DAG(s) 'minio_to_snowflake_banking' retrieved from /opt/airflow/dags/minio_to_snowflake_dag.py
[2026-05-10T07:32:07.660+0000] {logging_mixin.py:188} INFO - [2026-05-10T07:32:07.659+0000] {dag.py:3089} INFO - Sync 1 DAGs
[2026-05-10T07:32:07.702+0000] {logging_mixin.py:188} INFO - [2026-05-10T07:32:07.702+0000] {dag.py:3947} INFO - Setting next_dagrun for minio_to_snowflake_banking to 2026-05-10 07:32:00+00:00, run_after=2026-05-10 07:33:00+00:00
[2026-05-10T07:32:07.735+0000] {processor.py:183} INFO - Processing /opt/airflow/dags/minio_to_snowflake_dag.py took 2.426 seconds
[2026-05-10T07:32:38.075+0000] {processor.py:161} INFO - Started process (PID=2899) to work on /opt/airflow/dags/minio_to_snowflake_dag.py
[2026-05-10T07:32:38.078+0000] {processor.py:830} INFO - Processing file /opt/airflow/dags/minio_to_snowflake_dag.py for tasks to queue
[2026-05-10T07:32:38.090+0000] {logging_mixin.py:188} INFO - [2026-05-10T07:32:38.089+0000] {dagbag.py:545} INFO - Filling up the DagBag from /opt/airflow/dags/minio_to_snowflake_dag.py
[2026-05-10T07:32:40.867+0000] {processor.py:840} INFO - DAG(s) 'minio_to_snowflake_banking' retrieved from /opt/airflow/dags/minio_to_snowflake_dag.py
[2026-05-10T07:32:40.923+0000] {logging_mixin.py:188} INFO - [2026-05-10T07:32:40.922+0000] {dag.py:3089} INFO - Sync 1 DAGs
[2026-05-10T07:32:40.953+0000] {logging_mixin.py:188} INFO - [2026-05-10T07:32:40.952+0000] {dag.py:3947} INFO - Setting next_dagrun for minio_to_snowflake_banking to 2026-05-10 07:32:00+00:00, run_after=2026-05-10 07:33:00+00:00
[2026-05-10T07:32:40.985+0000] {processor.py:183} INFO - Processing /opt/airflow/dags/minio_to_snowflake_dag.py took 2.941 seconds
[2026-05-10T07:33:11.081+0000] {processor.py:161} INFO - Started process (PID=2935) to work on /opt/airflow/dags/minio_to_snowflake_dag.py
[2026-05-10T07:33:11.083+0000] {processor.py:830} INFO - Processing file /opt/airflow/dags/minio_to_snowflake_dag.py for tasks to queue
[2026-05-10T07:33:11.087+0000] {logging_mixin.py:188} INFO - [2026-05-10T07:33:11.086+0000] {dagbag.py:545} INFO - Filling up the DagBag from /opt/airflow/dags/minio_to_snowflake_dag.py
[2026-05-10T07:33:12.695+0000] {processor.py:840} INFO - DAG(s) 'minio_to_snowflake_banking' retrieved from /opt/airflow/dags/minio_to_snowflake_dag.py
[2026-05-10T07:33:12.757+0000] {logging_mixin.py:188} INFO - [2026-05-10T07:33:12.756+0000] {dag.py:3089} INFO - Sync 1 DAGs
[2026-05-10T07:33:12.815+0000] {logging_mixin.py:188} INFO - [2026-05-10T07:33:12.814+0000] {dag.py:3947} INFO - Setting next_dagrun for minio_to_snowflake_banking to 2026-05-10 07:33:00+00:00, run_after=2026-05-10 07:34:00+00:00
[2026-05-10T07:33:12.871+0000] {processor.py:183} INFO - Processing /opt/airflow/dags/minio_to_snowflake_dag.py took 1.804 seconds
[2026-05-10T07:33:43.227+0000] {processor.py:161} INFO - Started process (PID=2967) to work on /opt/airflow/dags/minio_to_snowflake_dag.py
[2026-05-10T07:33:43.229+0000] {processor.py:830} INFO - Processing file /opt/airflow/dags/minio_to_snowflake_dag.py for tasks to queue
[2026-05-10T07:33:43.234+0000] {logging_mixin.py:188} INFO - [2026-05-10T07:33:43.233+0000] {dagbag.py:545} INFO - Filling up the DagBag from /opt/airflow/dags/minio_to_snowflake_dag.py
[2026-05-10T07:33:45.340+0000] {processor.py:840} INFO - DAG(s) 'minio_to_snowflake_banking' retrieved from /opt/airflow/dags/minio_to_snowflake_dag.py
[2026-05-10T07:33:45.399+0000] {logging_mixin.py:188} INFO - [2026-05-10T07:33:45.399+0000] {dag.py:3089} INFO - Sync 1 DAGs
[2026-05-10T07:33:45.435+0000] {logging_mixin.py:188} INFO - [2026-05-10T07:33:45.435+0000] {dag.py:3947} INFO - Setting next_dagrun for minio_to_snowflake_banking to 2026-05-10 07:33:00+00:00, run_after=2026-05-10 07:34:00+00:00
[2026-05-10T07:33:45.468+0000] {processor.py:183} INFO - Processing /opt/airflow/dags/minio_to_snowflake_dag.py took 2.255 seconds
[2026-05-10T07:34:15.776+0000] {processor.py:161} INFO - Started process (PID=3004) to work on /opt/airflow/dags/minio_to_snowflake_dag.py
[2026-05-10T07:34:15.778+0000] {processor.py:830} INFO - Processing file /opt/airflow/dags/minio_to_snowflake_dag.py for tasks to queue
[2026-05-10T07:34:15.782+0000] {logging_mixin.py:188} INFO - [2026-05-10T07:34:15.781+0000] {dagbag.py:545} INFO - Filling up the DagBag from /opt/airflow/dags/minio_to_snowflake_dag.py
[2026-05-10T07:34:17.663+0000] {processor.py:840} INFO - DAG(s) 'minio_to_snowflake_banking' retrieved from /opt/airflow/dags/minio_to_snowflake_dag.py
[2026-05-10T07:34:17.717+0000] {logging_mixin.py:188} INFO - [2026-05-10T07:34:17.716+0000] {dag.py:3089} INFO - Sync 1 DAGs
[2026-05-10T07:34:17.752+0000] {logging_mixin.py:188} INFO - [2026-05-10T07:34:17.751+0000] {dag.py:3947} INFO - Setting next_dagrun for minio_to_snowflake_banking to 2026-05-10 07:34:00+00:00, run_after=2026-05-10 07:35:00+00:00
[2026-05-10T07:34:17.784+0000] {processor.py:183} INFO - Processing /opt/airflow/dags/minio_to_snowflake_dag.py took 2.023 seconds
[2026-05-10T07:34:48.244+0000] {processor.py:161} INFO - Started process (PID=3035) to work on /opt/airflow/dags/minio_to_snowflake_dag.py
[2026-05-10T07:34:48.248+0000] {processor.py:830} INFO - Processing file /opt/airflow/dags/minio_to_snowflake_dag.py for tasks to queue
[2026-05-10T07:34:48.265+0000] {logging_mixin.py:188} INFO - [2026-05-10T07:34:48.261+0000] {dagbag.py:545} INFO - Filling up the DagBag from /opt/airflow/dags/minio_to_snowflake_dag.py
[2026-05-10T07:34:51.369+0000] {processor.py:840} INFO - DAG(s) 'minio_to_snowflake_banking' retrieved from /opt/airflow/dags/minio_to_snowflake_dag.py
[2026-05-10T07:34:51.440+0000] {logging_mixin.py:188} INFO - [2026-05-10T07:34:51.439+0000] {dag.py:3089} INFO - Sync 1 DAGs
[2026-05-10T07:34:51.485+0000] {logging_mixin.py:188} INFO - [2026-05-10T07:34:51.484+0000] {dag.py:3947} INFO - Setting next_dagrun for minio_to_snowflake_banking to 2026-05-10 07:34:00+00:00, run_after=2026-05-10 07:35:00+00:00
[2026-05-10T07:34:51.526+0000] {processor.py:183} INFO - Processing /opt/airflow/dags/minio_to_snowflake_dag.py took 3.338 seconds
[2026-05-10T07:35:21.836+0000] {processor.py:161} INFO - Started process (PID=3083) to work on /opt/airflow/dags/minio_to_snowflake_dag.py
[2026-05-10T07:35:21.839+0000] {processor.py:830} INFO - Processing file /opt/airflow/dags/minio_to_snowflake_dag.py for tasks to queue
[2026-05-10T07:35:21.843+0000] {logging_mixin.py:188} INFO - [2026-05-10T07:35:21.842+0000] {dagbag.py:545} INFO - Filling up the DagBag from /opt/airflow/dags/minio_to_snowflake_dag.py
[2026-05-10T07:35:24.138+0000] {processor.py:840} INFO - DAG(s) 'minio_to_snowflake_banking' retrieved from /opt/airflow/dags/minio_to_snowflake_dag.py
[2026-05-10T07:35:24.558+0000] {logging_mixin.py:188} INFO - [2026-05-10T07:35:24.544+0000] {dag.py:3089} INFO - Sync 1 DAGs
[2026-05-10T07:35:24.666+0000] {logging_mixin.py:188} INFO - [2026-05-10T07:35:24.659+0000] {dag.py:3947} INFO - Setting next_dagrun for minio_to_snowflake_banking to 2026-05-10 07:35:00+00:00, run_after=2026-05-10 07:36:00+00:00
[2026-05-10T07:35:24.771+0000] {processor.py:183} INFO - Processing /opt/airflow/dags/minio_to_snowflake_dag.py took 2.945 seconds
[2026-05-10T07:35:54.939+0000] {processor.py:161} INFO - Started process (PID=3103) to work on /opt/airflow/dags/minio_to_snowflake_dag.py
[2026-05-10T07:35:54.942+0000] {processor.py:830} INFO - Processing file /opt/airflow/dags/minio_to_snowflake_dag.py for tasks to queue
[2026-05-10T07:35:54.946+0000] {logging_mixin.py:188} INFO - [2026-05-10T07:35:54.945+0000] {dagbag.py:545} INFO - Filling up the DagBag from /opt/airflow/dags/minio_to_snowflake_dag.py
[2026-05-10T07:35:57.270+0000] {processor.py:840} INFO - DAG(s) 'minio_to_snowflake_banking' retrieved from /opt/airflow/dags/minio_to_snowflake_dag.py
[2026-05-10T07:35:57.328+0000] {logging_mixin.py:188} INFO - [2026-05-10T07:35:57.328+0000] {dag.py:3089} INFO - Sync 1 DAGs
[2026-05-10T07:35:57.360+0000] {logging_mixin.py:188} INFO - [2026-05-10T07:35:57.360+0000] {dag.py:3947} INFO - Setting next_dagrun for minio_to_snowflake_banking to 2026-05-10 07:35:00+00:00, run_after=2026-05-10 07:36:00+00:00
[2026-05-10T07:35:57.393+0000] {processor.py:183} INFO - Processing /opt/airflow/dags/minio_to_snowflake_dag.py took 2.466 seconds
[2026-05-10T07:36:27.697+0000] {processor.py:161} INFO - Started process (PID=3167) to work on /opt/airflow/dags/minio_to_snowflake_dag.py
[2026-05-10T07:36:27.699+0000] {processor.py:830} INFO - Processing file /opt/airflow/dags/minio_to_snowflake_dag.py for tasks to queue
[2026-05-10T07:36:27.704+0000] {logging_mixin.py:188} INFO - [2026-05-10T07:36:27.703+0000] {dagbag.py:545} INFO - Filling up the DagBag from /opt/airflow/dags/minio_to_snowflake_dag.py
[2026-05-10T07:36:29.776+0000] {processor.py:840} INFO - DAG(s) 'minio_to_snowflake_banking' retrieved from /opt/airflow/dags/minio_to_snowflake_dag.py
[2026-05-10T07:36:29.832+0000] {logging_mixin.py:188} INFO - [2026-05-10T07:36:29.832+0000] {dag.py:3089} INFO - Sync 1 DAGs
[2026-05-10T07:36:29.864+0000] {logging_mixin.py:188} INFO - [2026-05-10T07:36:29.864+0000] {dag.py:3947} INFO - Setting next_dagrun for minio_to_snowflake_banking to 2026-05-10 07:36:00+00:00, run_after=2026-05-10 07:37:00+00:00
[2026-05-10T07:36:29.894+0000] {processor.py:183} INFO - Processing /opt/airflow/dags/minio_to_snowflake_dag.py took 2.230 seconds
[2026-05-10T07:37:00.032+0000] {processor.py:161} INFO - Started process (PID=3171) to work on /opt/airflow/dags/minio_to_snowflake_dag.py
[2026-05-10T07:37:00.034+0000] {processor.py:830} INFO - Processing file /opt/airflow/dags/minio_to_snowflake_dag.py for tasks to queue
[2026-05-10T07:37:00.038+0000] {logging_mixin.py:188} INFO - [2026-05-10T07:37:00.037+0000] {dagbag.py:545} INFO - Filling up the DagBag from /opt/airflow/dags/minio_to_snowflake_dag.py
[2026-05-10T07:37:01.246+0000] {processor.py:840} INFO - DAG(s) 'minio_to_snowflake_banking' retrieved from /opt/airflow/dags/minio_to_snowflake_dag.py
[2026-05-10T07:37:01.292+0000] {logging_mixin.py:188} INFO - [2026-05-10T07:37:01.292+0000] {dag.py:3089} INFO - Sync 1 DAGs
[2026-05-10T07:37:01.329+0000] {logging_mixin.py:188} INFO - [2026-05-10T07:37:01.329+0000] {dag.py:3947} INFO - Setting next_dagrun for minio_to_snowflake_banking to 2026-05-10 07:37:00+00:00, run_after=2026-05-10 07:38:00+00:00
[2026-05-10T07:37:01.360+0000] {processor.py:183} INFO - Processing /opt/airflow/dags/minio_to_snowflake_dag.py took 1.341 seconds
[2026-05-10T07:37:31.595+0000] {processor.py:161} INFO - Started process (PID=3234) to work on /opt/airflow/dags/minio_to_snowflake_dag.py
[2026-05-10T07:37:31.598+0000] {processor.py:830} INFO - Processing file /opt/airflow/dags/minio_to_snowflake_dag.py for tasks to queue
[2026-05-10T07:37:31.608+0000] {logging_mixin.py:188} INFO - [2026-05-10T07:37:31.606+0000] {dagbag.py:545} INFO - Filling up the DagBag from /opt/airflow/dags/minio_to_snowflake_dag.py
[2026-05-10T07:37:34.136+0000] {processor.py:840} INFO - DAG(s) 'minio_to_snowflake_banking' retrieved from /opt/airflow/dags/minio_to_snowflake_dag.py
[2026-05-10T07:37:34.192+0000] {logging_mixin.py:188} INFO - [2026-05-10T07:37:34.191+0000] {dag.py:3089} INFO - Sync 1 DAGs
[2026-05-10T07:37:34.225+0000] {logging_mixin.py:188} INFO - [2026-05-10T07:37:34.225+0000] {dag.py:3947} INFO - Setting next_dagrun for minio_to_snowflake_banking to 2026-05-10 07:37:00+00:00, run_after=2026-05-10 07:38:00+00:00
[2026-05-10T07:37:34.256+0000] {processor.py:183} INFO - Processing /opt/airflow/dags/minio_to_snowflake_dag.py took 2.704 seconds
[2026-05-10T07:38:04.564+0000] {processor.py:161} INFO - Started process (PID=3239) to work on /opt/airflow/dags/minio_to_snowflake_dag.py
[2026-05-10T07:38:04.566+0000] {processor.py:830} INFO - Processing file /opt/airflow/dags/minio_to_snowflake_dag.py for tasks to queue
[2026-05-10T07:38:04.570+0000] {logging_mixin.py:188} INFO - [2026-05-10T07:38:04.570+0000] {dagbag.py:545} INFO - Filling up the DagBag from /opt/airflow/dags/minio_to_snowflake_dag.py
[2026-05-10T07:38:06.179+0000] {processor.py:840} INFO - DAG(s) 'minio_to_snowflake_banking' retrieved from /opt/airflow/dags/minio_to_snowflake_dag.py
[2026-05-10T07:38:06.316+0000] {logging_mixin.py:188} INFO - [2026-05-10T07:38:06.315+0000] {dag.py:3089} INFO - Sync 1 DAGs
[2026-05-10T07:38:06.349+0000] {logging_mixin.py:188} INFO - [2026-05-10T07:38:06.349+0000] {dag.py:3947} INFO - Setting next_dagrun for minio_to_snowflake_banking to 2026-05-10 07:38:00+00:00, run_after=2026-05-10 07:39:00+00:00
[2026-05-10T07:38:06.386+0000] {processor.py:183} INFO - Processing /opt/airflow/dags/minio_to_snowflake_dag.py took 1.835 seconds
[2026-05-10T07:38:36.707+0000] {processor.py:161} INFO - Started process (PID=3302) to work on /opt/airflow/dags/minio_to_snowflake_dag.py
[2026-05-10T07:38:36.709+0000] {processor.py:830} INFO - Processing file /opt/airflow/dags/minio_to_snowflake_dag.py for tasks to queue
[2026-05-10T07:38:36.713+0000] {logging_mixin.py:188} INFO - [2026-05-10T07:38:36.712+0000] {dagbag.py:545} INFO - Filling up the DagBag from /opt/airflow/dags/minio_to_snowflake_dag.py
[2026-05-10T07:38:38.487+0000] {processor.py:840} INFO - DAG(s) 'minio_to_snowflake_banking' retrieved from /opt/airflow/dags/minio_to_snowflake_dag.py
[2026-05-10T07:38:38.538+0000] {logging_mixin.py:188} INFO - [2026-05-10T07:38:38.537+0000] {dag.py:3089} INFO - Sync 1 DAGs
[2026-05-10T07:38:38.568+0000] {logging_mixin.py:188} INFO - [2026-05-10T07:38:38.568+0000] {dag.py:3947} INFO - Setting next_dagrun for minio_to_snowflake_banking to 2026-05-10 07:38:00+00:00, run_after=2026-05-10 07:39:00+00:00
[2026-05-10T07:38:38.596+0000] {processor.py:183} INFO - Processing /opt/airflow/dags/minio_to_snowflake_dag.py took 1.903 seconds
[2026-05-10T07:39:08.907+0000] {processor.py:161} INFO - Started process (PID=3318) to work on /opt/airflow/dags/minio_to_snowflake_dag.py
[2026-05-10T07:39:08.909+0000] {processor.py:830} INFO - Processing file /opt/airflow/dags/minio_to_snowflake_dag.py for tasks to queue
[2026-05-10T07:39:08.921+0000] {logging_mixin.py:188} INFO - [2026-05-10T07:39:08.915+0000] {dagbag.py:545} INFO - Filling up the DagBag from /opt/airflow/dags/minio_to_snowflake_dag.py
[2026-05-10T07:39:11.016+0000] {processor.py:840} INFO - DAG(s) 'minio_to_snowflake_banking' retrieved from /opt/airflow/dags/minio_to_snowflake_dag.py
[2026-05-10T07:39:11.077+0000] {logging_mixin.py:188} INFO - [2026-05-10T07:39:11.076+0000] {dag.py:3089} INFO - Sync 1 DAGs
[2026-05-10T07:39:11.111+0000] {logging_mixin.py:188} INFO - [2026-05-10T07:39:11.111+0000] {dag.py:3947} INFO - Setting next_dagrun for minio_to_snowflake_banking to 2026-05-10 07:39:00+00:00, run_after=2026-05-10 07:40:00+00:00
[2026-05-10T07:39:11.145+0000] {processor.py:183} INFO - Processing /opt/airflow/dags/minio_to_snowflake_dag.py took 2.251 seconds
[2026-05-10T07:39:41.427+0000] {processor.py:161} INFO - Started process (PID=3370) to work on /opt/airflow/dags/minio_to_snowflake_dag.py
[2026-05-10T07:39:41.429+0000] {processor.py:830} INFO - Processing file /opt/airflow/dags/minio_to_snowflake_dag.py for tasks to queue
[2026-05-10T07:39:41.433+0000] {logging_mixin.py:188} INFO - [2026-05-10T07:39:41.433+0000] {dagbag.py:545} INFO - Filling up the DagBag from /opt/airflow/dags/minio_to_snowflake_dag.py
[2026-05-10T07:39:43.376+0000] {processor.py:840} INFO - DAG(s) 'minio_to_snowflake_banking' retrieved from /opt/airflow/dags/minio_to_snowflake_dag.py
[2026-05-10T07:39:43.438+0000] {logging_mixin.py:188} INFO - [2026-05-10T07:39:43.437+0000] {dag.py:3089} INFO - Sync 1 DAGs
[2026-05-10T07:39:43.470+0000] {logging_mixin.py:188} INFO - [2026-05-10T07:39:43.470+0000] {dag.py:3947} INFO - Setting next_dagrun for minio_to_snowflake_banking to 2026-05-10 07:39:00+00:00, run_after=2026-05-10 07:40:00+00:00
[2026-05-10T07:39:43.502+0000] {processor.py:183} INFO - Processing /opt/airflow/dags/minio_to_snowflake_dag.py took 2.088 seconds
[2026-05-10T07:40:13.728+0000] {processor.py:161} INFO - Started process (PID=3407) to work on /opt/airflow/dags/minio_to_snowflake_dag.py
[2026-05-10T07:40:13.730+0000] {processor.py:830} INFO - Processing file /opt/airflow/dags/minio_to_snowflake_dag.py for tasks to queue
[2026-05-10T07:40:13.734+0000] {logging_mixin.py:188} INFO - [2026-05-10T07:40:13.734+0000] {dagbag.py:545} INFO - Filling up the DagBag from /opt/airflow/dags/minio_to_snowflake_dag.py
[2026-05-10T07:40:15.668+0000] {processor.py:840} INFO - DAG(s) 'minio_to_snowflake_banking' retrieved from /opt/airflow/dags/minio_to_snowflake_dag.py
[2026-05-10T07:40:15.786+0000] {logging_mixin.py:188} INFO - [2026-05-10T07:40:15.785+0000] {dag.py:3089} INFO - Sync 1 DAGs
[2026-05-10T07:40:15.821+0000] {logging_mixin.py:188} INFO - [2026-05-10T07:40:15.821+0000] {dag.py:3947} INFO - Setting next_dagrun for minio_to_snowflake_banking to 2026-05-10 07:40:00+00:00, run_after=2026-05-10 07:41:00+00:00
[2026-05-10T07:40:15.857+0000] {processor.py:183} INFO - Processing /opt/airflow/dags/minio_to_snowflake_dag.py took 2.139 seconds
[2026-05-10T07:40:45.997+0000] {processor.py:161} INFO - Started process (PID=3437) to work on /opt/airflow/dags/minio_to_snowflake_dag.py
[2026-05-10T07:40:45.999+0000] {processor.py:830} INFO - Processing file /opt/airflow/dags/minio_to_snowflake_dag.py for tasks to queue
[2026-05-10T07:40:46.003+0000] {logging_mixin.py:188} INFO - [2026-05-10T07:40:46.002+0000] {dagbag.py:545} INFO - Filling up the DagBag from /opt/airflow/dags/minio_to_snowflake_dag.py
[2026-05-10T07:40:47.895+0000] {processor.py:840} INFO - DAG(s) 'minio_to_snowflake_banking' retrieved from /opt/airflow/dags/minio_to_snowflake_dag.py
[2026-05-10T07:40:47.956+0000] {logging_mixin.py:188} INFO - [2026-05-10T07:40:47.956+0000] {dag.py:3089} INFO - Sync 1 DAGs
[2026-05-10T07:40:48.016+0000] {logging_mixin.py:188} INFO - [2026-05-10T07:40:48.016+0000] {dag.py:3947} INFO - Setting next_dagrun for minio_to_snowflake_banking to 2026-05-10 07:40:00+00:00, run_after=2026-05-10 07:41:00+00:00
[2026-05-10T07:40:48.057+0000] {processor.py:183} INFO - Processing /opt/airflow/dags/minio_to_snowflake_dag.py took 2.074 seconds
[2026-05-10T07:41:18.260+0000] {processor.py:161} INFO - Started process (PID=3483) to work on /opt/airflow/dags/minio_to_snowflake_dag.py
[2026-05-10T07:41:18.262+0000] {processor.py:830} INFO - Processing file /opt/airflow/dags/minio_to_snowflake_dag.py for tasks to queue
[2026-05-10T07:41:18.266+0000] {logging_mixin.py:188} INFO - [2026-05-10T07:41:18.265+0000] {dagbag.py:545} INFO - Filling up the DagBag from /opt/airflow/dags/minio_to_snowflake_dag.py
[2026-05-10T07:41:19.574+0000] {processor.py:840} INFO - DAG(s) 'minio_to_snowflake_banking' retrieved from /opt/airflow/dags/minio_to_snowflake_dag.py
[2026-05-10T07:41:19.633+0000] {logging_mixin.py:188} INFO - [2026-05-10T07:41:19.632+0000] {dag.py:3089} INFO - Sync 1 DAGs
[2026-05-10T07:41:19.664+0000] {logging_mixin.py:188} INFO - [2026-05-10T07:41:19.663+0000] {dag.py:3947} INFO - Setting next_dagrun for minio_to_snowflake_banking to 2026-05-10 07:41:00+00:00, run_after=2026-05-10 07:42:00+00:00
[2026-05-10T07:41:19.695+0000] {processor.py:183} INFO - Processing /opt/airflow/dags/minio_to_snowflake_dag.py took 1.446 seconds
[2026-05-10T07:41:49.978+0000] {processor.py:161} INFO - Started process (PID=3505) to work on /opt/airflow/dags/minio_to_snowflake_dag.py
[2026-05-10T07:41:49.980+0000] {processor.py:830} INFO - Processing file /opt/airflow/dags/minio_to_snowflake_dag.py for tasks to queue
[2026-05-10T07:41:49.983+0000] {logging_mixin.py:188} INFO - [2026-05-10T07:41:49.983+0000] {dagbag.py:545} INFO - Filling up the DagBag from /opt/airflow/dags/minio_to_snowflake_dag.py
[2026-05-10T07:41:51.862+0000] {processor.py:840} INFO - DAG(s) 'minio_to_snowflake_banking' retrieved from /opt/airflow/dags/minio_to_snowflake_dag.py
[2026-05-10T07:41:51.909+0000] {logging_mixin.py:188} INFO - [2026-05-10T07:41:51.909+0000] {dag.py:3089} INFO - Sync 1 DAGs
[2026-05-10T07:41:51.937+0000] {logging_mixin.py:188} INFO - [2026-05-10T07:41:51.937+0000] {dag.py:3947} INFO - Setting next_dagrun for minio_to_snowflake_banking to 2026-05-10 07:41:00+00:00, run_after=2026-05-10 07:42:00+00:00
[2026-05-10T07:41:51.965+0000] {processor.py:183} INFO - Processing /opt/airflow/dags/minio_to_snowflake_dag.py took 2.002 seconds
[2026-05-10T07:42:22.261+0000] {processor.py:161} INFO - Started process (PID=3559) to work on /opt/airflow/dags/minio_to_snowflake_dag.py
[2026-05-10T07:42:22.263+0000] {processor.py:830} INFO - Processing file /opt/airflow/dags/minio_to_snowflake_dag.py for tasks to queue
[2026-05-10T07:42:22.268+0000] {logging_mixin.py:188} INFO - [2026-05-10T07:42:22.267+0000] {dagbag.py:545} INFO - Filling up the DagBag from /opt/airflow/dags/minio_to_snowflake_dag.py
[2026-05-10T07:42:33.799+0000] {processor.py:840} INFO - DAG(s) 'minio_to_snowflake_banking' retrieved from /opt/airflow/dags/minio_to_snowflake_dag.py
[2026-05-10T07:42:33.869+0000] {logging_mixin.py:188} INFO - [2026-05-10T07:42:33.868+0000] {dag.py:3089} INFO - Sync 1 DAGs
[2026-05-10T07:42:33.914+0000] {logging_mixin.py:188} INFO - [2026-05-10T07:42:33.914+0000] {dag.py:3947} INFO - Setting next_dagrun for minio_to_snowflake_banking to 2026-05-10 07:42:00+00:00, run_after=2026-05-10 07:43:00+00:00
[2026-05-10T07:42:33.956+0000] {processor.py:183} INFO - Processing /opt/airflow/dags/minio_to_snowflake_dag.py took 11.719 seconds
[2026-05-10T07:43:04.258+0000] {processor.py:161} INFO - Started process (PID=3574) to work on /opt/airflow/dags/minio_to_snowflake_dag.py
[2026-05-10T07:43:04.260+0000] {processor.py:830} INFO - Processing file /opt/airflow/dags/minio_to_snowflake_dag.py for tasks to queue
[2026-05-10T07:43:04.264+0000] {logging_mixin.py:188} INFO - [2026-05-10T07:43:04.263+0000] {dagbag.py:545} INFO - Filling up the DagBag from /opt/airflow/dags/minio_to_snowflake_dag.py
[2026-05-10T07:43:06.300+0000] {processor.py:840} INFO - DAG(s) 'minio_to_snowflake_banking' retrieved from /opt/airflow/dags/minio_to_snowflake_dag.py
[2026-05-10T07:43:06.350+0000] {logging_mixin.py:188} INFO - [2026-05-10T07:43:06.350+0000] {dag.py:3089} INFO - Sync 1 DAGs
[2026-05-10T07:43:06.411+0000] {logging_mixin.py:188} INFO - [2026-05-10T07:43:06.411+0000] {dag.py:3947} INFO - Setting next_dagrun for minio_to_snowflake_banking to 2026-05-10 07:43:00+00:00, run_after=2026-05-10 07:44:00+00:00
[2026-05-10T07:43:06.447+0000] {processor.py:183} INFO - Processing /opt/airflow/dags/minio_to_snowflake_dag.py took 2.200 seconds
[2026-05-10T07:43:36.620+0000] {processor.py:161} INFO - Started process (PID=3637) to work on /opt/airflow/dags/minio_to_snowflake_dag.py
[2026-05-10T07:43:36.623+0000] {processor.py:830} INFO - Processing file /opt/airflow/dags/minio_to_snowflake_dag.py for tasks to queue
[2026-05-10T07:43:36.630+0000] {logging_mixin.py:188} INFO - [2026-05-10T07:43:36.628+0000] {dagbag.py:545} INFO - Filling up the DagBag from /opt/airflow/dags/minio_to_snowflake_dag.py
[2026-05-10T07:43:37.825+0000] {processor.py:840} INFO - DAG(s) 'minio_to_snowflake_banking' retrieved from /opt/airflow/dags/minio_to_snowflake_dag.py
[2026-05-10T07:43:37.863+0000] {logging_mixin.py:188} INFO - [2026-05-10T07:43:37.863+0000] {dag.py:3089} INFO - Sync 1 DAGs
[2026-05-10T07:43:37.893+0000] {logging_mixin.py:188} INFO - [2026-05-10T07:43:37.892+0000] {dag.py:3947} INFO - Setting next_dagrun for minio_to_snowflake_banking to 2026-05-10 07:43:00+00:00, run_after=2026-05-10 07:44:00+00:00
[2026-05-10T07:43:37.923+0000] {processor.py:183} INFO - Processing /opt/airflow/dags/minio_to_snowflake_dag.py took 1.320 seconds
[2026-05-10T07:44:08.240+0000] {processor.py:161} INFO - Started process (PID=3674) to work on /opt/airflow/dags/minio_to_snowflake_dag.py
[2026-05-10T07:44:08.244+0000] {processor.py:830} INFO - Processing file /opt/airflow/dags/minio_to_snowflake_dag.py for tasks to queue
[2026-05-10T07:44:08.250+0000] {logging_mixin.py:188} INFO - [2026-05-10T07:44:08.249+0000] {dagbag.py:545} INFO - Filling up the DagBag from /opt/airflow/dags/minio_to_snowflake_dag.py
[2026-05-10T07:44:09.315+0000] {processor.py:840} INFO - DAG(s) 'minio_to_snowflake_banking' retrieved from /opt/airflow/dags/minio_to_snowflake_dag.py
[2026-05-10T07:44:09.356+0000] {logging_mixin.py:188} INFO - [2026-05-10T07:44:09.355+0000] {dag.py:3089} INFO - Sync 1 DAGs
[2026-05-10T07:44:09.387+0000] {logging_mixin.py:188} INFO - [2026-05-10T07:44:09.387+0000] {dag.py:3947} INFO - Setting next_dagrun for minio_to_snowflake_banking to 2026-05-10 07:44:00+00:00, run_after=2026-05-10 07:45:00+00:00
[2026-05-10T07:44:09.418+0000] {processor.py:183} INFO - Processing /opt/airflow/dags/minio_to_snowflake_dag.py took 1.196 seconds
[2026-05-10T07:44:39.574+0000] {processor.py:161} INFO - Started process (PID=3704) to work on /opt/airflow/dags/minio_to_snowflake_dag.py
[2026-05-10T07:44:39.579+0000] {processor.py:830} INFO - Processing file /opt/airflow/dags/minio_to_snowflake_dag.py for tasks to queue
[2026-05-10T07:44:39.585+0000] {logging_mixin.py:188} INFO - [2026-05-10T07:44:39.584+0000] {dagbag.py:545} INFO - Filling up the DagBag from /opt/airflow/dags/minio_to_snowflake_dag.py
[2026-05-10T07:44:41.372+0000] {processor.py:840} INFO - DAG(s) 'minio_to_snowflake_banking' retrieved from /opt/airflow/dags/minio_to_snowflake_dag.py
[2026-05-10T07:44:41.427+0000] {logging_mixin.py:188} INFO - [2026-05-10T07:44:41.426+0000] {dag.py:3089} INFO - Sync 1 DAGs
[2026-05-10T07:44:41.479+0000] {logging_mixin.py:188} INFO - [2026-05-10T07:44:41.479+0000] {dag.py:3947} INFO - Setting next_dagrun for minio_to_snowflake_banking to 2026-05-10 07:44:00+00:00, run_after=2026-05-10 07:45:00+00:00
[2026-05-10T07:44:41.525+0000] {processor.py:183} INFO - Processing /opt/airflow/dags/minio_to_snowflake_dag.py took 1.972 seconds
[2026-05-10T07:45:11.914+0000] {processor.py:161} INFO - Started process (PID=3741) to work on /opt/airflow/dags/minio_to_snowflake_dag.py
[2026-05-10T07:45:11.916+0000] {processor.py:830} INFO - Processing file /opt/airflow/dags/minio_to_snowflake_dag.py for tasks to queue
[2026-05-10T07:45:11.920+0000] {logging_mixin.py:188} INFO - [2026-05-10T07:45:11.920+0000] {dagbag.py:545} INFO - Filling up the DagBag from /opt/airflow/dags/minio_to_snowflake_dag.py
[2026-05-10T07:45:13.379+0000] {processor.py:840} INFO - DAG(s) 'minio_to_snowflake_banking' retrieved from /opt/airflow/dags/minio_to_snowflake_dag.py
[2026-05-10T07:45:13.423+0000] {logging_mixin.py:188} INFO - [2026-05-10T07:45:13.422+0000] {dag.py:3089} INFO - Sync 1 DAGs
[2026-05-10T07:45:13.459+0000] {logging_mixin.py:188} INFO - [2026-05-10T07:45:13.459+0000] {dag.py:3947} INFO - Setting next_dagrun for minio_to_snowflake_banking to 2026-05-10 07:45:00+00:00, run_after=2026-05-10 07:46:00+00:00
[2026-05-10T07:45:13.493+0000] {processor.py:183} INFO - Processing /opt/airflow/dags/minio_to_snowflake_dag.py took 1.591 seconds
[2026-05-10T07:45:43.788+0000] {processor.py:161} INFO - Started process (PID=3771) to work on /opt/airflow/dags/minio_to_snowflake_dag.py
[2026-05-10T07:45:43.790+0000] {processor.py:830} INFO - Processing file /opt/airflow/dags/minio_to_snowflake_dag.py for tasks to queue
[2026-05-10T07:45:43.794+0000] {logging_mixin.py:188} INFO - [2026-05-10T07:45:43.794+0000] {dagbag.py:545} INFO - Filling up the DagBag from /opt/airflow/dags/minio_to_snowflake_dag.py
[2026-05-10T07:45:44.792+0000] {processor.py:840} INFO - DAG(s) 'minio_to_snowflake_banking' retrieved from /opt/airflow/dags/minio_to_snowflake_dag.py
[2026-05-10T07:45:44.830+0000] {logging_mixin.py:188} INFO - [2026-05-10T07:45:44.830+0000] {dag.py:3089} INFO - Sync 1 DAGs
[2026-05-10T07:45:44.860+0000] {logging_mixin.py:188} INFO - [2026-05-10T07:45:44.860+0000] {dag.py:3947} INFO - Setting next_dagrun for minio_to_snowflake_banking to 2026-05-10 07:45:00+00:00, run_after=2026-05-10 07:46:00+00:00
[2026-05-10T07:45:44.889+0000] {processor.py:183} INFO - Processing /opt/airflow/dags/minio_to_snowflake_dag.py took 1.113 seconds
[2026-05-10T07:46:15.017+0000] {processor.py:161} INFO - Started process (PID=3826) to work on /opt/airflow/dags/minio_to_snowflake_dag.py
[2026-05-10T07:46:15.019+0000] {processor.py:830} INFO - Processing file /opt/airflow/dags/minio_to_snowflake_dag.py for tasks to queue
[2026-05-10T07:46:15.027+0000] {logging_mixin.py:188} INFO - [2026-05-10T07:46:15.026+0000] {dagbag.py:545} INFO - Filling up the DagBag from /opt/airflow/dags/minio_to_snowflake_dag.py
[2026-05-10T07:46:19.229+0000] {processor.py:840} INFO - DAG(s) 'minio_to_snowflake_banking' retrieved from /opt/airflow/dags/minio_to_snowflake_dag.py
[2026-05-10T07:46:19.264+0000] {logging_mixin.py:188} INFO - [2026-05-10T07:46:19.263+0000] {dag.py:3089} INFO - Sync 1 DAGs
[2026-05-10T07:46:19.292+0000] {logging_mixin.py:188} INFO - [2026-05-10T07:46:19.291+0000] {dag.py:3947} INFO - Setting next_dagrun for minio_to_snowflake_banking to 2026-05-10 07:46:00+00:00, run_after=2026-05-10 07:47:00+00:00
[2026-05-10T07:46:19.329+0000] {processor.py:183} INFO - Processing /opt/airflow/dags/minio_to_snowflake_dag.py took 4.327 seconds
[2026-05-10T07:46:49.466+0000] {processor.py:161} INFO - Started process (PID=3838) to work on /opt/airflow/dags/minio_to_snowflake_dag.py
[2026-05-10T07:46:49.469+0000] {processor.py:830} INFO - Processing file /opt/airflow/dags/minio_to_snowflake_dag.py for tasks to queue
[2026-05-10T07:46:49.477+0000] {logging_mixin.py:188} INFO - [2026-05-10T07:46:49.476+0000] {dagbag.py:545} INFO - Filling up the DagBag from /opt/airflow/dags/minio_to_snowflake_dag.py
[2026-05-10T07:46:50.894+0000] {processor.py:840} INFO - DAG(s) 'minio_to_snowflake_banking' retrieved from /opt/airflow/dags/minio_to_snowflake_dag.py
[2026-05-10T07:46:50.951+0000] {logging_mixin.py:188} INFO - [2026-05-10T07:46:50.950+0000] {dag.py:3089} INFO - Sync 1 DAGs
[2026-05-10T07:46:50.992+0000] {logging_mixin.py:188} INFO - [2026-05-10T07:46:50.992+0000] {dag.py:3947} INFO - Setting next_dagrun for minio_to_snowflake_banking to 2026-05-10 07:46:00+00:00, run_after=2026-05-10 07:47:00+00:00
[2026-05-10T07:46:51.028+0000] {processor.py:183} INFO - Processing /opt/airflow/dags/minio_to_snowflake_dag.py took 1.582 seconds
[2026-05-10T07:47:21.357+0000] {processor.py:161} INFO - Started process (PID=3901) to work on /opt/airflow/dags/minio_to_snowflake_dag.py
[2026-05-10T07:47:21.359+0000] {processor.py:830} INFO - Processing file /opt/airflow/dags/minio_to_snowflake_dag.py for tasks to queue
[2026-05-10T07:47:21.364+0000] {logging_mixin.py:188} INFO - [2026-05-10T07:47:21.364+0000] {dagbag.py:545} INFO - Filling up the DagBag from /opt/airflow/dags/minio_to_snowflake_dag.py
[2026-05-10T07:47:22.720+0000] {processor.py:840} INFO - DAG(s) 'minio_to_snowflake_banking' retrieved from /opt/airflow/dags/minio_to_snowflake_dag.py
[2026-05-10T07:47:22.759+0000] {logging_mixin.py:188} INFO - [2026-05-10T07:47:22.758+0000] {dag.py:3089} INFO - Sync 1 DAGs
[2026-05-10T07:47:22.792+0000] {logging_mixin.py:188} INFO - [2026-05-10T07:47:22.792+0000] {dag.py:3947} INFO - Setting next_dagrun for minio_to_snowflake_banking to 2026-05-10 07:47:00+00:00, run_after=2026-05-10 07:48:00+00:00
[2026-05-10T07:47:22.829+0000] {processor.py:183} INFO - Processing /opt/airflow/dags/minio_to_snowflake_dag.py took 1.487 seconds
[2026-05-10T07:47:53.102+0000] {processor.py:161} INFO - Started process (PID=3905) to work on /opt/airflow/dags/minio_to_snowflake_dag.py
[2026-05-10T07:47:53.105+0000] {processor.py:830} INFO - Processing file /opt/airflow/dags/minio_to_snowflake_dag.py for tasks to queue
[2026-05-10T07:47:53.110+0000] {logging_mixin.py:188} INFO - [2026-05-10T07:47:53.109+0000] {dagbag.py:545} INFO - Filling up the DagBag from /opt/airflow/dags/minio_to_snowflake_dag.py
[2026-05-10T07:47:54.248+0000] {processor.py:840} INFO - DAG(s) 'minio_to_snowflake_banking' retrieved from /opt/airflow/dags/minio_to_snowflake_dag.py
[2026-05-10T07:47:54.289+0000] {logging_mixin.py:188} INFO - [2026-05-10T07:47:54.289+0000] {dag.py:3089} INFO - Sync 1 DAGs
[2026-05-10T07:47:54.324+0000] {logging_mixin.py:188} INFO - [2026-05-10T07:47:54.323+0000] {dag.py:3947} INFO - Setting next_dagrun for minio_to_snowflake_banking to 2026-05-10 07:47:00+00:00, run_after=2026-05-10 07:48:00+00:00
[2026-05-10T07:47:54.354+0000] {processor.py:183} INFO - Processing /opt/airflow/dags/minio_to_snowflake_dag.py took 1.264 seconds
[2026-05-10T07:48:24.713+0000] {processor.py:161} INFO - Started process (PID=3969) to work on /opt/airflow/dags/minio_to_snowflake_dag.py
[2026-05-10T07:48:24.715+0000] {processor.py:830} INFO - Processing file /opt/airflow/dags/minio_to_snowflake_dag.py for tasks to queue
[2026-05-10T07:48:24.719+0000] {logging_mixin.py:188} INFO - [2026-05-10T07:48:24.718+0000] {dagbag.py:545} INFO - Filling up the DagBag from /opt/airflow/dags/minio_to_snowflake_dag.py
[2026-05-10T07:48:25.714+0000] {processor.py:840} INFO - DAG(s) 'minio_to_snowflake_banking' retrieved from /opt/airflow/dags/minio_to_snowflake_dag.py
[2026-05-10T07:48:25.759+0000] {logging_mixin.py:188} INFO - [2026-05-10T07:48:25.758+0000] {dag.py:3089} INFO - Sync 1 DAGs
[2026-05-10T07:48:25.799+0000] {logging_mixin.py:188} INFO - [2026-05-10T07:48:25.799+0000] {dag.py:3947} INFO - Setting next_dagrun for minio_to_snowflake_banking to 2026-05-10 07:48:00+00:00, run_after=2026-05-10 07:49:00+00:00
[2026-05-10T07:48:25.830+0000] {processor.py:183} INFO - Processing /opt/airflow/dags/minio_to_snowflake_dag.py took 1.129 seconds
[2026-05-10T07:48:55.963+0000] {processor.py:161} INFO - Started process (PID=3973) to work on /opt/airflow/dags/minio_to_snowflake_dag.py
[2026-05-10T07:48:55.967+0000] {processor.py:830} INFO - Processing file /opt/airflow/dags/minio_to_snowflake_dag.py for tasks to queue
[2026-05-10T07:48:55.972+0000] {logging_mixin.py:188} INFO - [2026-05-10T07:48:55.971+0000] {dagbag.py:545} INFO - Filling up the DagBag from /opt/airflow/dags/minio_to_snowflake_dag.py
[2026-05-10T07:48:57.228+0000] {processor.py:840} INFO - DAG(s) 'minio_to_snowflake_banking' retrieved from /opt/airflow/dags/minio_to_snowflake_dag.py
[2026-05-10T07:48:57.271+0000] {logging_mixin.py:188} INFO - [2026-05-10T07:48:57.270+0000] {dag.py:3089} INFO - Sync 1 DAGs
[2026-05-10T07:48:57.307+0000] {logging_mixin.py:188} INFO - [2026-05-10T07:48:57.306+0000] {dag.py:3947} INFO - Setting next_dagrun for minio_to_snowflake_banking to 2026-05-10 07:48:00+00:00, run_after=2026-05-10 07:49:00+00:00
[2026-05-10T07:48:57.338+0000] {processor.py:183} INFO - Processing /opt/airflow/dags/minio_to_snowflake_dag.py took 1.389 seconds
[2026-05-10T07:49:27.636+0000] {processor.py:161} INFO - Started process (PID=4035) to work on /opt/airflow/dags/minio_to_snowflake_dag.py
[2026-05-10T07:49:27.638+0000] {processor.py:830} INFO - Processing file /opt/airflow/dags/minio_to_snowflake_dag.py for tasks to queue
[2026-05-10T07:49:27.642+0000] {logging_mixin.py:188} INFO - [2026-05-10T07:49:27.642+0000] {dagbag.py:545} INFO - Filling up the DagBag from /opt/airflow/dags/minio_to_snowflake_dag.py
[2026-05-10T07:49:28.694+0000] {processor.py:840} INFO - DAG(s) 'minio_to_snowflake_banking' retrieved from /opt/airflow/dags/minio_to_snowflake_dag.py
[2026-05-10T07:49:28.730+0000] {logging_mixin.py:188} INFO - [2026-05-10T07:49:28.729+0000] {dag.py:3089} INFO - Sync 1 DAGs
[2026-05-10T07:49:28.762+0000] {logging_mixin.py:188} INFO - [2026-05-10T07:49:28.762+0000] {dag.py:3947} INFO - Setting next_dagrun for minio_to_snowflake_banking to 2026-05-10 07:49:00+00:00, run_after=2026-05-10 07:50:00+00:00
[2026-05-10T07:49:28.791+0000] {processor.py:183} INFO - Processing /opt/airflow/dags/minio_to_snowflake_dag.py took 1.167 seconds
[2026-05-10T07:49:58.968+0000] {processor.py:161} INFO - Started process (PID=4039) to work on /opt/airflow/dags/minio_to_snowflake_dag.py
[2026-05-10T07:49:58.971+0000] {processor.py:830} INFO - Processing file /opt/airflow/dags/minio_to_snowflake_dag.py for tasks to queue
[2026-05-10T07:49:58.980+0000] {logging_mixin.py:188} INFO - [2026-05-10T07:49:58.978+0000] {dagbag.py:545} INFO - Filling up the DagBag from /opt/airflow/dags/minio_to_snowflake_dag.py
[2026-05-10T07:50:03.134+0000] {processor.py:840} INFO - DAG(s) 'minio_to_snowflake_banking' retrieved from /opt/airflow/dags/minio_to_snowflake_dag.py
[2026-05-10T07:50:03.206+0000] {logging_mixin.py:188} INFO - [2026-05-10T07:50:03.205+0000] {dag.py:3089} INFO - Sync 1 DAGs
[2026-05-10T07:50:03.244+0000] {logging_mixin.py:188} INFO - [2026-05-10T07:50:03.244+0000] {dag.py:3947} INFO - Setting next_dagrun for minio_to_snowflake_banking to 2026-05-10 07:50:00+00:00, run_after=2026-05-10 07:51:00+00:00
[2026-05-10T07:50:03.281+0000] {processor.py:183} INFO - Processing /opt/airflow/dags/minio_to_snowflake_dag.py took 4.360 seconds
[2026-05-10T07:50:33.746+0000] {processor.py:161} INFO - Started process (PID=4102) to work on /opt/airflow/dags/minio_to_snowflake_dag.py
[2026-05-10T07:50:33.749+0000] {processor.py:830} INFO - Processing file /opt/airflow/dags/minio_to_snowflake_dag.py for tasks to queue
[2026-05-10T07:50:33.761+0000] {logging_mixin.py:188} INFO - [2026-05-10T07:50:33.760+0000] {dagbag.py:545} INFO - Filling up the DagBag from /opt/airflow/dags/minio_to_snowflake_dag.py
[2026-05-10T07:50:35.005+0000] {processor.py:840} INFO - DAG(s) 'minio_to_snowflake_banking' retrieved from /opt/airflow/dags/minio_to_snowflake_dag.py
[2026-05-10T07:50:35.047+0000] {logging_mixin.py:188} INFO - [2026-05-10T07:50:35.047+0000] {dag.py:3089} INFO - Sync 1 DAGs
[2026-05-10T07:50:35.081+0000] {logging_mixin.py:188} INFO - [2026-05-10T07:50:35.081+0000] {dag.py:3947} INFO - Setting next_dagrun for minio_to_snowflake_banking to 2026-05-10 07:50:00+00:00, run_after=2026-05-10 07:51:00+00:00
[2026-05-10T07:50:35.114+0000] {processor.py:183} INFO - Processing /opt/airflow/dags/minio_to_snowflake_dag.py took 1.391 seconds
[2026-05-10T07:51:05.591+0000] {processor.py:161} INFO - Started process (PID=4107) to work on /opt/airflow/dags/minio_to_snowflake_dag.py
[2026-05-10T07:51:05.599+0000] {processor.py:830} INFO - Processing file /opt/airflow/dags/minio_to_snowflake_dag.py for tasks to queue
[2026-05-10T07:51:05.625+0000] {logging_mixin.py:188} INFO - [2026-05-10T07:51:05.621+0000] {dagbag.py:545} INFO - Filling up the DagBag from /opt/airflow/dags/minio_to_snowflake_dag.py
[2026-05-10T07:51:09.364+0000] {processor.py:840} INFO - DAG(s) 'minio_to_snowflake_banking' retrieved from /opt/airflow/dags/minio_to_snowflake_dag.py
[2026-05-10T07:51:09.490+0000] {logging_mixin.py:188} INFO - [2026-05-10T07:51:09.489+0000] {dag.py:3089} INFO - Sync 1 DAGs
[2026-05-10T07:51:09.641+0000] {logging_mixin.py:188} INFO - [2026-05-10T07:51:09.640+0000] {dag.py:3947} INFO - Setting next_dagrun for minio_to_snowflake_banking to 2026-05-10 07:51:00+00:00, run_after=2026-05-10 07:52:00+00:00
[2026-05-10T07:51:09.711+0000] {processor.py:183} INFO - Processing /opt/airflow/dags/minio_to_snowflake_dag.py took 4.175 seconds
[2026-05-10T07:51:40.090+0000] {processor.py:161} INFO - Started process (PID=4170) to work on /opt/airflow/dags/minio_to_snowflake_dag.py
[2026-05-10T07:51:40.094+0000] {processor.py:830} INFO - Processing file /opt/airflow/dags/minio_to_snowflake_dag.py for tasks to queue
[2026-05-10T07:51:40.099+0000] {logging_mixin.py:188} INFO - [2026-05-10T07:51:40.099+0000] {dagbag.py:545} INFO - Filling up the DagBag from /opt/airflow/dags/minio_to_snowflake_dag.py
[2026-05-10T07:51:41.392+0000] {processor.py:840} INFO - DAG(s) 'minio_to_snowflake_banking' retrieved from /opt/airflow/dags/minio_to_snowflake_dag.py
[2026-05-10T07:51:41.433+0000] {logging_mixin.py:188} INFO - [2026-05-10T07:51:41.432+0000] {dag.py:3089} INFO - Sync 1 DAGs
[2026-05-10T07:51:41.473+0000] {logging_mixin.py:188} INFO - [2026-05-10T07:51:41.472+0000] {dag.py:3947} INFO - Setting next_dagrun for minio_to_snowflake_banking to 2026-05-10 07:51:00+00:00, run_after=2026-05-10 07:52:00+00:00
[2026-05-10T07:51:41.509+0000] {processor.py:183} INFO - Processing /opt/airflow/dags/minio_to_snowflake_dag.py took 1.436 seconds
[2026-05-10T07:52:11.853+0000] {processor.py:161} INFO - Started process (PID=4207) to work on /opt/airflow/dags/minio_to_snowflake_dag.py
[2026-05-10T07:52:11.855+0000] {processor.py:830} INFO - Processing file /opt/airflow/dags/minio_to_snowflake_dag.py for tasks to queue
[2026-05-10T07:52:11.860+0000] {logging_mixin.py:188} INFO - [2026-05-10T07:52:11.859+0000] {dagbag.py:545} INFO - Filling up the DagBag from /opt/airflow/dags/minio_to_snowflake_dag.py
[2026-05-10T07:52:13.215+0000] {processor.py:840} INFO - DAG(s) 'minio_to_snowflake_banking' retrieved from /opt/airflow/dags/minio_to_snowflake_dag.py
[2026-05-10T07:52:13.354+0000] {logging_mixin.py:188} INFO - [2026-05-10T07:52:13.352+0000] {dag.py:3089} INFO - Sync 1 DAGs
[2026-05-10T07:52:13.419+0000] {logging_mixin.py:188} INFO - [2026-05-10T07:52:13.418+0000] {dag.py:3947} INFO - Setting next_dagrun for minio_to_snowflake_banking to 2026-05-10 07:52:00+00:00, run_after=2026-05-10 07:53:00+00:00
[2026-05-10T07:52:13.469+0000] {processor.py:183} INFO - Processing /opt/airflow/dags/minio_to_snowflake_dag.py took 1.627 seconds
[2026-05-10T07:52:43.659+0000] {processor.py:161} INFO - Started process (PID=4238) to work on /opt/airflow/dags/minio_to_snowflake_dag.py
[2026-05-10T07:52:43.661+0000] {processor.py:830} INFO - Processing file /opt/airflow/dags/minio_to_snowflake_dag.py for tasks to queue
[2026-05-10T07:52:43.667+0000] {logging_mixin.py:188} INFO - [2026-05-10T07:52:43.666+0000] {dagbag.py:545} INFO - Filling up the DagBag from /opt/airflow/dags/minio_to_snowflake_dag.py
[2026-05-10T07:52:44.670+0000] {processor.py:840} INFO - DAG(s) 'minio_to_snowflake_banking' retrieved from /opt/airflow/dags/minio_to_snowflake_dag.py
[2026-05-10T07:52:44.717+0000] {logging_mixin.py:188} INFO - [2026-05-10T07:52:44.716+0000] {dag.py:3089} INFO - Sync 1 DAGs
[2026-05-10T07:52:44.747+0000] {logging_mixin.py:188} INFO - [2026-05-10T07:52:44.747+0000] {dag.py:3947} INFO - Setting next_dagrun for minio_to_snowflake_banking to 2026-05-10 07:52:00+00:00, run_after=2026-05-10 07:53:00+00:00
[2026-05-10T07:52:44.780+0000] {processor.py:183} INFO - Processing /opt/airflow/dags/minio_to_snowflake_dag.py took 1.137 seconds
[2026-05-10T07:53:15.088+0000] {processor.py:161} INFO - Started process (PID=4294) to work on /opt/airflow/dags/minio_to_snowflake_dag.py
[2026-05-10T07:53:15.093+0000] {processor.py:830} INFO - Processing file /opt/airflow/dags/minio_to_snowflake_dag.py for tasks to queue
[2026-05-10T07:53:15.108+0000] {logging_mixin.py:188} INFO - [2026-05-10T07:53:15.106+0000] {dagbag.py:545} INFO - Filling up the DagBag from /opt/airflow/dags/minio_to_snowflake_dag.py
[2026-05-10T07:53:18.419+0000] {processor.py:840} INFO - DAG(s) 'minio_to_snowflake_banking' retrieved from /opt/airflow/dags/minio_to_snowflake_dag.py
[2026-05-10T07:53:18.510+0000] {logging_mixin.py:188} INFO - [2026-05-10T07:53:18.509+0000] {dag.py:3089} INFO - Sync 1 DAGs
[2026-05-10T07:53:18.573+0000] {logging_mixin.py:188} INFO - [2026-05-10T07:53:18.572+0000] {dag.py:3947} INFO - Setting next_dagrun for minio_to_snowflake_banking to 2026-05-10 07:53:00+00:00, run_after=2026-05-10 07:54:00+00:00
[2026-05-10T07:53:18.634+0000] {processor.py:183} INFO - Processing /opt/airflow/dags/minio_to_snowflake_dag.py took 3.588 seconds
[2026-05-10T07:53:48.989+0000] {processor.py:161} INFO - Started process (PID=4305) to work on /opt/airflow/dags/minio_to_snowflake_dag.py
[2026-05-10T07:53:48.991+0000] {processor.py:830} INFO - Processing file /opt/airflow/dags/minio_to_snowflake_dag.py for tasks to queue
[2026-05-10T07:53:49.001+0000] {logging_mixin.py:188} INFO - [2026-05-10T07:53:49.000+0000] {dagbag.py:545} INFO - Filling up the DagBag from /opt/airflow/dags/minio_to_snowflake_dag.py
[2026-05-10T07:53:50.132+0000] {processor.py:840} INFO - DAG(s) 'minio_to_snowflake_banking' retrieved from /opt/airflow/dags/minio_to_snowflake_dag.py
[2026-05-10T07:53:50.169+0000] {logging_mixin.py:188} INFO - [2026-05-10T07:53:50.168+0000] {dag.py:3089} INFO - Sync 1 DAGs
[2026-05-10T07:53:50.201+0000] {logging_mixin.py:188} INFO - [2026-05-10T07:53:50.200+0000] {dag.py:3947} INFO - Setting next_dagrun for minio_to_snowflake_banking to 2026-05-10 07:53:00+00:00, run_after=2026-05-10 07:54:00+00:00
[2026-05-10T07:53:50.232+0000] {processor.py:183} INFO - Processing /opt/airflow/dags/minio_to_snowflake_dag.py took 1.266 seconds
[2026-05-10T07:54:20.512+0000] {processor.py:161} INFO - Started process (PID=4369) to work on /opt/airflow/dags/minio_to_snowflake_dag.py
[2026-05-10T07:54:20.515+0000] {processor.py:830} INFO - Processing file /opt/airflow/dags/minio_to_snowflake_dag.py for tasks to queue
[2026-05-10T07:54:20.519+0000] {logging_mixin.py:188} INFO - [2026-05-10T07:54:20.518+0000] {dagbag.py:545} INFO - Filling up the DagBag from /opt/airflow/dags/minio_to_snowflake_dag.py
[2026-05-10T07:54:21.585+0000] {processor.py:840} INFO - DAG(s) 'minio_to_snowflake_banking' retrieved from /opt/airflow/dags/minio_to_snowflake_dag.py
[2026-05-10T07:54:21.628+0000] {logging_mixin.py:188} INFO - [2026-05-10T07:54:21.627+0000] {dag.py:3089} INFO - Sync 1 DAGs
[2026-05-10T07:54:21.656+0000] {logging_mixin.py:188} INFO - [2026-05-10T07:54:21.656+0000] {dag.py:3947} INFO - Setting next_dagrun for minio_to_snowflake_banking to 2026-05-10 07:54:00+00:00, run_after=2026-05-10 07:55:00+00:00
[2026-05-10T07:54:21.685+0000] {processor.py:183} INFO - Processing /opt/airflow/dags/minio_to_snowflake_dag.py took 1.183 seconds
[2026-05-10T07:54:51.955+0000] {processor.py:161} INFO - Started process (PID=4373) to work on /opt/airflow/dags/minio_to_snowflake_dag.py
[2026-05-10T07:54:51.957+0000] {processor.py:830} INFO - Processing file /opt/airflow/dags/minio_to_snowflake_dag.py for tasks to queue
[2026-05-10T07:54:51.962+0000] {logging_mixin.py:188} INFO - [2026-05-10T07:54:51.961+0000] {dagbag.py:545} INFO - Filling up the DagBag from /opt/airflow/dags/minio_to_snowflake_dag.py
[2026-05-10T07:54:52.921+0000] {processor.py:840} INFO - DAG(s) 'minio_to_snowflake_banking' retrieved from /opt/airflow/dags/minio_to_snowflake_dag.py
[2026-05-10T07:54:52.956+0000] {logging_mixin.py:188} INFO - [2026-05-10T07:54:52.955+0000] {dag.py:3089} INFO - Sync 1 DAGs
[2026-05-10T07:54:52.985+0000] {logging_mixin.py:188} INFO - [2026-05-10T07:54:52.984+0000] {dag.py:3947} INFO - Setting next_dagrun for minio_to_snowflake_banking to 2026-05-10 07:54:00+00:00, run_after=2026-05-10 07:55:00+00:00
[2026-05-10T07:54:53.022+0000] {processor.py:183} INFO - Processing /opt/airflow/dags/minio_to_snowflake_dag.py took 1.079 seconds
[2026-05-10T07:55:23.274+0000] {processor.py:161} INFO - Started process (PID=4437) to work on /opt/airflow/dags/minio_to_snowflake_dag.py
[2026-05-10T07:55:23.277+0000] {processor.py:830} INFO - Processing file /opt/airflow/dags/minio_to_snowflake_dag.py for tasks to queue
[2026-05-10T07:55:23.281+0000] {logging_mixin.py:188} INFO - [2026-05-10T07:55:23.280+0000] {dagbag.py:545} INFO - Filling up the DagBag from /opt/airflow/dags/minio_to_snowflake_dag.py
[2026-05-10T07:55:24.262+0000] {processor.py:840} INFO - DAG(s) 'minio_to_snowflake_banking' retrieved from /opt/airflow/dags/minio_to_snowflake_dag.py
[2026-05-10T07:55:24.296+0000] {logging_mixin.py:188} INFO - [2026-05-10T07:55:24.295+0000] {dag.py:3089} INFO - Sync 1 DAGs
[2026-05-10T07:55:24.325+0000] {logging_mixin.py:188} INFO - [2026-05-10T07:55:24.325+0000] {dag.py:3947} INFO - Setting next_dagrun for minio_to_snowflake_banking to 2026-05-10 07:55:00+00:00, run_after=2026-05-10 07:56:00+00:00
[2026-05-10T07:55:24.352+0000] {processor.py:183} INFO - Processing /opt/airflow/dags/minio_to_snowflake_dag.py took 1.087 seconds
[2026-05-10T07:55:54.534+0000] {processor.py:161} INFO - Started process (PID=4441) to work on /opt/airflow/dags/minio_to_snowflake_dag.py
[2026-05-10T07:55:54.536+0000] {processor.py:830} INFO - Processing file /opt/airflow/dags/minio_to_snowflake_dag.py for tasks to queue
[2026-05-10T07:55:54.540+0000] {logging_mixin.py:188} INFO - [2026-05-10T07:55:54.540+0000] {dagbag.py:545} INFO - Filling up the DagBag from /opt/airflow/dags/minio_to_snowflake_dag.py
[2026-05-10T07:55:55.445+0000] {processor.py:840} INFO - DAG(s) 'minio_to_snowflake_banking' retrieved from /opt/airflow/dags/minio_to_snowflake_dag.py
[2026-05-10T07:55:55.480+0000] {logging_mixin.py:188} INFO - [2026-05-10T07:55:55.479+0000] {dag.py:3089} INFO - Sync 1 DAGs
[2026-05-10T07:55:55.511+0000] {logging_mixin.py:188} INFO - [2026-05-10T07:55:55.511+0000] {dag.py:3947} INFO - Setting next_dagrun for minio_to_snowflake_banking to 2026-05-10 07:55:00+00:00, run_after=2026-05-10 07:56:00+00:00
[2026-05-10T07:55:55.540+0000] {processor.py:183} INFO - Processing /opt/airflow/dags/minio_to_snowflake_dag.py took 1.017 seconds
[2026-05-10T07:56:25.790+0000] {processor.py:161} INFO - Started process (PID=4504) to work on /opt/airflow/dags/minio_to_snowflake_dag.py
[2026-05-10T07:56:25.792+0000] {processor.py:830} INFO - Processing file /opt/airflow/dags/minio_to_snowflake_dag.py for tasks to queue
[2026-05-10T07:56:25.797+0000] {logging_mixin.py:188} INFO - [2026-05-10T07:56:25.796+0000] {dagbag.py:545} INFO - Filling up the DagBag from /opt/airflow/dags/minio_to_snowflake_dag.py
[2026-05-10T07:56:26.745+0000] {processor.py:840} INFO - DAG(s) 'minio_to_snowflake_banking' retrieved from /opt/airflow/dags/minio_to_snowflake_dag.py
[2026-05-10T07:56:26.785+0000] {logging_mixin.py:188} INFO - [2026-05-10T07:56:26.784+0000] {dag.py:3089} INFO - Sync 1 DAGs
[2026-05-10T07:56:26.813+0000] {logging_mixin.py:188} INFO - [2026-05-10T07:56:26.812+0000] {dag.py:3947} INFO - Setting next_dagrun for minio_to_snowflake_banking to 2026-05-10 07:56:00+00:00, run_after=2026-05-10 07:57:00+00:00
[2026-05-10T07:56:26.843+0000] {processor.py:183} INFO - Processing /opt/airflow/dags/minio_to_snowflake_dag.py took 1.064 seconds
[2026-05-10T07:56:57.093+0000] {processor.py:161} INFO - Started process (PID=4508) to work on /opt/airflow/dags/minio_to_snowflake_dag.py
[2026-05-10T07:56:57.095+0000] {processor.py:830} INFO - Processing file /opt/airflow/dags/minio_to_snowflake_dag.py for tasks to queue
[2026-05-10T07:56:57.101+0000] {logging_mixin.py:188} INFO - [2026-05-10T07:56:57.100+0000] {dagbag.py:545} INFO - Filling up the DagBag from /opt/airflow/dags/minio_to_snowflake_dag.py
[2026-05-10T07:56:58.278+0000] {processor.py:840} INFO - DAG(s) 'minio_to_snowflake_banking' retrieved from /opt/airflow/dags/minio_to_snowflake_dag.py
[2026-05-10T07:56:58.318+0000] {logging_mixin.py:188} INFO - [2026-05-10T07:56:58.317+0000] {dag.py:3089} INFO - Sync 1 DAGs
[2026-05-10T07:56:58.350+0000] {logging_mixin.py:188} INFO - [2026-05-10T07:56:58.350+0000] {dag.py:3947} INFO - Setting next_dagrun for minio_to_snowflake_banking to 2026-05-10 07:56:00+00:00, run_after=2026-05-10 07:57:00+00:00
[2026-05-10T07:56:58.386+0000] {processor.py:183} INFO - Processing /opt/airflow/dags/minio_to_snowflake_dag.py took 1.312 seconds
[2026-05-10T07:57:29.081+0000] {processor.py:161} INFO - Started process (PID=4572) to work on /opt/airflow/dags/minio_to_snowflake_dag.py
[2026-05-10T07:57:29.084+0000] {processor.py:830} INFO - Processing file /opt/airflow/dags/minio_to_snowflake_dag.py for tasks to queue
[2026-05-10T07:57:29.104+0000] {logging_mixin.py:188} INFO - [2026-05-10T07:57:29.101+0000] {dagbag.py:545} INFO - Filling up the DagBag from /opt/airflow/dags/minio_to_snowflake_dag.py
[2026-05-10T07:57:31.408+0000] {processor.py:840} INFO - DAG(s) 'minio_to_snowflake_banking' retrieved from /opt/airflow/dags/minio_to_snowflake_dag.py
[2026-05-10T07:57:31.463+0000] {logging_mixin.py:188} INFO - [2026-05-10T07:57:31.462+0000] {dag.py:3089} INFO - Sync 1 DAGs
[2026-05-10T07:57:31.505+0000] {logging_mixin.py:188} INFO - [2026-05-10T07:57:31.505+0000] {dag.py:3947} INFO - Setting next_dagrun for minio_to_snowflake_banking to 2026-05-10 07:57:00+00:00, run_after=2026-05-10 07:58:00+00:00
[2026-05-10T07:57:31.545+0000] {processor.py:183} INFO - Processing /opt/airflow/dags/minio_to_snowflake_dag.py took 2.517 seconds
[2026-05-10T07:58:01.840+0000] {processor.py:161} INFO - Started process (PID=4577) to work on /opt/airflow/dags/minio_to_snowflake_dag.py
[2026-05-10T07:58:01.843+0000] {processor.py:830} INFO - Processing file /opt/airflow/dags/minio_to_snowflake_dag.py for tasks to queue
[2026-05-10T07:58:01.848+0000] {logging_mixin.py:188} INFO - [2026-05-10T07:58:01.847+0000] {dagbag.py:545} INFO - Filling up the DagBag from /opt/airflow/dags/minio_to_snowflake_dag.py
[2026-05-10T07:58:03.283+0000] {processor.py:840} INFO - DAG(s) 'minio_to_snowflake_banking' retrieved from /opt/airflow/dags/minio_to_snowflake_dag.py
[2026-05-10T07:58:03.331+0000] {logging_mixin.py:188} INFO - [2026-05-10T07:58:03.330+0000] {dag.py:3089} INFO - Sync 1 DAGs
[2026-05-10T07:58:03.380+0000] {logging_mixin.py:188} INFO - [2026-05-10T07:58:03.379+0000] {dag.py:3947} INFO - Setting next_dagrun for minio_to_snowflake_banking to 2026-05-10 07:58:00+00:00, run_after=2026-05-10 07:59:00+00:00
[2026-05-10T07:58:03.415+0000] {processor.py:183} INFO - Processing /opt/airflow/dags/minio_to_snowflake_dag.py took 1.590 seconds
[2026-05-10T07:58:34.095+0000] {processor.py:161} INFO - Started process (PID=4640) to work on /opt/airflow/dags/minio_to_snowflake_dag.py
[2026-05-10T07:58:34.101+0000] {processor.py:830} INFO - Processing file /opt/airflow/dags/minio_to_snowflake_dag.py for tasks to queue
[2026-05-10T07:58:34.118+0000] {logging_mixin.py:188} INFO - [2026-05-10T07:58:34.115+0000] {dagbag.py:545} INFO - Filling up the DagBag from /opt/airflow/dags/minio_to_snowflake_dag.py
[2026-05-10T07:58:37.080+0000] {processor.py:840} INFO - DAG(s) 'minio_to_snowflake_banking' retrieved from /opt/airflow/dags/minio_to_snowflake_dag.py
[2026-05-10T07:58:37.141+0000] {logging_mixin.py:188} INFO - [2026-05-10T07:58:37.140+0000] {dag.py:3089} INFO - Sync 1 DAGs
[2026-05-10T07:58:37.178+0000] {logging_mixin.py:188} INFO - [2026-05-10T07:58:37.178+0000] {dag.py:3947} INFO - Setting next_dagrun for minio_to_snowflake_banking to 2026-05-10 07:58:00+00:00, run_after=2026-05-10 07:59:00+00:00
[2026-05-10T07:58:37.224+0000] {processor.py:183} INFO - Processing /opt/airflow/dags/minio_to_snowflake_dag.py took 3.175 seconds
[2026-05-10T07:59:07.525+0000] {processor.py:161} INFO - Started process (PID=4654) to work on /opt/airflow/dags/minio_to_snowflake_dag.py
[2026-05-10T07:59:07.530+0000] {processor.py:830} INFO - Processing file /opt/airflow/dags/minio_to_snowflake_dag.py for tasks to queue
[2026-05-10T07:59:07.537+0000] {logging_mixin.py:188} INFO - [2026-05-10T07:59:07.536+0000] {dagbag.py:545} INFO - Filling up the DagBag from /opt/airflow/dags/minio_to_snowflake_dag.py
[2026-05-10T07:59:09.280+0000] {processor.py:840} INFO - DAG(s) 'minio_to_snowflake_banking' retrieved from /opt/airflow/dags/minio_to_snowflake_dag.py
[2026-05-10T07:59:09.532+0000] {logging_mixin.py:188} INFO - [2026-05-10T07:59:09.529+0000] {dag.py:3089} INFO - Sync 1 DAGs
[2026-05-10T07:59:09.728+0000] {logging_mixin.py:188} INFO - [2026-05-10T07:59:09.726+0000] {dag.py:3947} INFO - Setting next_dagrun for minio_to_snowflake_banking to 2026-05-10 07:59:00+00:00, run_after=2026-05-10 08:00:00+00:00
[2026-05-10T07:59:10.179+0000] {processor.py:183} INFO - Processing /opt/airflow/dags/minio_to_snowflake_dag.py took 2.674 seconds
[2026-05-10T07:59:40.541+0000] {processor.py:161} INFO - Started process (PID=4708) to work on /opt/airflow/dags/minio_to_snowflake_dag.py
[2026-05-10T07:59:40.543+0000] {processor.py:830} INFO - Processing file /opt/airflow/dags/minio_to_snowflake_dag.py for tasks to queue
[2026-05-10T07:59:40.547+0000] {logging_mixin.py:188} INFO - [2026-05-10T07:59:40.546+0000] {dagbag.py:545} INFO - Filling up the DagBag from /opt/airflow/dags/minio_to_snowflake_dag.py
[2026-05-10T07:59:42.045+0000] {processor.py:840} INFO - DAG(s) 'minio_to_snowflake_banking' retrieved from /opt/airflow/dags/minio_to_snowflake_dag.py
[2026-05-10T07:59:42.090+0000] {logging_mixin.py:188} INFO - [2026-05-10T07:59:42.089+0000] {dag.py:3089} INFO - Sync 1 DAGs
[2026-05-10T07:59:42.130+0000] {logging_mixin.py:188} INFO - [2026-05-10T07:59:42.129+0000] {dag.py:3947} INFO - Setting next_dagrun for minio_to_snowflake_banking to 2026-05-10 07:59:00+00:00, run_after=2026-05-10 08:00:00+00:00
[2026-05-10T07:59:42.165+0000] {processor.py:183} INFO - Processing /opt/airflow/dags/minio_to_snowflake_dag.py took 1.637 seconds
[2026-05-10T08:00:12.719+0000] {processor.py:161} INFO - Started process (PID=4745) to work on /opt/airflow/dags/minio_to_snowflake_dag.py
[2026-05-10T08:00:12.723+0000] {processor.py:830} INFO - Processing file /opt/airflow/dags/minio_to_snowflake_dag.py for tasks to queue
[2026-05-10T08:00:12.728+0000] {logging_mixin.py:188} INFO - [2026-05-10T08:00:12.727+0000] {dagbag.py:545} INFO - Filling up the DagBag from /opt/airflow/dags/minio_to_snowflake_dag.py
[2026-05-10T08:00:14.961+0000] {processor.py:840} INFO - DAG(s) 'minio_to_snowflake_banking' retrieved from /opt/airflow/dags/minio_to_snowflake_dag.py
[2026-05-10T08:00:15.101+0000] {logging_mixin.py:188} INFO - [2026-05-10T08:00:15.099+0000] {dag.py:3089} INFO - Sync 1 DAGs
[2026-05-10T08:00:15.194+0000] {logging_mixin.py:188} INFO - [2026-05-10T08:00:15.194+0000] {dag.py:3947} INFO - Setting next_dagrun for minio_to_snowflake_banking to 2026-05-10 08:00:00+00:00, run_after=2026-05-10 08:01:00+00:00
[2026-05-10T08:00:15.255+0000] {processor.py:183} INFO - Processing /opt/airflow/dags/minio_to_snowflake_dag.py took 2.555 seconds
[2026-05-10T08:00:45.523+0000] {processor.py:161} INFO - Started process (PID=4776) to work on /opt/airflow/dags/minio_to_snowflake_dag.py
[2026-05-10T08:00:45.527+0000] {processor.py:830} INFO - Processing file /opt/airflow/dags/minio_to_snowflake_dag.py for tasks to queue
[2026-05-10T08:00:45.534+0000] {logging_mixin.py:188} INFO - [2026-05-10T08:00:45.533+0000] {dagbag.py:545} INFO - Filling up the DagBag from /opt/airflow/dags/minio_to_snowflake_dag.py
[2026-05-10T08:00:47.195+0000] {processor.py:840} INFO - DAG(s) 'minio_to_snowflake_banking' retrieved from /opt/airflow/dags/minio_to_snowflake_dag.py
[2026-05-10T08:00:47.243+0000] {logging_mixin.py:188} INFO - [2026-05-10T08:00:47.242+0000] {dag.py:3089} INFO - Sync 1 DAGs
[2026-05-10T08:00:47.277+0000] {logging_mixin.py:188} INFO - [2026-05-10T08:00:47.277+0000] {dag.py:3947} INFO - Setting next_dagrun for minio_to_snowflake_banking to 2026-05-10 08:00:00+00:00, run_after=2026-05-10 08:01:00+00:00
[2026-05-10T08:00:47.314+0000] {processor.py:183} INFO - Processing /opt/airflow/dags/minio_to_snowflake_dag.py took 1.815 seconds
[2026-05-10T08:01:17.668+0000] {processor.py:161} INFO - Started process (PID=4831) to work on /opt/airflow/dags/minio_to_snowflake_dag.py
[2026-05-10T08:01:17.672+0000] {processor.py:830} INFO - Processing file /opt/airflow/dags/minio_to_snowflake_dag.py for tasks to queue
[2026-05-10T08:01:17.680+0000] {logging_mixin.py:188} INFO - [2026-05-10T08:01:17.679+0000] {dagbag.py:545} INFO - Filling up the DagBag from /opt/airflow/dags/minio_to_snowflake_dag.py
[2026-05-10T08:01:20.004+0000] {processor.py:840} INFO - DAG(s) 'minio_to_snowflake_banking' retrieved from /opt/airflow/dags/minio_to_snowflake_dag.py
[2026-05-10T08:01:20.156+0000] {logging_mixin.py:188} INFO - [2026-05-10T08:01:20.155+0000] {dag.py:3089} INFO - Sync 1 DAGs
[2026-05-10T08:01:20.275+0000] {logging_mixin.py:188} INFO - [2026-05-10T08:01:20.274+0000] {dag.py:3947} INFO - Setting next_dagrun for minio_to_snowflake_banking to 2026-05-10 08:01:00+00:00, run_after=2026-05-10 08:02:00+00:00
[2026-05-10T08:01:20.363+0000] {processor.py:183} INFO - Processing /opt/airflow/dags/minio_to_snowflake_dag.py took 2.714 seconds
[2026-05-10T08:01:50.685+0000] {processor.py:161} INFO - Started process (PID=4844) to work on /opt/airflow/dags/minio_to_snowflake_dag.py
[2026-05-10T08:01:50.687+0000] {processor.py:830} INFO - Processing file /opt/airflow/dags/minio_to_snowflake_dag.py for tasks to queue
[2026-05-10T08:01:50.692+0000] {logging_mixin.py:188} INFO - [2026-05-10T08:01:50.691+0000] {dagbag.py:545} INFO - Filling up the DagBag from /opt/airflow/dags/minio_to_snowflake_dag.py
[2026-05-10T08:01:51.919+0000] {processor.py:840} INFO - DAG(s) 'minio_to_snowflake_banking' retrieved from /opt/airflow/dags/minio_to_snowflake_dag.py
[2026-05-10T08:01:51.960+0000] {logging_mixin.py:188} INFO - [2026-05-10T08:01:51.959+0000] {dag.py:3089} INFO - Sync 1 DAGs
[2026-05-10T08:01:51.994+0000] {logging_mixin.py:188} INFO - [2026-05-10T08:01:51.994+0000] {dag.py:3947} INFO - Setting next_dagrun for minio_to_snowflake_banking to 2026-05-10 08:01:00+00:00, run_after=2026-05-10 08:02:00+00:00
[2026-05-10T08:01:52.025+0000] {processor.py:183} INFO - Processing /opt/airflow/dags/minio_to_snowflake_dag.py took 1.357 seconds
[2026-05-10T08:02:22.312+0000] {processor.py:161} INFO - Started process (PID=4907) to work on /opt/airflow/dags/minio_to_snowflake_dag.py
[2026-05-10T08:02:22.314+0000] {processor.py:830} INFO - Processing file /opt/airflow/dags/minio_to_snowflake_dag.py for tasks to queue
[2026-05-10T08:02:22.319+0000] {logging_mixin.py:188} INFO - [2026-05-10T08:02:22.318+0000] {dagbag.py:545} INFO - Filling up the DagBag from /opt/airflow/dags/minio_to_snowflake_dag.py
[2026-05-10T08:02:23.227+0000] {processor.py:840} INFO - DAG(s) 'minio_to_snowflake_banking' retrieved from /opt/airflow/dags/minio_to_snowflake_dag.py
[2026-05-10T08:02:23.265+0000] {logging_mixin.py:188} INFO - [2026-05-10T08:02:23.265+0000] {dag.py:3089} INFO - Sync 1 DAGs
[2026-05-10T08:02:23.298+0000] {logging_mixin.py:188} INFO - [2026-05-10T08:02:23.298+0000] {dag.py:3947} INFO - Setting next_dagrun for minio_to_snowflake_banking to 2026-05-10 08:02:00+00:00, run_after=2026-05-10 08:03:00+00:00
[2026-05-10T08:02:23.331+0000] {processor.py:183} INFO - Processing /opt/airflow/dags/minio_to_snowflake_dag.py took 1.031 seconds
[2026-05-10T08:02:53.561+0000] {processor.py:161} INFO - Started process (PID=4911) to work on /opt/airflow/dags/minio_to_snowflake_dag.py
[2026-05-10T08:02:53.564+0000] {processor.py:830} INFO - Processing file /opt/airflow/dags/minio_to_snowflake_dag.py for tasks to queue
[2026-05-10T08:02:53.569+0000] {logging_mixin.py:188} INFO - [2026-05-10T08:02:53.568+0000] {dagbag.py:545} INFO - Filling up the DagBag from /opt/airflow/dags/minio_to_snowflake_dag.py
[2026-05-10T08:02:54.597+0000] {processor.py:840} INFO - DAG(s) 'minio_to_snowflake_banking' retrieved from /opt/airflow/dags/minio_to_snowflake_dag.py
[2026-05-10T08:02:54.634+0000] {logging_mixin.py:188} INFO - [2026-05-10T08:02:54.633+0000] {dag.py:3089} INFO - Sync 1 DAGs
[2026-05-10T08:02:54.662+0000] {logging_mixin.py:188} INFO - [2026-05-10T08:02:54.662+0000] {dag.py:3947} INFO - Setting next_dagrun for minio_to_snowflake_banking to 2026-05-10 08:02:00+00:00, run_after=2026-05-10 08:03:00+00:00
[2026-05-10T08:02:54.689+0000] {processor.py:183} INFO - Processing /opt/airflow/dags/minio_to_snowflake_dag.py took 1.142 seconds
[2026-05-10T08:03:24.828+0000] {processor.py:161} INFO - Started process (PID=4975) to work on /opt/airflow/dags/minio_to_snowflake_dag.py
[2026-05-10T08:03:24.830+0000] {processor.py:830} INFO - Processing file /opt/airflow/dags/minio_to_snowflake_dag.py for tasks to queue
[2026-05-10T08:03:24.834+0000] {logging_mixin.py:188} INFO - [2026-05-10T08:03:24.833+0000] {dagbag.py:545} INFO - Filling up the DagBag from /opt/airflow/dags/minio_to_snowflake_dag.py
[2026-05-10T08:03:25.744+0000] {processor.py:840} INFO - DAG(s) 'minio_to_snowflake_banking' retrieved from /opt/airflow/dags/minio_to_snowflake_dag.py
[2026-05-10T08:03:25.782+0000] {logging_mixin.py:188} INFO - [2026-05-10T08:03:25.782+0000] {dag.py:3089} INFO - Sync 1 DAGs
[2026-05-10T08:03:25.810+0000] {logging_mixin.py:188} INFO - [2026-05-10T08:03:25.809+0000] {dag.py:3947} INFO - Setting next_dagrun for minio_to_snowflake_banking to 2026-05-10 08:03:00+00:00, run_after=2026-05-10 08:04:00+00:00
[2026-05-10T08:03:25.838+0000] {processor.py:183} INFO - Processing /opt/airflow/dags/minio_to_snowflake_dag.py took 1.021 seconds
[2026-05-10T08:03:56.148+0000] {processor.py:161} INFO - Started process (PID=4979) to work on /opt/airflow/dags/minio_to_snowflake_dag.py
[2026-05-10T08:03:56.151+0000] {processor.py:830} INFO - Processing file /opt/airflow/dags/minio_to_snowflake_dag.py for tasks to queue
[2026-05-10T08:03:56.157+0000] {logging_mixin.py:188} INFO - [2026-05-10T08:03:56.156+0000] {dagbag.py:545} INFO - Filling up the DagBag from /opt/airflow/dags/minio_to_snowflake_dag.py
[2026-05-10T08:03:58.153+0000] {processor.py:840} INFO - DAG(s) 'minio_to_snowflake_banking' retrieved from /opt/airflow/dags/minio_to_snowflake_dag.py
[2026-05-10T08:03:58.203+0000] {logging_mixin.py:188} INFO - [2026-05-10T08:03:58.203+0000] {dag.py:3089} INFO - Sync 1 DAGs
[2026-05-10T08:03:58.242+0000] {logging_mixin.py:188} INFO - [2026-05-10T08:03:58.242+0000] {dag.py:3947} INFO - Setting next_dagrun for minio_to_snowflake_banking to 2026-05-10 08:03:00+00:00, run_after=2026-05-10 08:04:00+00:00
[2026-05-10T08:03:58.276+0000] {processor.py:183} INFO - Processing /opt/airflow/dags/minio_to_snowflake_dag.py took 2.150 seconds
[2026-05-10T08:04:28.448+0000] {processor.py:161} INFO - Started process (PID=5042) to work on /opt/airflow/dags/minio_to_snowflake_dag.py
[2026-05-10T08:04:28.456+0000] {processor.py:830} INFO - Processing file /opt/airflow/dags/minio_to_snowflake_dag.py for tasks to queue
[2026-05-10T08:04:28.463+0000] {logging_mixin.py:188} INFO - [2026-05-10T08:04:28.462+0000] {dagbag.py:545} INFO - Filling up the DagBag from /opt/airflow/dags/minio_to_snowflake_dag.py
[2026-05-10T08:04:29.650+0000] {processor.py:840} INFO - DAG(s) 'minio_to_snowflake_banking' retrieved from /opt/airflow/dags/minio_to_snowflake_dag.py
[2026-05-10T08:04:29.689+0000] {logging_mixin.py:188} INFO - [2026-05-10T08:04:29.688+0000] {dag.py:3089} INFO - Sync 1 DAGs
[2026-05-10T08:04:29.724+0000] {logging_mixin.py:188} INFO - [2026-05-10T08:04:29.723+0000] {dag.py:3947} INFO - Setting next_dagrun for minio_to_snowflake_banking to 2026-05-10 08:04:00+00:00, run_after=2026-05-10 08:05:00+00:00
[2026-05-10T08:04:29.759+0000] {processor.py:183} INFO - Processing /opt/airflow/dags/minio_to_snowflake_dag.py took 1.324 seconds
[2026-05-10T08:04:59.855+0000] {processor.py:161} INFO - Started process (PID=5046) to work on /opt/airflow/dags/minio_to_snowflake_dag.py
[2026-05-10T08:04:59.857+0000] {processor.py:830} INFO - Processing file /opt/airflow/dags/minio_to_snowflake_dag.py for tasks to queue
[2026-05-10T08:04:59.861+0000] {logging_mixin.py:188} INFO - [2026-05-10T08:04:59.861+0000] {dagbag.py:545} INFO - Filling up the DagBag from /opt/airflow/dags/minio_to_snowflake_dag.py
[2026-05-10T08:05:01.023+0000] {processor.py:840} INFO - DAG(s) 'minio_to_snowflake_banking' retrieved from /opt/airflow/dags/minio_to_snowflake_dag.py
[2026-05-10T08:05:01.070+0000] {logging_mixin.py:188} INFO - [2026-05-10T08:05:01.069+0000] {dag.py:3089} INFO - Sync 1 DAGs
[2026-05-10T08:05:01.105+0000] {logging_mixin.py:188} INFO - [2026-05-10T08:05:01.105+0000] {dag.py:3947} INFO - Setting next_dagrun for minio_to_snowflake_banking to 2026-05-10 08:05:00+00:00, run_after=2026-05-10 08:06:00+00:00
[2026-05-10T08:05:01.143+0000] {processor.py:183} INFO - Processing /opt/airflow/dags/minio_to_snowflake_dag.py took 1.305 seconds
[2026-05-10T08:05:31.418+0000] {processor.py:161} INFO - Started process (PID=5109) to work on /opt/airflow/dags/minio_to_snowflake_dag.py
[2026-05-10T08:05:31.421+0000] {processor.py:830} INFO - Processing file /opt/airflow/dags/minio_to_snowflake_dag.py for tasks to queue
[2026-05-10T08:05:31.433+0000] {logging_mixin.py:188} INFO - [2026-05-10T08:05:31.432+0000] {dagbag.py:545} INFO - Filling up the DagBag from /opt/airflow/dags/minio_to_snowflake_dag.py
[2026-05-10T08:05:32.509+0000] {processor.py:840} INFO - DAG(s) 'minio_to_snowflake_banking' retrieved from /opt/airflow/dags/minio_to_snowflake_dag.py
[2026-05-10T08:05:32.544+0000] {logging_mixin.py:188} INFO - [2026-05-10T08:05:32.543+0000] {dag.py:3089} INFO - Sync 1 DAGs
[2026-05-10T08:05:32.573+0000] {logging_mixin.py:188} INFO - [2026-05-10T08:05:32.572+0000] {dag.py:3947} INFO - Setting next_dagrun for minio_to_snowflake_banking to 2026-05-10 08:05:00+00:00, run_after=2026-05-10 08:06:00+00:00
[2026-05-10T08:05:32.609+0000] {processor.py:183} INFO - Processing /opt/airflow/dags/minio_to_snowflake_dag.py took 1.231 seconds
[2026-05-10T08:06:02.890+0000] {processor.py:161} INFO - Started process (PID=5114) to work on /opt/airflow/dags/minio_to_snowflake_dag.py
[2026-05-10T08:06:02.892+0000] {processor.py:830} INFO - Processing file /opt/airflow/dags/minio_to_snowflake_dag.py for tasks to queue
[2026-05-10T08:06:02.897+0000] {logging_mixin.py:188} INFO - [2026-05-10T08:06:02.896+0000] {dagbag.py:545} INFO - Filling up the DagBag from /opt/airflow/dags/minio_to_snowflake_dag.py
[2026-05-10T08:06:04.031+0000] {processor.py:840} INFO - DAG(s) 'minio_to_snowflake_banking' retrieved from /opt/airflow/dags/minio_to_snowflake_dag.py
[2026-05-10T08:06:04.068+0000] {logging_mixin.py:188} INFO - [2026-05-10T08:06:04.067+0000] {dag.py:3089} INFO - Sync 1 DAGs
[2026-05-10T08:06:04.101+0000] {logging_mixin.py:188} INFO - [2026-05-10T08:06:04.100+0000] {dag.py:3947} INFO - Setting next_dagrun for minio_to_snowflake_banking to 2026-05-10 08:06:00+00:00, run_after=2026-05-10 08:07:00+00:00
[2026-05-10T08:06:04.130+0000] {processor.py:183} INFO - Processing /opt/airflow/dags/minio_to_snowflake_dag.py took 1.252 seconds
[2026-05-10T08:06:34.426+0000] {processor.py:161} INFO - Started process (PID=5176) to work on /opt/airflow/dags/minio_to_snowflake_dag.py
[2026-05-10T08:06:34.428+0000] {processor.py:830} INFO - Processing file /opt/airflow/dags/minio_to_snowflake_dag.py for tasks to queue
[2026-05-10T08:06:34.433+0000] {logging_mixin.py:188} INFO - [2026-05-10T08:06:34.432+0000] {dagbag.py:545} INFO - Filling up the DagBag from /opt/airflow/dags/minio_to_snowflake_dag.py
[2026-05-10T08:06:35.356+0000] {processor.py:840} INFO - DAG(s) 'minio_to_snowflake_banking' retrieved from /opt/airflow/dags/minio_to_snowflake_dag.py
[2026-05-10T08:06:35.395+0000] {logging_mixin.py:188} INFO - [2026-05-10T08:06:35.394+0000] {dag.py:3089} INFO - Sync 1 DAGs
[2026-05-10T08:06:35.426+0000] {logging_mixin.py:188} INFO - [2026-05-10T08:06:35.426+0000] {dag.py:3947} INFO - Setting next_dagrun for minio_to_snowflake_banking to 2026-05-10 08:06:00+00:00, run_after=2026-05-10 08:07:00+00:00
[2026-05-10T08:06:35.455+0000] {processor.py:183} INFO - Processing /opt/airflow/dags/minio_to_snowflake_dag.py took 1.042 seconds
[2026-05-10T08:07:05.678+0000] {processor.py:161} INFO - Started process (PID=5197) to work on /opt/airflow/dags/minio_to_snowflake_dag.py
[2026-05-10T08:07:05.681+0000] {processor.py:830} INFO - Processing file /opt/airflow/dags/minio_to_snowflake_dag.py for tasks to queue
[2026-05-10T08:07:05.686+0000] {logging_mixin.py:188} INFO - [2026-05-10T08:07:05.685+0000] {dagbag.py:545} INFO - Filling up the DagBag from /opt/airflow/dags/minio_to_snowflake_dag.py
[2026-05-10T08:07:06.831+0000] {processor.py:840} INFO - DAG(s) 'minio_to_snowflake_banking' retrieved from /opt/airflow/dags/minio_to_snowflake_dag.py
[2026-05-10T08:07:06.871+0000] {logging_mixin.py:188} INFO - [2026-05-10T08:07:06.870+0000] {dag.py:3089} INFO - Sync 1 DAGs
[2026-05-10T08:07:06.899+0000] {logging_mixin.py:188} INFO - [2026-05-10T08:07:06.898+0000] {dag.py:3947} INFO - Setting next_dagrun for minio_to_snowflake_banking to 2026-05-10 08:07:00+00:00, run_after=2026-05-10 08:08:00+00:00
[2026-05-10T08:07:06.929+0000] {processor.py:183} INFO - Processing /opt/airflow/dags/minio_to_snowflake_dag.py took 1.267 seconds
[2026-05-10T08:07:37.203+0000] {processor.py:161} INFO - Started process (PID=5243) to work on /opt/airflow/dags/minio_to_snowflake_dag.py
[2026-05-10T08:07:37.205+0000] {processor.py:830} INFO - Processing file /opt/airflow/dags/minio_to_snowflake_dag.py for tasks to queue
[2026-05-10T08:07:37.209+0000] {logging_mixin.py:188} INFO - [2026-05-10T08:07:37.208+0000] {dagbag.py:545} INFO - Filling up the DagBag from /opt/airflow/dags/minio_to_snowflake_dag.py
[2026-05-10T08:07:38.137+0000] {processor.py:840} INFO - DAG(s) 'minio_to_snowflake_banking' retrieved from /opt/airflow/dags/minio_to_snowflake_dag.py
[2026-05-10T08:07:38.175+0000] {logging_mixin.py:188} INFO - [2026-05-10T08:07:38.174+0000] {dag.py:3089} INFO - Sync 1 DAGs
[2026-05-10T08:07:38.205+0000] {logging_mixin.py:188} INFO - [2026-05-10T08:07:38.205+0000] {dag.py:3947} INFO - Setting next_dagrun for minio_to_snowflake_banking to 2026-05-10 08:07:00+00:00, run_after=2026-05-10 08:08:00+00:00
[2026-05-10T08:07:38.235+0000] {processor.py:183} INFO - Processing /opt/airflow/dags/minio_to_snowflake_dag.py took 1.044 seconds
[2026-05-10T08:08:08.455+0000] {processor.py:161} INFO - Started process (PID=5280) to work on /opt/airflow/dags/minio_to_snowflake_dag.py
[2026-05-10T08:08:08.457+0000] {processor.py:830} INFO - Processing file /opt/airflow/dags/minio_to_snowflake_dag.py for tasks to queue
[2026-05-10T08:08:08.461+0000] {logging_mixin.py:188} INFO - [2026-05-10T08:08:08.460+0000] {dagbag.py:545} INFO - Filling up the DagBag from /opt/airflow/dags/minio_to_snowflake_dag.py
[2026-05-10T08:08:09.607+0000] {processor.py:840} INFO - DAG(s) 'minio_to_snowflake_banking' retrieved from /opt/airflow/dags/minio_to_snowflake_dag.py
[2026-05-10T08:08:09.643+0000] {logging_mixin.py:188} INFO - [2026-05-10T08:08:09.642+0000] {dag.py:3089} INFO - Sync 1 DAGs
[2026-05-10T08:08:09.675+0000] {logging_mixin.py:188} INFO - [2026-05-10T08:08:09.675+0000] {dag.py:3947} INFO - Setting next_dagrun for minio_to_snowflake_banking to 2026-05-10 08:08:00+00:00, run_after=2026-05-10 08:09:00+00:00
[2026-05-10T08:08:09.706+0000] {processor.py:183} INFO - Processing /opt/airflow/dags/minio_to_snowflake_dag.py took 1.262 seconds
[2026-05-10T08:08:39.995+0000] {processor.py:161} INFO - Started process (PID=5310) to work on /opt/airflow/dags/minio_to_snowflake_dag.py
[2026-05-10T08:08:39.997+0000] {processor.py:830} INFO - Processing file /opt/airflow/dags/minio_to_snowflake_dag.py for tasks to queue
[2026-05-10T08:08:40.002+0000] {logging_mixin.py:188} INFO - [2026-05-10T08:08:40.001+0000] {dagbag.py:545} INFO - Filling up the DagBag from /opt/airflow/dags/minio_to_snowflake_dag.py
[2026-05-10T08:08:41.264+0000] {processor.py:840} INFO - DAG(s) 'minio_to_snowflake_banking' retrieved from /opt/airflow/dags/minio_to_snowflake_dag.py
[2026-05-10T08:08:41.314+0000] {logging_mixin.py:188} INFO - [2026-05-10T08:08:41.313+0000] {dag.py:3089} INFO - Sync 1 DAGs
[2026-05-10T08:08:41.364+0000] {logging_mixin.py:188} INFO - [2026-05-10T08:08:41.363+0000] {dag.py:3947} INFO - Setting next_dagrun for minio_to_snowflake_banking to 2026-05-10 08:08:00+00:00, run_after=2026-05-10 08:09:00+00:00
[2026-05-10T08:08:41.405+0000] {processor.py:183} INFO - Processing /opt/airflow/dags/minio_to_snowflake_dag.py took 1.423 seconds
[2026-05-10T08:09:11.842+0000] {processor.py:161} INFO - Started process (PID=5354) to work on /opt/airflow/dags/minio_to_snowflake_dag.py
[2026-05-10T08:09:11.845+0000] {processor.py:830} INFO - Processing file /opt/airflow/dags/minio_to_snowflake_dag.py for tasks to queue
[2026-05-10T08:09:11.853+0000] {logging_mixin.py:188} INFO - [2026-05-10T08:09:11.851+0000] {dagbag.py:545} INFO - Filling up the DagBag from /opt/airflow/dags/minio_to_snowflake_dag.py
[2026-05-10T08:09:13.176+0000] {processor.py:840} INFO - DAG(s) 'minio_to_snowflake_banking' retrieved from /opt/airflow/dags/minio_to_snowflake_dag.py
[2026-05-10T08:09:13.228+0000] {logging_mixin.py:188} INFO - [2026-05-10T08:09:13.228+0000] {dag.py:3089} INFO - Sync 1 DAGs
[2026-05-10T08:09:13.265+0000] {logging_mixin.py:188} INFO - [2026-05-10T08:09:13.264+0000] {dag.py:3947} INFO - Setting next_dagrun for minio_to_snowflake_banking to 2026-05-10 08:09:00+00:00, run_after=2026-05-10 08:10:00+00:00
[2026-05-10T08:09:13.300+0000] {processor.py:183} INFO - Processing /opt/airflow/dags/minio_to_snowflake_dag.py took 1.483 seconds
[2026-05-10T08:09:43.476+0000] {processor.py:161} INFO - Started process (PID=5378) to work on /opt/airflow/dags/minio_to_snowflake_dag.py
[2026-05-10T08:09:43.478+0000] {processor.py:830} INFO - Processing file /opt/airflow/dags/minio_to_snowflake_dag.py for tasks to queue
[2026-05-10T08:09:43.483+0000] {logging_mixin.py:188} INFO - [2026-05-10T08:09:43.482+0000] {dagbag.py:545} INFO - Filling up the DagBag from /opt/airflow/dags/minio_to_snowflake_dag.py
[2026-05-10T08:09:44.609+0000] {processor.py:840} INFO - DAG(s) 'minio_to_snowflake_banking' retrieved from /opt/airflow/dags/minio_to_snowflake_dag.py
[2026-05-10T08:09:44.648+0000] {logging_mixin.py:188} INFO - [2026-05-10T08:09:44.647+0000] {dag.py:3089} INFO - Sync 1 DAGs
[2026-05-10T08:09:44.679+0000] {logging_mixin.py:188} INFO - [2026-05-10T08:09:44.679+0000] {dag.py:3947} INFO - Setting next_dagrun for minio_to_snowflake_banking to 2026-05-10 08:09:00+00:00, run_after=2026-05-10 08:10:00+00:00
[2026-05-10T08:09:44.715+0000] {processor.py:183} INFO - Processing /opt/airflow/dags/minio_to_snowflake_dag.py took 1.250 seconds
[2026-05-10T08:10:14.998+0000] {processor.py:161} INFO - Started process (PID=5426) to work on /opt/airflow/dags/minio_to_snowflake_dag.py
[2026-05-10T08:10:15.001+0000] {processor.py:830} INFO - Processing file /opt/airflow/dags/minio_to_snowflake_dag.py for tasks to queue
[2026-05-10T08:10:15.006+0000] {logging_mixin.py:188} INFO - [2026-05-10T08:10:15.005+0000] {dagbag.py:545} INFO - Filling up the DagBag from /opt/airflow/dags/minio_to_snowflake_dag.py
[2026-05-10T08:10:16.403+0000] {processor.py:840} INFO - DAG(s) 'minio_to_snowflake_banking' retrieved from /opt/airflow/dags/minio_to_snowflake_dag.py
[2026-05-10T08:10:16.449+0000] {logging_mixin.py:188} INFO - [2026-05-10T08:10:16.448+0000] {dag.py:3089} INFO - Sync 1 DAGs
[2026-05-10T08:10:16.496+0000] {logging_mixin.py:188} INFO - [2026-05-10T08:10:16.495+0000] {dag.py:3947} INFO - Setting next_dagrun for minio_to_snowflake_banking to 2026-05-10 08:10:00+00:00, run_after=2026-05-10 08:11:00+00:00
[2026-05-10T08:10:16.536+0000] {processor.py:183} INFO - Processing /opt/airflow/dags/minio_to_snowflake_dag.py took 1.552 seconds
[2026-05-10T08:10:46.929+0000] {processor.py:161} INFO - Started process (PID=5445) to work on /opt/airflow/dags/minio_to_snowflake_dag.py
[2026-05-10T08:10:46.932+0000] {processor.py:830} INFO - Processing file /opt/airflow/dags/minio_to_snowflake_dag.py for tasks to queue
[2026-05-10T08:10:46.943+0000] {logging_mixin.py:188} INFO - [2026-05-10T08:10:46.941+0000] {dagbag.py:545} INFO - Filling up the DagBag from /opt/airflow/dags/minio_to_snowflake_dag.py
[2026-05-10T08:10:48.224+0000] {processor.py:840} INFO - DAG(s) 'minio_to_snowflake_banking' retrieved from /opt/airflow/dags/minio_to_snowflake_dag.py
[2026-05-10T08:10:48.261+0000] {logging_mixin.py:188} INFO - [2026-05-10T08:10:48.260+0000] {dag.py:3089} INFO - Sync 1 DAGs
[2026-05-10T08:10:48.293+0000] {logging_mixin.py:188} INFO - [2026-05-10T08:10:48.292+0000] {dag.py:3947} INFO - Setting next_dagrun for minio_to_snowflake_banking to 2026-05-10 08:10:00+00:00, run_after=2026-05-10 08:11:00+00:00
[2026-05-10T08:10:48.326+0000] {processor.py:183} INFO - Processing /opt/airflow/dags/minio_to_snowflake_dag.py took 1.417 seconds
[2026-05-10T08:11:18.526+0000] {processor.py:161} INFO - Started process (PID=5500) to work on /opt/airflow/dags/minio_to_snowflake_dag.py
[2026-05-10T08:11:18.529+0000] {processor.py:830} INFO - Processing file /opt/airflow/dags/minio_to_snowflake_dag.py for tasks to queue
[2026-05-10T08:11:18.534+0000] {logging_mixin.py:188} INFO - [2026-05-10T08:11:18.533+0000] {dagbag.py:545} INFO - Filling up the DagBag from /opt/airflow/dags/minio_to_snowflake_dag.py
[2026-05-10T08:11:19.894+0000] {processor.py:840} INFO - DAG(s) 'minio_to_snowflake_banking' retrieved from /opt/airflow/dags/minio_to_snowflake_dag.py
[2026-05-10T08:11:19.949+0000] {logging_mixin.py:188} INFO - [2026-05-10T08:11:19.948+0000] {dag.py:3089} INFO - Sync 1 DAGs
[2026-05-10T08:11:20.098+0000] {logging_mixin.py:188} INFO - [2026-05-10T08:11:20.097+0000] {dag.py:3947} INFO - Setting next_dagrun for minio_to_snowflake_banking to 2026-05-10 08:11:00+00:00, run_after=2026-05-10 08:12:00+00:00
[2026-05-10T08:11:20.168+0000] {processor.py:183} INFO - Processing /opt/airflow/dags/minio_to_snowflake_dag.py took 1.657 seconds
[2026-05-10T08:11:50.506+0000] {processor.py:161} INFO - Started process (PID=5513) to work on /opt/airflow/dags/minio_to_snowflake_dag.py
[2026-05-10T08:11:50.509+0000] {processor.py:830} INFO - Processing file /opt/airflow/dags/minio_to_snowflake_dag.py for tasks to queue
[2026-05-10T08:11:50.516+0000] {logging_mixin.py:188} INFO - [2026-05-10T08:11:50.515+0000] {dagbag.py:545} INFO - Filling up the DagBag from /opt/airflow/dags/minio_to_snowflake_dag.py
[2026-05-10T08:11:51.833+0000] {processor.py:840} INFO - DAG(s) 'minio_to_snowflake_banking' retrieved from /opt/airflow/dags/minio_to_snowflake_dag.py
[2026-05-10T08:11:51.887+0000] {logging_mixin.py:188} INFO - [2026-05-10T08:11:51.886+0000] {dag.py:3089} INFO - Sync 1 DAGs
[2026-05-10T08:11:51.929+0000] {logging_mixin.py:188} INFO - [2026-05-10T08:11:51.929+0000] {dag.py:3947} INFO - Setting next_dagrun for minio_to_snowflake_banking to 2026-05-10 08:11:00+00:00, run_after=2026-05-10 08:12:00+00:00
[2026-05-10T08:11:51.965+0000] {processor.py:183} INFO - Processing /opt/airflow/dags/minio_to_snowflake_dag.py took 1.473 seconds
[2026-05-10T08:12:22.237+0000] {processor.py:161} INFO - Started process (PID=5574) to work on /opt/airflow/dags/minio_to_snowflake_dag.py
[2026-05-10T08:12:22.240+0000] {processor.py:830} INFO - Processing file /opt/airflow/dags/minio_to_snowflake_dag.py for tasks to queue
[2026-05-10T08:12:22.248+0000] {logging_mixin.py:188} INFO - [2026-05-10T08:12:22.247+0000] {dagbag.py:545} INFO - Filling up the DagBag from /opt/airflow/dags/minio_to_snowflake_dag.py
[2026-05-10T08:12:23.436+0000] {processor.py:840} INFO - DAG(s) 'minio_to_snowflake_banking' retrieved from /opt/airflow/dags/minio_to_snowflake_dag.py
[2026-05-10T08:12:23.477+0000] {logging_mixin.py:188} INFO - [2026-05-10T08:12:23.476+0000] {dag.py:3089} INFO - Sync 1 DAGs
[2026-05-10T08:12:23.512+0000] {logging_mixin.py:188} INFO - [2026-05-10T08:12:23.511+0000] {dag.py:3947} INFO - Setting next_dagrun for minio_to_snowflake_banking to 2026-05-10 08:12:00+00:00, run_after=2026-05-10 08:13:00+00:00
[2026-05-10T08:12:23.542+0000] {processor.py:183} INFO - Processing /opt/airflow/dags/minio_to_snowflake_dag.py took 1.324 seconds
[2026-05-10T08:12:53.835+0000] {processor.py:161} INFO - Started process (PID=5580) to work on /opt/airflow/dags/minio_to_snowflake_dag.py
[2026-05-10T08:12:53.837+0000] {processor.py:830} INFO - Processing file /opt/airflow/dags/minio_to_snowflake_dag.py for tasks to queue
[2026-05-10T08:12:53.841+0000] {logging_mixin.py:188} INFO - [2026-05-10T08:12:53.841+0000] {dagbag.py:545} INFO - Filling up the DagBag from /opt/airflow/dags/minio_to_snowflake_dag.py
[2026-05-10T08:12:54.834+0000] {processor.py:840} INFO - DAG(s) 'minio_to_snowflake_banking' retrieved from /opt/airflow/dags/minio_to_snowflake_dag.py
[2026-05-10T08:12:54.866+0000] {logging_mixin.py:188} INFO - [2026-05-10T08:12:54.866+0000] {dag.py:3089} INFO - Sync 1 DAGs
[2026-05-10T08:12:54.895+0000] {logging_mixin.py:188} INFO - [2026-05-10T08:12:54.895+0000] {dag.py:3947} INFO - Setting next_dagrun for minio_to_snowflake_banking to 2026-05-10 08:12:00+00:00, run_after=2026-05-10 08:13:00+00:00
[2026-05-10T08:12:54.923+0000] {processor.py:183} INFO - Processing /opt/airflow/dags/minio_to_snowflake_dag.py took 1.101 seconds
[2026-05-10T08:13:25.072+0000] {processor.py:161} INFO - Started process (PID=5644) to work on /opt/airflow/dags/minio_to_snowflake_dag.py
[2026-05-10T08:13:25.074+0000] {processor.py:830} INFO - Processing file /opt/airflow/dags/minio_to_snowflake_dag.py for tasks to queue
[2026-05-10T08:13:25.077+0000] {logging_mixin.py:188} INFO - [2026-05-10T08:13:25.077+0000] {dagbag.py:545} INFO - Filling up the DagBag from /opt/airflow/dags/minio_to_snowflake_dag.py
[2026-05-10T08:13:25.954+0000] {processor.py:840} INFO - DAG(s) 'minio_to_snowflake_banking' retrieved from /opt/airflow/dags/minio_to_snowflake_dag.py
[2026-05-10T08:13:25.988+0000] {logging_mixin.py:188} INFO - [2026-05-10T08:13:25.988+0000] {dag.py:3089} INFO - Sync 1 DAGs
[2026-05-10T08:13:26.016+0000] {logging_mixin.py:188} INFO - [2026-05-10T08:13:26.015+0000] {dag.py:3947} INFO - Setting next_dagrun for minio_to_snowflake_banking to 2026-05-10 08:13:00+00:00, run_after=2026-05-10 08:14:00+00:00
[2026-05-10T08:13:26.044+0000] {processor.py:183} INFO - Processing /opt/airflow/dags/minio_to_snowflake_dag.py took 0.982 seconds
[2026-05-10T08:13:56.334+0000] {processor.py:161} INFO - Started process (PID=5648) to work on /opt/airflow/dags/minio_to_snowflake_dag.py
[2026-05-10T08:13:56.336+0000] {processor.py:830} INFO - Processing file /opt/airflow/dags/minio_to_snowflake_dag.py for tasks to queue
[2026-05-10T08:13:56.340+0000] {logging_mixin.py:188} INFO - [2026-05-10T08:13:56.339+0000] {dagbag.py:545} INFO - Filling up the DagBag from /opt/airflow/dags/minio_to_snowflake_dag.py
[2026-05-10T08:13:57.248+0000] {processor.py:840} INFO - DAG(s) 'minio_to_snowflake_banking' retrieved from /opt/airflow/dags/minio_to_snowflake_dag.py
[2026-05-10T08:13:57.280+0000] {logging_mixin.py:188} INFO - [2026-05-10T08:13:57.279+0000] {dag.py:3089} INFO - Sync 1 DAGs
[2026-05-10T08:13:57.306+0000] {logging_mixin.py:188} INFO - [2026-05-10T08:13:57.305+0000] {dag.py:3947} INFO - Setting next_dagrun for minio_to_snowflake_banking to 2026-05-10 08:13:00+00:00, run_after=2026-05-10 08:14:00+00:00
[2026-05-10T08:13:57.339+0000] {processor.py:183} INFO - Processing /opt/airflow/dags/minio_to_snowflake_dag.py took 1.017 seconds
[2026-05-10T08:14:27.576+0000] {processor.py:161} INFO - Started process (PID=5711) to work on /opt/airflow/dags/minio_to_snowflake_dag.py
[2026-05-10T08:14:27.578+0000] {processor.py:830} INFO - Processing file /opt/airflow/dags/minio_to_snowflake_dag.py for tasks to queue
[2026-05-10T08:14:27.582+0000] {logging_mixin.py:188} INFO - [2026-05-10T08:14:27.581+0000] {dagbag.py:545} INFO - Filling up the DagBag from /opt/airflow/dags/minio_to_snowflake_dag.py
[2026-05-10T08:14:28.468+0000] {processor.py:840} INFO - DAG(s) 'minio_to_snowflake_banking' retrieved from /opt/airflow/dags/minio_to_snowflake_dag.py
[2026-05-10T08:14:28.503+0000] {logging_mixin.py:188} INFO - [2026-05-10T08:14:28.503+0000] {dag.py:3089} INFO - Sync 1 DAGs
[2026-05-10T08:14:28.535+0000] {logging_mixin.py:188} INFO - [2026-05-10T08:14:28.534+0000] {dag.py:3947} INFO - Setting next_dagrun for minio_to_snowflake_banking to 2026-05-10 08:14:00+00:00, run_after=2026-05-10 08:15:00+00:00
[2026-05-10T08:14:28.564+0000] {processor.py:183} INFO - Processing /opt/airflow/dags/minio_to_snowflake_dag.py took 0.998 seconds
[2026-05-10T08:14:58.838+0000] {processor.py:161} INFO - Started process (PID=5715) to work on /opt/airflow/dags/minio_to_snowflake_dag.py
[2026-05-10T08:14:58.841+0000] {processor.py:830} INFO - Processing file /opt/airflow/dags/minio_to_snowflake_dag.py for tasks to queue
[2026-05-10T08:14:58.845+0000] {logging_mixin.py:188} INFO - [2026-05-10T08:14:58.844+0000] {dagbag.py:545} INFO - Filling up the DagBag from /opt/airflow/dags/minio_to_snowflake_dag.py
[2026-05-10T08:14:59.818+0000] {processor.py:840} INFO - DAG(s) 'minio_to_snowflake_banking' retrieved from /opt/airflow/dags/minio_to_snowflake_dag.py
[2026-05-10T08:14:59.853+0000] {logging_mixin.py:188} INFO - [2026-05-10T08:14:59.853+0000] {dag.py:3089} INFO - Sync 1 DAGs
[2026-05-10T08:14:59.882+0000] {logging_mixin.py:188} INFO - [2026-05-10T08:14:59.882+0000] {dag.py:3947} INFO - Setting next_dagrun for minio_to_snowflake_banking to 2026-05-10 08:14:00+00:00, run_after=2026-05-10 08:15:00+00:00
[2026-05-10T08:14:59.917+0000] {processor.py:183} INFO - Processing /opt/airflow/dags/minio_to_snowflake_dag.py took 1.089 seconds
[2026-05-10T08:15:30.158+0000] {processor.py:161} INFO - Started process (PID=5779) to work on /opt/airflow/dags/minio_to_snowflake_dag.py
[2026-05-10T08:15:30.160+0000] {processor.py:830} INFO - Processing file /opt/airflow/dags/minio_to_snowflake_dag.py for tasks to queue
[2026-05-10T08:15:30.164+0000] {logging_mixin.py:188} INFO - [2026-05-10T08:15:30.163+0000] {dagbag.py:545} INFO - Filling up the DagBag from /opt/airflow/dags/minio_to_snowflake_dag.py
[2026-05-10T08:15:31.063+0000] {processor.py:840} INFO - DAG(s) 'minio_to_snowflake_banking' retrieved from /opt/airflow/dags/minio_to_snowflake_dag.py
[2026-05-10T08:15:31.100+0000] {logging_mixin.py:188} INFO - [2026-05-10T08:15:31.100+0000] {dag.py:3089} INFO - Sync 1 DAGs
[2026-05-10T08:15:31.130+0000] {logging_mixin.py:188} INFO - [2026-05-10T08:15:31.129+0000] {dag.py:3947} INFO - Setting next_dagrun for minio_to_snowflake_banking to 2026-05-10 08:15:00+00:00, run_after=2026-05-10 08:16:00+00:00
[2026-05-10T08:15:31.163+0000] {processor.py:183} INFO - Processing /opt/airflow/dags/minio_to_snowflake_dag.py took 1.014 seconds
[2026-05-10T08:16:01.427+0000] {processor.py:161} INFO - Started process (PID=5784) to work on /opt/airflow/dags/minio_to_snowflake_dag.py
[2026-05-10T08:16:01.429+0000] {processor.py:830} INFO - Processing file /opt/airflow/dags/minio_to_snowflake_dag.py for tasks to queue
[2026-05-10T08:16:01.433+0000] {logging_mixin.py:188} INFO - [2026-05-10T08:16:01.432+0000] {dagbag.py:545} INFO - Filling up the DagBag from /opt/airflow/dags/minio_to_snowflake_dag.py
[2026-05-10T08:16:02.570+0000] {processor.py:840} INFO - DAG(s) 'minio_to_snowflake_banking' retrieved from /opt/airflow/dags/minio_to_snowflake_dag.py
[2026-05-10T08:16:02.608+0000] {logging_mixin.py:188} INFO - [2026-05-10T08:16:02.607+0000] {dag.py:3089} INFO - Sync 1 DAGs
[2026-05-10T08:16:02.639+0000] {logging_mixin.py:188} INFO - [2026-05-10T08:16:02.638+0000] {dag.py:3947} INFO - Setting next_dagrun for minio_to_snowflake_banking to 2026-05-10 08:16:00+00:00, run_after=2026-05-10 08:17:00+00:00
[2026-05-10T08:16:02.670+0000] {processor.py:183} INFO - Processing /opt/airflow/dags/minio_to_snowflake_dag.py took 1.254 seconds
[2026-05-10T08:16:33.086+0000] {processor.py:161} INFO - Started process (PID=5847) to work on /opt/airflow/dags/minio_to_snowflake_dag.py
[2026-05-10T08:16:33.088+0000] {processor.py:830} INFO - Processing file /opt/airflow/dags/minio_to_snowflake_dag.py for tasks to queue
[2026-05-10T08:16:33.093+0000] {logging_mixin.py:188} INFO - [2026-05-10T08:16:33.092+0000] {dagbag.py:545} INFO - Filling up the DagBag from /opt/airflow/dags/minio_to_snowflake_dag.py
[2026-05-10T08:16:34.457+0000] {processor.py:840} INFO - DAG(s) 'minio_to_snowflake_banking' retrieved from /opt/airflow/dags/minio_to_snowflake_dag.py
[2026-05-10T08:16:34.508+0000] {logging_mixin.py:188} INFO - [2026-05-10T08:16:34.507+0000] {dag.py:3089} INFO - Sync 1 DAGs
[2026-05-10T08:16:34.553+0000] {logging_mixin.py:188} INFO - [2026-05-10T08:16:34.552+0000] {dag.py:3947} INFO - Setting next_dagrun for minio_to_snowflake_banking to 2026-05-10 08:16:00+00:00, run_after=2026-05-10 08:17:00+00:00
[2026-05-10T08:16:34.589+0000] {processor.py:183} INFO - Processing /opt/airflow/dags/minio_to_snowflake_dag.py took 1.519 seconds
[2026-05-10T08:17:04.960+0000] {processor.py:161} INFO - Started process (PID=5861) to work on /opt/airflow/dags/minio_to_snowflake_dag.py
[2026-05-10T08:17:04.963+0000] {processor.py:830} INFO - Processing file /opt/airflow/dags/minio_to_snowflake_dag.py for tasks to queue
[2026-05-10T08:17:04.967+0000] {logging_mixin.py:188} INFO - [2026-05-10T08:17:04.966+0000] {dagbag.py:545} INFO - Filling up the DagBag from /opt/airflow/dags/minio_to_snowflake_dag.py
[2026-05-10T08:17:06.156+0000] {processor.py:840} INFO - DAG(s) 'minio_to_snowflake_banking' retrieved from /opt/airflow/dags/minio_to_snowflake_dag.py
[2026-05-10T08:17:06.214+0000] {logging_mixin.py:188} INFO - [2026-05-10T08:17:06.213+0000] {dag.py:3089} INFO - Sync 1 DAGs
[2026-05-10T08:17:06.260+0000] {logging_mixin.py:188} INFO - [2026-05-10T08:17:06.260+0000] {dag.py:3947} INFO - Setting next_dagrun for minio_to_snowflake_banking to 2026-05-10 08:17:00+00:00, run_after=2026-05-10 08:18:00+00:00
[2026-05-10T08:17:06.295+0000] {processor.py:183} INFO - Processing /opt/airflow/dags/minio_to_snowflake_dag.py took 1.346 seconds
[2026-05-10T08:17:36.601+0000] {processor.py:161} INFO - Started process (PID=5914) to work on /opt/airflow/dags/minio_to_snowflake_dag.py
[2026-05-10T08:17:36.604+0000] {processor.py:830} INFO - Processing file /opt/airflow/dags/minio_to_snowflake_dag.py for tasks to queue
[2026-05-10T08:17:36.608+0000] {logging_mixin.py:188} INFO - [2026-05-10T08:17:36.607+0000] {dagbag.py:545} INFO - Filling up the DagBag from /opt/airflow/dags/minio_to_snowflake_dag.py
[2026-05-10T08:17:37.688+0000] {processor.py:840} INFO - DAG(s) 'minio_to_snowflake_banking' retrieved from /opt/airflow/dags/minio_to_snowflake_dag.py
[2026-05-10T08:17:37.725+0000] {logging_mixin.py:188} INFO - [2026-05-10T08:17:37.725+0000] {dag.py:3089} INFO - Sync 1 DAGs
[2026-05-10T08:17:37.756+0000] {logging_mixin.py:188} INFO - [2026-05-10T08:17:37.755+0000] {dag.py:3947} INFO - Setting next_dagrun for minio_to_snowflake_banking to 2026-05-10 08:17:00+00:00, run_after=2026-05-10 08:18:00+00:00
[2026-05-10T08:17:37.785+0000] {processor.py:183} INFO - Processing /opt/airflow/dags/minio_to_snowflake_dag.py took 1.196 seconds
[2026-05-10T08:18:08.214+0000] {processor.py:161} INFO - Started process (PID=5936) to work on /opt/airflow/dags/minio_to_snowflake_dag.py
[2026-05-10T08:18:08.216+0000] {processor.py:830} INFO - Processing file /opt/airflow/dags/minio_to_snowflake_dag.py for tasks to queue
[2026-05-10T08:18:08.225+0000] {logging_mixin.py:188} INFO - [2026-05-10T08:18:08.223+0000] {dagbag.py:545} INFO - Filling up the DagBag from /opt/airflow/dags/minio_to_snowflake_dag.py
[2026-05-10T08:18:09.681+0000] {processor.py:840} INFO - DAG(s) 'minio_to_snowflake_banking' retrieved from /opt/airflow/dags/minio_to_snowflake_dag.py
[2026-05-10T08:18:09.744+0000] {logging_mixin.py:188} INFO - [2026-05-10T08:18:09.742+0000] {dag.py:3089} INFO - Sync 1 DAGs
[2026-05-10T08:18:09.812+0000] {logging_mixin.py:188} INFO - [2026-05-10T08:18:09.811+0000] {dag.py:3947} INFO - Setting next_dagrun for minio_to_snowflake_banking to 2026-05-10 08:18:00+00:00, run_after=2026-05-10 08:19:00+00:00
[2026-05-10T08:18:09.987+0000] {processor.py:183} INFO - Processing /opt/airflow/dags/minio_to_snowflake_dag.py took 1.798 seconds
[2026-05-10T08:18:40.151+0000] {processor.py:161} INFO - Started process (PID=5982) to work on /opt/airflow/dags/minio_to_snowflake_dag.py
[2026-05-10T08:18:40.153+0000] {processor.py:830} INFO - Processing file /opt/airflow/dags/minio_to_snowflake_dag.py for tasks to queue
[2026-05-10T08:18:40.158+0000] {logging_mixin.py:188} INFO - [2026-05-10T08:18:40.157+0000] {dagbag.py:545} INFO - Filling up the DagBag from /opt/airflow/dags/minio_to_snowflake_dag.py
[2026-05-10T08:18:41.822+0000] {processor.py:840} INFO - DAG(s) 'minio_to_snowflake_banking' retrieved from /opt/airflow/dags/minio_to_snowflake_dag.py
[2026-05-10T08:18:41.866+0000] {logging_mixin.py:188} INFO - [2026-05-10T08:18:41.866+0000] {dag.py:3089} INFO - Sync 1 DAGs
[2026-05-10T08:18:41.909+0000] {logging_mixin.py:188} INFO - [2026-05-10T08:18:41.909+0000] {dag.py:3947} INFO - Setting next_dagrun for minio_to_snowflake_banking to 2026-05-10 08:18:00+00:00, run_after=2026-05-10 08:19:00+00:00
[2026-05-10T08:18:41.945+0000] {processor.py:183} INFO - Processing /opt/airflow/dags/minio_to_snowflake_dag.py took 1.818 seconds
[2026-05-10T08:19:12.405+0000] {processor.py:161} INFO - Started process (PID=6018) to work on /opt/airflow/dags/minio_to_snowflake_dag.py
[2026-05-10T08:19:12.413+0000] {processor.py:830} INFO - Processing file /opt/airflow/dags/minio_to_snowflake_dag.py for tasks to queue
[2026-05-10T08:19:12.425+0000] {logging_mixin.py:188} INFO - [2026-05-10T08:19:12.423+0000] {dagbag.py:545} INFO - Filling up the DagBag from /opt/airflow/dags/minio_to_snowflake_dag.py
[2026-05-10T08:19:14.216+0000] {processor.py:840} INFO - DAG(s) 'minio_to_snowflake_banking' retrieved from /opt/airflow/dags/minio_to_snowflake_dag.py
[2026-05-10T08:19:14.264+0000] {logging_mixin.py:188} INFO - [2026-05-10T08:19:14.263+0000] {dag.py:3089} INFO - Sync 1 DAGs
[2026-05-10T08:19:14.312+0000] {logging_mixin.py:188} INFO - [2026-05-10T08:19:14.312+0000] {dag.py:3947} INFO - Setting next_dagrun for minio_to_snowflake_banking to 2026-05-10 08:19:00+00:00, run_after=2026-05-10 08:20:00+00:00
[2026-05-10T08:19:14.351+0000] {processor.py:183} INFO - Processing /opt/airflow/dags/minio_to_snowflake_dag.py took 1.972 seconds
[2026-05-10T08:19:44.649+0000] {processor.py:161} INFO - Started process (PID=6050) to work on /opt/airflow/dags/minio_to_snowflake_dag.py
[2026-05-10T08:19:44.651+0000] {processor.py:830} INFO - Processing file /opt/airflow/dags/minio_to_snowflake_dag.py for tasks to queue
[2026-05-10T08:19:44.655+0000] {logging_mixin.py:188} INFO - [2026-05-10T08:19:44.654+0000] {dagbag.py:545} INFO - Filling up the DagBag from /opt/airflow/dags/minio_to_snowflake_dag.py
[2026-05-10T08:19:45.944+0000] {processor.py:840} INFO - DAG(s) 'minio_to_snowflake_banking' retrieved from /opt/airflow/dags/minio_to_snowflake_dag.py
[2026-05-10T08:19:45.999+0000] {logging_mixin.py:188} INFO - [2026-05-10T08:19:45.998+0000] {dag.py:3089} INFO - Sync 1 DAGs
[2026-05-10T08:19:46.054+0000] {logging_mixin.py:188} INFO - [2026-05-10T08:19:46.053+0000] {dag.py:3947} INFO - Setting next_dagrun for minio_to_snowflake_banking to 2026-05-10 08:19:00+00:00, run_after=2026-05-10 08:20:00+00:00
[2026-05-10T08:19:46.096+0000] {processor.py:183} INFO - Processing /opt/airflow/dags/minio_to_snowflake_dag.py took 1.458 seconds
[2026-05-10T08:20:16.589+0000] {processor.py:161} INFO - Started process (PID=6098) to work on /opt/airflow/dags/minio_to_snowflake_dag.py
[2026-05-10T08:20:16.592+0000] {processor.py:830} INFO - Processing file /opt/airflow/dags/minio_to_snowflake_dag.py for tasks to queue
[2026-05-10T08:20:16.603+0000] {logging_mixin.py:188} INFO - [2026-05-10T08:20:16.602+0000] {dagbag.py:545} INFO - Filling up the DagBag from /opt/airflow/dags/minio_to_snowflake_dag.py
[2026-05-10T08:20:18.528+0000] {processor.py:840} INFO - DAG(s) 'minio_to_snowflake_banking' retrieved from /opt/airflow/dags/minio_to_snowflake_dag.py
[2026-05-10T08:20:18.662+0000] {logging_mixin.py:188} INFO - [2026-05-10T08:20:18.661+0000] {dag.py:3089} INFO - Sync 1 DAGs
[2026-05-10T08:20:18.827+0000] {logging_mixin.py:188} INFO - [2026-05-10T08:20:18.826+0000] {dag.py:3947} INFO - Setting next_dagrun for minio_to_snowflake_banking to 2026-05-10 08:20:00+00:00, run_after=2026-05-10 08:21:00+00:00
[2026-05-10T08:20:18.912+0000] {processor.py:183} INFO - Processing /opt/airflow/dags/minio_to_snowflake_dag.py took 2.351 seconds
[2026-05-10T08:20:49.230+0000] {processor.py:161} INFO - Started process (PID=6117) to work on /opt/airflow/dags/minio_to_snowflake_dag.py
[2026-05-10T08:20:49.232+0000] {processor.py:830} INFO - Processing file /opt/airflow/dags/minio_to_snowflake_dag.py for tasks to queue
[2026-05-10T08:20:49.237+0000] {logging_mixin.py:188} INFO - [2026-05-10T08:20:49.236+0000] {dagbag.py:545} INFO - Filling up the DagBag from /opt/airflow/dags/minio_to_snowflake_dag.py
[2026-05-10T08:20:50.358+0000] {processor.py:840} INFO - DAG(s) 'minio_to_snowflake_banking' retrieved from /opt/airflow/dags/minio_to_snowflake_dag.py
[2026-05-10T08:20:50.392+0000] {logging_mixin.py:188} INFO - [2026-05-10T08:20:50.392+0000] {dag.py:3089} INFO - Sync 1 DAGs
[2026-05-10T08:20:50.423+0000] {logging_mixin.py:188} INFO - [2026-05-10T08:20:50.422+0000] {dag.py:3947} INFO - Setting next_dagrun for minio_to_snowflake_banking to 2026-05-10 08:20:00+00:00, run_after=2026-05-10 08:21:00+00:00
[2026-05-10T08:20:50.452+0000] {processor.py:183} INFO - Processing /opt/airflow/dags/minio_to_snowflake_dag.py took 1.238 seconds
[2026-05-10T08:21:20.666+0000] {processor.py:161} INFO - Started process (PID=6171) to work on /opt/airflow/dags/minio_to_snowflake_dag.py
[2026-05-10T08:21:20.670+0000] {processor.py:830} INFO - Processing file /opt/airflow/dags/minio_to_snowflake_dag.py for tasks to queue
[2026-05-10T08:21:20.679+0000] {logging_mixin.py:188} INFO - [2026-05-10T08:21:20.677+0000] {dagbag.py:545} INFO - Filling up the DagBag from /opt/airflow/dags/minio_to_snowflake_dag.py
[2026-05-10T08:21:23.041+0000] {processor.py:840} INFO - DAG(s) 'minio_to_snowflake_banking' retrieved from /opt/airflow/dags/minio_to_snowflake_dag.py
[2026-05-10T08:21:23.128+0000] {logging_mixin.py:188} INFO - [2026-05-10T08:21:23.127+0000] {dag.py:3089} INFO - Sync 1 DAGs
[2026-05-10T08:21:23.277+0000] {logging_mixin.py:188} INFO - [2026-05-10T08:21:23.276+0000] {dag.py:3947} INFO - Setting next_dagrun for minio_to_snowflake_banking to 2026-05-10 08:21:00+00:00, run_after=2026-05-10 08:22:00+00:00
[2026-05-10T08:21:23.397+0000] {processor.py:183} INFO - Processing /opt/airflow/dags/minio_to_snowflake_dag.py took 2.755 seconds
[2026-05-10T08:21:54.033+0000] {processor.py:161} INFO - Started process (PID=6184) to work on /opt/airflow/dags/minio_to_snowflake_dag.py
[2026-05-10T08:21:54.036+0000] {processor.py:830} INFO - Processing file /opt/airflow/dags/minio_to_snowflake_dag.py for tasks to queue
[2026-05-10T08:21:54.045+0000] {logging_mixin.py:188} INFO - [2026-05-10T08:21:54.044+0000] {dagbag.py:545} INFO - Filling up the DagBag from /opt/airflow/dags/minio_to_snowflake_dag.py
[2026-05-10T08:21:55.477+0000] {processor.py:840} INFO - DAG(s) 'minio_to_snowflake_banking' retrieved from /opt/airflow/dags/minio_to_snowflake_dag.py
[2026-05-10T08:21:55.519+0000] {logging_mixin.py:188} INFO - [2026-05-10T08:21:55.518+0000] {dag.py:3089} INFO - Sync 1 DAGs
[2026-05-10T08:21:55.550+0000] {logging_mixin.py:188} INFO - [2026-05-10T08:21:55.550+0000] {dag.py:3947} INFO - Setting next_dagrun for minio_to_snowflake_banking to 2026-05-10 08:21:00+00:00, run_after=2026-05-10 08:22:00+00:00
[2026-05-10T08:21:55.583+0000] {processor.py:183} INFO - Processing /opt/airflow/dags/minio_to_snowflake_dag.py took 1.573 seconds
[2026-05-10T08:22:25.887+0000] {processor.py:161} INFO - Started process (PID=6247) to work on /opt/airflow/dags/minio_to_snowflake_dag.py
[2026-05-10T08:22:25.888+0000] {processor.py:830} INFO - Processing file /opt/airflow/dags/minio_to_snowflake_dag.py for tasks to queue
[2026-05-10T08:22:25.892+0000] {logging_mixin.py:188} INFO - [2026-05-10T08:22:25.891+0000] {dagbag.py:545} INFO - Filling up the DagBag from /opt/airflow/dags/minio_to_snowflake_dag.py
[2026-05-10T08:22:26.815+0000] {processor.py:840} INFO - DAG(s) 'minio_to_snowflake_banking' retrieved from /opt/airflow/dags/minio_to_snowflake_dag.py
[2026-05-10T08:22:26.847+0000] {logging_mixin.py:188} INFO - [2026-05-10T08:22:26.847+0000] {dag.py:3089} INFO - Sync 1 DAGs
[2026-05-10T08:22:26.875+0000] {logging_mixin.py:188} INFO - [2026-05-10T08:22:26.874+0000] {dag.py:3947} INFO - Setting next_dagrun for minio_to_snowflake_banking to 2026-05-10 08:22:00+00:00, run_after=2026-05-10 08:23:00+00:00
[2026-05-10T08:22:26.903+0000] {processor.py:183} INFO - Processing /opt/airflow/dags/minio_to_snowflake_dag.py took 1.027 seconds
[2026-05-10T08:22:57.142+0000] {processor.py:161} INFO - Started process (PID=6251) to work on /opt/airflow/dags/minio_to_snowflake_dag.py
[2026-05-10T08:22:57.144+0000] {processor.py:830} INFO - Processing file /opt/airflow/dags/minio_to_snowflake_dag.py for tasks to queue
[2026-05-10T08:22:57.149+0000] {logging_mixin.py:188} INFO - [2026-05-10T08:22:57.148+0000] {dagbag.py:545} INFO - Filling up the DagBag from /opt/airflow/dags/minio_to_snowflake_dag.py
[2026-05-10T08:22:58.344+0000] {processor.py:840} INFO - DAG(s) 'minio_to_snowflake_banking' retrieved from /opt/airflow/dags/minio_to_snowflake_dag.py
[2026-05-10T08:22:58.391+0000] {logging_mixin.py:188} INFO - [2026-05-10T08:22:58.390+0000] {dag.py:3089} INFO - Sync 1 DAGs
[2026-05-10T08:22:58.425+0000] {logging_mixin.py:188} INFO - [2026-05-10T08:22:58.425+0000] {dag.py:3947} INFO - Setting next_dagrun for minio_to_snowflake_banking to 2026-05-10 08:22:00+00:00, run_after=2026-05-10 08:23:00+00:00
[2026-05-10T08:22:58.456+0000] {processor.py:183} INFO - Processing /opt/airflow/dags/minio_to_snowflake_dag.py took 1.325 seconds
[2026-05-10T08:23:28.754+0000] {processor.py:161} INFO - Started process (PID=6315) to work on /opt/airflow/dags/minio_to_snowflake_dag.py
[2026-05-10T08:23:28.757+0000] {processor.py:830} INFO - Processing file /opt/airflow/dags/minio_to_snowflake_dag.py for tasks to queue
[2026-05-10T08:23:28.763+0000] {logging_mixin.py:188} INFO - [2026-05-10T08:23:28.762+0000] {dagbag.py:545} INFO - Filling up the DagBag from /opt/airflow/dags/minio_to_snowflake_dag.py
[2026-05-10T08:23:30.618+0000] {processor.py:840} INFO - DAG(s) 'minio_to_snowflake_banking' retrieved from /opt/airflow/dags/minio_to_snowflake_dag.py
[2026-05-10T08:23:30.677+0000] {logging_mixin.py:188} INFO - [2026-05-10T08:23:30.676+0000] {dag.py:3089} INFO - Sync 1 DAGs
[2026-05-10T08:23:30.733+0000] {logging_mixin.py:188} INFO - [2026-05-10T08:23:30.732+0000] {dag.py:3947} INFO - Setting next_dagrun for minio_to_snowflake_banking to 2026-05-10 08:23:00+00:00, run_after=2026-05-10 08:24:00+00:00
[2026-05-10T08:23:30.781+0000] {processor.py:183} INFO - Processing /opt/airflow/dags/minio_to_snowflake_dag.py took 2.050 seconds
[2026-05-10T08:24:01.051+0000] {processor.py:161} INFO - Started process (PID=6320) to work on /opt/airflow/dags/minio_to_snowflake_dag.py
[2026-05-10T08:24:01.054+0000] {processor.py:830} INFO - Processing file /opt/airflow/dags/minio_to_snowflake_dag.py for tasks to queue
[2026-05-10T08:24:01.060+0000] {logging_mixin.py:188} INFO - [2026-05-10T08:24:01.059+0000] {dagbag.py:545} INFO - Filling up the DagBag from /opt/airflow/dags/minio_to_snowflake_dag.py
[2026-05-10T08:24:04.130+0000] {processor.py:840} INFO - DAG(s) 'minio_to_snowflake_banking' retrieved from /opt/airflow/dags/minio_to_snowflake_dag.py
[2026-05-10T08:24:04.243+0000] {logging_mixin.py:188} INFO - [2026-05-10T08:24:04.242+0000] {dag.py:3089} INFO - Sync 1 DAGs
[2026-05-10T08:24:04.296+0000] {logging_mixin.py:188} INFO - [2026-05-10T08:24:04.296+0000] {dag.py:3947} INFO - Setting next_dagrun for minio_to_snowflake_banking to 2026-05-10 08:24:00+00:00, run_after=2026-05-10 08:25:00+00:00
[2026-05-10T08:24:04.344+0000] {processor.py:183} INFO - Processing /opt/airflow/dags/minio_to_snowflake_dag.py took 3.310 seconds
[2026-05-10T08:24:34.652+0000] {processor.py:161} INFO - Started process (PID=6383) to work on /opt/airflow/dags/minio_to_snowflake_dag.py
[2026-05-10T08:24:34.655+0000] {processor.py:830} INFO - Processing file /opt/airflow/dags/minio_to_snowflake_dag.py for tasks to queue
[2026-05-10T08:24:34.670+0000] {logging_mixin.py:188} INFO - [2026-05-10T08:24:34.668+0000] {dagbag.py:545} INFO - Filling up the DagBag from /opt/airflow/dags/minio_to_snowflake_dag.py
[2026-05-10T08:24:36.463+0000] {processor.py:840} INFO - DAG(s) 'minio_to_snowflake_banking' retrieved from /opt/airflow/dags/minio_to_snowflake_dag.py
[2026-05-10T08:24:36.497+0000] {logging_mixin.py:188} INFO - [2026-05-10T08:24:36.496+0000] {dag.py:3089} INFO - Sync 1 DAGs
[2026-05-10T08:24:36.527+0000] {logging_mixin.py:188} INFO - [2026-05-10T08:24:36.526+0000] {dag.py:3947} INFO - Setting next_dagrun for minio_to_snowflake_banking to 2026-05-10 08:24:00+00:00, run_after=2026-05-10 08:25:00+00:00
[2026-05-10T08:24:36.560+0000] {processor.py:183} INFO - Processing /opt/airflow/dags/minio_to_snowflake_dag.py took 1.945 seconds
[2026-05-10T08:25:06.927+0000] {processor.py:161} INFO - Started process (PID=6399) to work on /opt/airflow/dags/minio_to_snowflake_dag.py
[2026-05-10T08:25:06.930+0000] {processor.py:830} INFO - Processing file /opt/airflow/dags/minio_to_snowflake_dag.py for tasks to queue
[2026-05-10T08:25:06.937+0000] {logging_mixin.py:188} INFO - [2026-05-10T08:25:06.936+0000] {dagbag.py:545} INFO - Filling up the DagBag from /opt/airflow/dags/minio_to_snowflake_dag.py
[2026-05-10T08:25:09.505+0000] {processor.py:840} INFO - DAG(s) 'minio_to_snowflake_banking' retrieved from /opt/airflow/dags/minio_to_snowflake_dag.py
[2026-05-10T08:25:09.558+0000] {logging_mixin.py:188} INFO - [2026-05-10T08:25:09.557+0000] {dag.py:3089} INFO - Sync 1 DAGs
[2026-05-10T08:25:09.597+0000] {logging_mixin.py:188} INFO - [2026-05-10T08:25:09.596+0000] {dag.py:3947} INFO - Setting next_dagrun for minio_to_snowflake_banking to 2026-05-10 08:25:00+00:00, run_after=2026-05-10 08:26:00+00:00
[2026-05-10T08:25:09.636+0000] {processor.py:183} INFO - Processing /opt/airflow/dags/minio_to_snowflake_dag.py took 2.729 seconds
[2026-05-10T08:25:40.050+0000] {processor.py:161} INFO - Started process (PID=6450) to work on /opt/airflow/dags/minio_to_snowflake_dag.py
[2026-05-10T08:25:40.052+0000] {processor.py:830} INFO - Processing file /opt/airflow/dags/minio_to_snowflake_dag.py for tasks to queue
[2026-05-10T08:25:40.057+0000] {logging_mixin.py:188} INFO - [2026-05-10T08:25:40.057+0000] {dagbag.py:545} INFO - Filling up the DagBag from /opt/airflow/dags/minio_to_snowflake_dag.py
[2026-05-10T08:25:41.223+0000] {processor.py:840} INFO - DAG(s) 'minio_to_snowflake_banking' retrieved from /opt/airflow/dags/minio_to_snowflake_dag.py
[2026-05-10T08:25:41.256+0000] {logging_mixin.py:188} INFO - [2026-05-10T08:25:41.255+0000] {dag.py:3089} INFO - Sync 1 DAGs
[2026-05-10T08:25:41.286+0000] {logging_mixin.py:188} INFO - [2026-05-10T08:25:41.286+0000] {dag.py:3947} INFO - Setting next_dagrun for minio_to_snowflake_banking to 2026-05-10 08:25:00+00:00, run_after=2026-05-10 08:26:00+00:00
[2026-05-10T08:25:41.316+0000] {processor.py:183} INFO - Processing /opt/airflow/dags/minio_to_snowflake_dag.py took 1.280 seconds
[2026-05-10T08:26:11.468+0000] {processor.py:161} INFO - Started process (PID=6496) to work on /opt/airflow/dags/minio_to_snowflake_dag.py
[2026-05-10T08:26:11.471+0000] {processor.py:830} INFO - Processing file /opt/airflow/dags/minio_to_snowflake_dag.py for tasks to queue
[2026-05-10T08:26:11.479+0000] {logging_mixin.py:188} INFO - [2026-05-10T08:26:11.478+0000] {dagbag.py:545} INFO - Filling up the DagBag from /opt/airflow/dags/minio_to_snowflake_dag.py
[2026-05-10T08:26:13.066+0000] {processor.py:840} INFO - DAG(s) 'minio_to_snowflake_banking' retrieved from /opt/airflow/dags/minio_to_snowflake_dag.py
[2026-05-10T08:26:13.115+0000] {logging_mixin.py:188} INFO - [2026-05-10T08:26:13.114+0000] {dag.py:3089} INFO - Sync 1 DAGs
[2026-05-10T08:26:13.155+0000] {logging_mixin.py:188} INFO - [2026-05-10T08:26:13.155+0000] {dag.py:3947} INFO - Setting next_dagrun for minio_to_snowflake_banking to 2026-05-10 08:26:00+00:00, run_after=2026-05-10 08:27:00+00:00
[2026-05-10T08:26:13.194+0000] {processor.py:183} INFO - Processing /opt/airflow/dags/minio_to_snowflake_dag.py took 1.747 seconds
[2026-05-10T08:26:43.562+0000] {processor.py:161} INFO - Started process (PID=6517) to work on /opt/airflow/dags/minio_to_snowflake_dag.py
[2026-05-10T08:26:43.564+0000] {processor.py:830} INFO - Processing file /opt/airflow/dags/minio_to_snowflake_dag.py for tasks to queue
[2026-05-10T08:26:43.569+0000] {logging_mixin.py:188} INFO - [2026-05-10T08:26:43.568+0000] {dagbag.py:545} INFO - Filling up the DagBag from /opt/airflow/dags/minio_to_snowflake_dag.py
[2026-05-10T08:26:44.573+0000] {processor.py:840} INFO - DAG(s) 'minio_to_snowflake_banking' retrieved from /opt/airflow/dags/minio_to_snowflake_dag.py
[2026-05-10T08:26:44.612+0000] {logging_mixin.py:188} INFO - [2026-05-10T08:26:44.612+0000] {dag.py:3089} INFO - Sync 1 DAGs
[2026-05-10T08:26:44.642+0000] {logging_mixin.py:188} INFO - [2026-05-10T08:26:44.642+0000] {dag.py:3947} INFO - Setting next_dagrun for minio_to_snowflake_banking to 2026-05-10 08:26:00+00:00, run_after=2026-05-10 08:27:00+00:00
[2026-05-10T08:26:44.673+0000] {processor.py:183} INFO - Processing /opt/airflow/dags/minio_to_snowflake_dag.py took 1.125 seconds
[2026-05-10T08:27:14.804+0000] {processor.py:161} INFO - Started process (PID=6571) to work on /opt/airflow/dags/minio_to_snowflake_dag.py
[2026-05-10T08:27:14.807+0000] {processor.py:830} INFO - Processing file /opt/airflow/dags/minio_to_snowflake_dag.py for tasks to queue
[2026-05-10T08:27:14.812+0000] {logging_mixin.py:188} INFO - [2026-05-10T08:27:14.811+0000] {dagbag.py:545} INFO - Filling up the DagBag from /opt/airflow/dags/minio_to_snowflake_dag.py
[2026-05-10T08:27:16.493+0000] {processor.py:840} INFO - DAG(s) 'minio_to_snowflake_banking' retrieved from /opt/airflow/dags/minio_to_snowflake_dag.py
[2026-05-10T08:27:16.636+0000] {logging_mixin.py:188} INFO - [2026-05-10T08:27:16.635+0000] {dag.py:3089} INFO - Sync 1 DAGs
[2026-05-10T08:27:16.730+0000] {logging_mixin.py:188} INFO - [2026-05-10T08:27:16.730+0000] {dag.py:3947} INFO - Setting next_dagrun for minio_to_snowflake_banking to 2026-05-10 08:27:00+00:00, run_after=2026-05-10 08:28:00+00:00
[2026-05-10T08:27:16.778+0000] {processor.py:183} INFO - Processing /opt/airflow/dags/minio_to_snowflake_dag.py took 1.988 seconds
[2026-05-10T08:27:47.093+0000] {processor.py:161} INFO - Started process (PID=6585) to work on /opt/airflow/dags/minio_to_snowflake_dag.py
[2026-05-10T08:27:47.095+0000] {processor.py:830} INFO - Processing file /opt/airflow/dags/minio_to_snowflake_dag.py for tasks to queue
[2026-05-10T08:27:47.102+0000] {logging_mixin.py:188} INFO - [2026-05-10T08:27:47.100+0000] {dagbag.py:545} INFO - Filling up the DagBag from /opt/airflow/dags/minio_to_snowflake_dag.py
[2026-05-10T08:27:49.461+0000] {processor.py:840} INFO - DAG(s) 'minio_to_snowflake_banking' retrieved from /opt/airflow/dags/minio_to_snowflake_dag.py
[2026-05-10T08:27:49.516+0000] {logging_mixin.py:188} INFO - [2026-05-10T08:27:49.515+0000] {dag.py:3089} INFO - Sync 1 DAGs
[2026-05-10T08:27:49.575+0000] {logging_mixin.py:188} INFO - [2026-05-10T08:27:49.575+0000] {dag.py:3947} INFO - Setting next_dagrun for minio_to_snowflake_banking to 2026-05-10 08:27:00+00:00, run_after=2026-05-10 08:28:00+00:00
[2026-05-10T08:27:49.611+0000] {processor.py:183} INFO - Processing /opt/airflow/dags/minio_to_snowflake_dag.py took 2.539 seconds
[2026-05-10T08:28:20.086+0000] {processor.py:161} INFO - Started process (PID=6639) to work on /opt/airflow/dags/minio_to_snowflake_dag.py
[2026-05-10T08:28:20.089+0000] {processor.py:830} INFO - Processing file /opt/airflow/dags/minio_to_snowflake_dag.py for tasks to queue
[2026-05-10T08:28:20.106+0000] {logging_mixin.py:188} INFO - [2026-05-10T08:28:20.102+0000] {dagbag.py:545} INFO - Filling up the DagBag from /opt/airflow/dags/minio_to_snowflake_dag.py
[2026-05-10T08:28:23.739+0000] {processor.py:840} INFO - DAG(s) 'minio_to_snowflake_banking' retrieved from /opt/airflow/dags/minio_to_snowflake_dag.py
[2026-05-10T08:28:23.821+0000] {logging_mixin.py:188} INFO - [2026-05-10T08:28:23.820+0000] {dag.py:3089} INFO - Sync 1 DAGs
[2026-05-10T08:28:23.890+0000] {logging_mixin.py:188} INFO - [2026-05-10T08:28:23.889+0000] {dag.py:3947} INFO - Setting next_dagrun for minio_to_snowflake_banking to 2026-05-10 08:28:00+00:00, run_after=2026-05-10 08:29:00+00:00
[2026-05-10T08:28:23.938+0000] {processor.py:183} INFO - Processing /opt/airflow/dags/minio_to_snowflake_dag.py took 3.891 seconds
[2026-05-10T08:28:54.287+0000] {processor.py:161} INFO - Started process (PID=6653) to work on /opt/airflow/dags/minio_to_snowflake_dag.py
[2026-05-10T08:28:54.289+0000] {processor.py:830} INFO - Processing file /opt/airflow/dags/minio_to_snowflake_dag.py for tasks to queue
[2026-05-10T08:28:54.295+0000] {logging_mixin.py:188} INFO - [2026-05-10T08:28:54.294+0000] {dagbag.py:545} INFO - Filling up the DagBag from /opt/airflow/dags/minio_to_snowflake_dag.py
[2026-05-10T08:28:55.334+0000] {processor.py:840} INFO - DAG(s) 'minio_to_snowflake_banking' retrieved from /opt/airflow/dags/minio_to_snowflake_dag.py
[2026-05-10T08:28:55.390+0000] {logging_mixin.py:188} INFO - [2026-05-10T08:28:55.390+0000] {dag.py:3089} INFO - Sync 1 DAGs
[2026-05-10T08:28:55.433+0000] {logging_mixin.py:188} INFO - [2026-05-10T08:28:55.433+0000] {dag.py:3947} INFO - Setting next_dagrun for minio_to_snowflake_banking to 2026-05-10 08:28:00+00:00, run_after=2026-05-10 08:29:00+00:00
[2026-05-10T08:28:55.472+0000] {processor.py:183} INFO - Processing /opt/airflow/dags/minio_to_snowflake_dag.py took 1.202 seconds
[2026-05-10T08:29:25.818+0000] {processor.py:161} INFO - Started process (PID=6716) to work on /opt/airflow/dags/minio_to_snowflake_dag.py
[2026-05-10T08:29:25.820+0000] {processor.py:830} INFO - Processing file /opt/airflow/dags/minio_to_snowflake_dag.py for tasks to queue
[2026-05-10T08:29:25.824+0000] {logging_mixin.py:188} INFO - [2026-05-10T08:29:25.823+0000] {dagbag.py:545} INFO - Filling up the DagBag from /opt/airflow/dags/minio_to_snowflake_dag.py
[2026-05-10T08:29:27.019+0000] {processor.py:840} INFO - DAG(s) 'minio_to_snowflake_banking' retrieved from /opt/airflow/dags/minio_to_snowflake_dag.py
[2026-05-10T08:29:27.057+0000] {logging_mixin.py:188} INFO - [2026-05-10T08:29:27.056+0000] {dag.py:3089} INFO - Sync 1 DAGs
[2026-05-10T08:29:27.093+0000] {logging_mixin.py:188} INFO - [2026-05-10T08:29:27.092+0000] {dag.py:3947} INFO - Setting next_dagrun for minio_to_snowflake_banking to 2026-05-10 08:29:00+00:00, run_after=2026-05-10 08:30:00+00:00
[2026-05-10T08:29:27.127+0000] {processor.py:183} INFO - Processing /opt/airflow/dags/minio_to_snowflake_dag.py took 1.319 seconds
[2026-05-10T08:29:57.787+0000] {processor.py:161} INFO - Started process (PID=6720) to work on /opt/airflow/dags/minio_to_snowflake_dag.py
[2026-05-10T08:29:57.806+0000] {processor.py:830} INFO - Processing file /opt/airflow/dags/minio_to_snowflake_dag.py for tasks to queue
[2026-05-10T08:29:57.853+0000] {logging_mixin.py:188} INFO - [2026-05-10T08:29:57.848+0000] {dagbag.py:545} INFO - Filling up the DagBag from /opt/airflow/dags/minio_to_snowflake_dag.py
[2026-05-10T08:30:05.422+0000] {processor.py:840} INFO - DAG(s) 'minio_to_snowflake_banking' retrieved from /opt/airflow/dags/minio_to_snowflake_dag.py
[2026-05-10T08:30:05.701+0000] {logging_mixin.py:188} INFO - [2026-05-10T08:30:05.699+0000] {dag.py:3089} INFO - Sync 1 DAGs
[2026-05-10T08:30:05.875+0000] {logging_mixin.py:188} INFO - [2026-05-10T08:30:05.873+0000] {dag.py:3947} INFO - Setting next_dagrun for minio_to_snowflake_banking to 2026-05-10 08:30:00+00:00, run_after=2026-05-10 08:31:00+00:00
[2026-05-10T08:30:05.969+0000] {processor.py:183} INFO - Processing /opt/airflow/dags/minio_to_snowflake_dag.py took 8.436 seconds
[2026-05-10T08:30:36.645+0000] {processor.py:161} INFO - Started process (PID=6784) to work on /opt/airflow/dags/minio_to_snowflake_dag.py
[2026-05-10T08:30:36.651+0000] {processor.py:830} INFO - Processing file /opt/airflow/dags/minio_to_snowflake_dag.py for tasks to queue
[2026-05-10T08:30:36.694+0000] {logging_mixin.py:188} INFO - [2026-05-10T08:30:36.686+0000] {dagbag.py:545} INFO - Filling up the DagBag from /opt/airflow/dags/minio_to_snowflake_dag.py
[2026-05-10T08:30:39.397+0000] {processor.py:840} INFO - DAG(s) 'minio_to_snowflake_banking' retrieved from /opt/airflow/dags/minio_to_snowflake_dag.py
[2026-05-10T08:30:39.491+0000] {logging_mixin.py:188} INFO - [2026-05-10T08:30:39.488+0000] {dag.py:3089} INFO - Sync 1 DAGs
[2026-05-10T08:30:39.560+0000] {logging_mixin.py:188} INFO - [2026-05-10T08:30:39.559+0000] {dag.py:3947} INFO - Setting next_dagrun for minio_to_snowflake_banking to 2026-05-10 08:30:00+00:00, run_after=2026-05-10 08:31:00+00:00
[2026-05-10T08:30:39.619+0000] {processor.py:183} INFO - Processing /opt/airflow/dags/minio_to_snowflake_dag.py took 3.024 seconds
[2026-05-10T08:31:10.406+0000] {processor.py:161} INFO - Started process (PID=6838) to work on /opt/airflow/dags/minio_to_snowflake_dag.py
[2026-05-10T08:31:10.439+0000] {processor.py:830} INFO - Processing file /opt/airflow/dags/minio_to_snowflake_dag.py for tasks to queue
[2026-05-10T08:31:10.555+0000] {logging_mixin.py:188} INFO - [2026-05-10T08:31:10.547+0000] {dagbag.py:545} INFO - Filling up the DagBag from /opt/airflow/dags/minio_to_snowflake_dag.py
[2026-05-10T08:31:25.260+0000] {processor.py:840} INFO - DAG(s) 'minio_to_snowflake_banking' retrieved from /opt/airflow/dags/minio_to_snowflake_dag.py
[2026-05-10T08:31:25.656+0000] {logging_mixin.py:188} INFO - [2026-05-10T08:31:25.654+0000] {dag.py:3089} INFO - Sync 1 DAGs
[2026-05-10T08:31:25.960+0000] {logging_mixin.py:188} INFO - [2026-05-10T08:31:25.959+0000] {dag.py:3947} INFO - Setting next_dagrun for minio_to_snowflake_banking to 2026-05-10 08:31:00+00:00, run_after=2026-05-10 08:32:00+00:00
[2026-05-10T08:31:26.164+0000] {processor.py:183} INFO - Processing /opt/airflow/dags/minio_to_snowflake_dag.py took 15.991 seconds
[2026-05-10T08:31:57.990+0000] {processor.py:161} INFO - Started process (PID=6885) to work on /opt/airflow/dags/minio_to_snowflake_dag.py
[2026-05-10T08:31:58.018+0000] {processor.py:830} INFO - Processing file /opt/airflow/dags/minio_to_snowflake_dag.py for tasks to queue
[2026-05-10T08:31:58.126+0000] {logging_mixin.py:188} INFO - [2026-05-10T08:31:58.097+0000] {dagbag.py:545} INFO - Filling up the DagBag from /opt/airflow/dags/minio_to_snowflake_dag.py
[2026-05-10T08:32:03.343+0000] {processor.py:840} INFO - DAG(s) 'minio_to_snowflake_banking' retrieved from /opt/airflow/dags/minio_to_snowflake_dag.py
[2026-05-10T08:32:03.417+0000] {logging_mixin.py:188} INFO - [2026-05-10T08:32:03.416+0000] {dag.py:3089} INFO - Sync 1 DAGs
[2026-05-10T08:32:03.484+0000] {logging_mixin.py:188} INFO - [2026-05-10T08:32:03.484+0000] {dag.py:3947} INFO - Setting next_dagrun for minio_to_snowflake_banking to 2026-05-10 08:31:00+00:00, run_after=2026-05-10 08:32:00+00:00
[2026-05-10T08:32:03.541+0000] {processor.py:183} INFO - Processing /opt/airflow/dags/minio_to_snowflake_dag.py took 5.942 seconds
[2026-05-10T08:32:33.701+0000] {processor.py:161} INFO - Started process (PID=6976) to work on /opt/airflow/dags/minio_to_snowflake_dag.py
[2026-05-10T08:32:33.703+0000] {processor.py:830} INFO - Processing file /opt/airflow/dags/minio_to_snowflake_dag.py for tasks to queue
[2026-05-10T08:32:33.707+0000] {logging_mixin.py:188} INFO - [2026-05-10T08:32:33.706+0000] {dagbag.py:545} INFO - Filling up the DagBag from /opt/airflow/dags/minio_to_snowflake_dag.py
[2026-05-10T08:32:34.945+0000] {processor.py:840} INFO - DAG(s) 'minio_to_snowflake_banking' retrieved from /opt/airflow/dags/minio_to_snowflake_dag.py
[2026-05-10T08:32:34.977+0000] {logging_mixin.py:188} INFO - [2026-05-10T08:32:34.976+0000] {dag.py:3089} INFO - Sync 1 DAGs
[2026-05-10T08:32:35.007+0000] {logging_mixin.py:188} INFO - [2026-05-10T08:32:35.006+0000] {dag.py:3947} INFO - Setting next_dagrun for minio_to_snowflake_banking to 2026-05-10 08:32:00+00:00, run_after=2026-05-10 08:33:00+00:00
[2026-05-10T08:32:35.039+0000] {processor.py:183} INFO - Processing /opt/airflow/dags/minio_to_snowflake_dag.py took 1.349 seconds
[2026-05-10T08:33:05.310+0000] {processor.py:161} INFO - Started process (PID=6992) to work on /opt/airflow/dags/minio_to_snowflake_dag.py
[2026-05-10T08:33:05.312+0000] {processor.py:830} INFO - Processing file /opt/airflow/dags/minio_to_snowflake_dag.py for tasks to queue
[2026-05-10T08:33:05.319+0000] {logging_mixin.py:188} INFO - [2026-05-10T08:33:05.318+0000] {dagbag.py:545} INFO - Filling up the DagBag from /opt/airflow/dags/minio_to_snowflake_dag.py
[2026-05-10T08:33:07.207+0000] {processor.py:840} INFO - DAG(s) 'minio_to_snowflake_banking' retrieved from /opt/airflow/dags/minio_to_snowflake_dag.py
[2026-05-10T08:33:07.245+0000] {logging_mixin.py:188} INFO - [2026-05-10T08:33:07.244+0000] {dag.py:3089} INFO - Sync 1 DAGs
[2026-05-10T08:33:07.287+0000] {logging_mixin.py:188} INFO - [2026-05-10T08:33:07.286+0000] {dag.py:3947} INFO - Setting next_dagrun for minio_to_snowflake_banking to 2026-05-10 08:33:00+00:00, run_after=2026-05-10 08:34:00+00:00
[2026-05-10T08:33:07.327+0000] {processor.py:183} INFO - Processing /opt/airflow/dags/minio_to_snowflake_dag.py took 2.033 seconds
[2026-05-10T08:33:37.544+0000] {processor.py:161} INFO - Started process (PID=7044) to work on /opt/airflow/dags/minio_to_snowflake_dag.py
[2026-05-10T08:33:37.546+0000] {processor.py:830} INFO - Processing file /opt/airflow/dags/minio_to_snowflake_dag.py for tasks to queue
[2026-05-10T08:33:37.550+0000] {logging_mixin.py:188} INFO - [2026-05-10T08:33:37.550+0000] {dagbag.py:545} INFO - Filling up the DagBag from /opt/airflow/dags/minio_to_snowflake_dag.py
[2026-05-10T08:33:38.498+0000] {processor.py:840} INFO - DAG(s) 'minio_to_snowflake_banking' retrieved from /opt/airflow/dags/minio_to_snowflake_dag.py
[2026-05-10T08:33:38.536+0000] {logging_mixin.py:188} INFO - [2026-05-10T08:33:38.536+0000] {dag.py:3089} INFO - Sync 1 DAGs
[2026-05-10T08:33:38.566+0000] {logging_mixin.py:188} INFO - [2026-05-10T08:33:38.565+0000] {dag.py:3947} INFO - Setting next_dagrun for minio_to_snowflake_banking to 2026-05-10 08:33:00+00:00, run_after=2026-05-10 08:34:00+00:00
[2026-05-10T08:33:38.597+0000] {processor.py:183} INFO - Processing /opt/airflow/dags/minio_to_snowflake_dag.py took 1.063 seconds
[2026-05-10T08:34:08.865+0000] {processor.py:161} INFO - Started process (PID=7081) to work on /opt/airflow/dags/minio_to_snowflake_dag.py
[2026-05-10T08:34:08.867+0000] {processor.py:830} INFO - Processing file /opt/airflow/dags/minio_to_snowflake_dag.py for tasks to queue
[2026-05-10T08:34:08.871+0000] {logging_mixin.py:188} INFO - [2026-05-10T08:34:08.871+0000] {dagbag.py:545} INFO - Filling up the DagBag from /opt/airflow/dags/minio_to_snowflake_dag.py
[2026-05-10T08:34:09.908+0000] {processor.py:840} INFO - DAG(s) 'minio_to_snowflake_banking' retrieved from /opt/airflow/dags/minio_to_snowflake_dag.py
[2026-05-10T08:34:09.943+0000] {logging_mixin.py:188} INFO - [2026-05-10T08:34:09.942+0000] {dag.py:3089} INFO - Sync 1 DAGs
[2026-05-10T08:34:09.973+0000] {logging_mixin.py:188} INFO - [2026-05-10T08:34:09.973+0000] {dag.py:3947} INFO - Setting next_dagrun for minio_to_snowflake_banking to 2026-05-10 08:34:00+00:00, run_after=2026-05-10 08:35:00+00:00
[2026-05-10T08:34:10.005+0000] {processor.py:183} INFO - Processing /opt/airflow/dags/minio_to_snowflake_dag.py took 1.150 seconds
[2026-05-10T08:34:40.106+0000] {processor.py:161} INFO - Started process (PID=7112) to work on /opt/airflow/dags/minio_to_snowflake_dag.py
[2026-05-10T08:34:40.107+0000] {processor.py:830} INFO - Processing file /opt/airflow/dags/minio_to_snowflake_dag.py for tasks to queue
[2026-05-10T08:34:40.111+0000] {logging_mixin.py:188} INFO - [2026-05-10T08:34:40.111+0000] {dagbag.py:545} INFO - Filling up the DagBag from /opt/airflow/dags/minio_to_snowflake_dag.py
[2026-05-10T08:34:41.151+0000] {processor.py:840} INFO - DAG(s) 'minio_to_snowflake_banking' retrieved from /opt/airflow/dags/minio_to_snowflake_dag.py
[2026-05-10T08:34:41.186+0000] {logging_mixin.py:188} INFO - [2026-05-10T08:34:41.185+0000] {dag.py:3089} INFO - Sync 1 DAGs
[2026-05-10T08:34:41.218+0000] {logging_mixin.py:188} INFO - [2026-05-10T08:34:41.218+0000] {dag.py:3947} INFO - Setting next_dagrun for minio_to_snowflake_banking to 2026-05-10 08:34:00+00:00, run_after=2026-05-10 08:35:00+00:00
[2026-05-10T08:34:41.247+0000] {processor.py:183} INFO - Processing /opt/airflow/dags/minio_to_snowflake_dag.py took 1.152 seconds
[2026-05-10T08:35:11.587+0000] {processor.py:161} INFO - Started process (PID=7160) to work on /opt/airflow/dags/minio_to_snowflake_dag.py
[2026-05-10T08:35:11.589+0000] {processor.py:830} INFO - Processing file /opt/airflow/dags/minio_to_snowflake_dag.py for tasks to queue
[2026-05-10T08:35:11.593+0000] {logging_mixin.py:188} INFO - [2026-05-10T08:35:11.592+0000] {dagbag.py:545} INFO - Filling up the DagBag from /opt/airflow/dags/minio_to_snowflake_dag.py
[2026-05-10T08:35:13.829+0000] {processor.py:840} INFO - DAG(s) 'minio_to_snowflake_banking' retrieved from /opt/airflow/dags/minio_to_snowflake_dag.py
[2026-05-10T08:35:13.973+0000] {logging_mixin.py:188} INFO - [2026-05-10T08:35:13.971+0000] {dag.py:3089} INFO - Sync 1 DAGs
[2026-05-10T08:35:14.041+0000] {logging_mixin.py:188} INFO - [2026-05-10T08:35:14.041+0000] {dag.py:3947} INFO - Setting next_dagrun for minio_to_snowflake_banking to 2026-05-10 08:35:00+00:00, run_after=2026-05-10 08:36:00+00:00
[2026-05-10T08:35:14.087+0000] {processor.py:183} INFO - Processing /opt/airflow/dags/minio_to_snowflake_dag.py took 2.510 seconds
[2026-05-10T08:35:44.465+0000] {processor.py:161} INFO - Started process (PID=7179) to work on /opt/airflow/dags/minio_to_snowflake_dag.py
[2026-05-10T08:35:44.469+0000] {processor.py:830} INFO - Processing file /opt/airflow/dags/minio_to_snowflake_dag.py for tasks to queue
[2026-05-10T08:35:44.508+0000] {logging_mixin.py:188} INFO - [2026-05-10T08:35:44.505+0000] {dagbag.py:545} INFO - Filling up the DagBag from /opt/airflow/dags/minio_to_snowflake_dag.py
[2026-05-10T08:35:45.655+0000] {processor.py:840} INFO - DAG(s) 'minio_to_snowflake_banking' retrieved from /opt/airflow/dags/minio_to_snowflake_dag.py
[2026-05-10T08:35:45.733+0000] {logging_mixin.py:188} INFO - [2026-05-10T08:35:45.733+0000] {dag.py:3089} INFO - Sync 1 DAGs
[2026-05-10T08:35:45.770+0000] {logging_mixin.py:188} INFO - [2026-05-10T08:35:45.770+0000] {dag.py:3947} INFO - Setting next_dagrun for minio_to_snowflake_banking to 2026-05-10 08:35:00+00:00, run_after=2026-05-10 08:36:00+00:00
[2026-05-10T08:35:45.803+0000] {processor.py:183} INFO - Processing /opt/airflow/dags/minio_to_snowflake_dag.py took 1.412 seconds
[2026-05-10T08:36:16.078+0000] {processor.py:161} INFO - Started process (PID=7236) to work on /opt/airflow/dags/minio_to_snowflake_dag.py
[2026-05-10T08:36:16.080+0000] {processor.py:830} INFO - Processing file /opt/airflow/dags/minio_to_snowflake_dag.py for tasks to queue
[2026-05-10T08:36:16.083+0000] {logging_mixin.py:188} INFO - [2026-05-10T08:36:16.083+0000] {dagbag.py:545} INFO - Filling up the DagBag from /opt/airflow/dags/minio_to_snowflake_dag.py
[2026-05-10T08:36:17.155+0000] {processor.py:840} INFO - DAG(s) 'minio_to_snowflake_banking' retrieved from /opt/airflow/dags/minio_to_snowflake_dag.py
[2026-05-10T08:36:17.202+0000] {logging_mixin.py:188} INFO - [2026-05-10T08:36:17.201+0000] {dag.py:3089} INFO - Sync 1 DAGs
[2026-05-10T08:36:17.330+0000] {logging_mixin.py:188} INFO - [2026-05-10T08:36:17.329+0000] {dag.py:3947} INFO - Setting next_dagrun for minio_to_snowflake_banking to 2026-05-10 08:36:00+00:00, run_after=2026-05-10 08:37:00+00:00
[2026-05-10T08:36:17.435+0000] {processor.py:183} INFO - Processing /opt/airflow/dags/minio_to_snowflake_dag.py took 1.368 seconds
[2026-05-10T08:36:47.735+0000] {processor.py:161} INFO - Started process (PID=7247) to work on /opt/airflow/dags/minio_to_snowflake_dag.py
[2026-05-10T08:36:47.737+0000] {processor.py:830} INFO - Processing file /opt/airflow/dags/minio_to_snowflake_dag.py for tasks to queue
[2026-05-10T08:36:47.742+0000] {logging_mixin.py:188} INFO - [2026-05-10T08:36:47.741+0000] {dagbag.py:545} INFO - Filling up the DagBag from /opt/airflow/dags/minio_to_snowflake_dag.py
[2026-05-10T08:36:48.838+0000] {processor.py:840} INFO - DAG(s) 'minio_to_snowflake_banking' retrieved from /opt/airflow/dags/minio_to_snowflake_dag.py
[2026-05-10T08:36:48.876+0000] {logging_mixin.py:188} INFO - [2026-05-10T08:36:48.875+0000] {dag.py:3089} INFO - Sync 1 DAGs
[2026-05-10T08:36:48.907+0000] {logging_mixin.py:188} INFO - [2026-05-10T08:36:48.907+0000] {dag.py:3947} INFO - Setting next_dagrun for minio_to_snowflake_banking to 2026-05-10 08:36:00+00:00, run_after=2026-05-10 08:37:00+00:00
[2026-05-10T08:36:48.936+0000] {processor.py:183} INFO - Processing /opt/airflow/dags/minio_to_snowflake_dag.py took 1.216 seconds
[2026-05-10T08:37:19.064+0000] {processor.py:161} INFO - Started process (PID=7311) to work on /opt/airflow/dags/minio_to_snowflake_dag.py
[2026-05-10T08:37:19.067+0000] {processor.py:830} INFO - Processing file /opt/airflow/dags/minio_to_snowflake_dag.py for tasks to queue
[2026-05-10T08:37:19.072+0000] {logging_mixin.py:188} INFO - [2026-05-10T08:37:19.071+0000] {dagbag.py:545} INFO - Filling up the DagBag from /opt/airflow/dags/minio_to_snowflake_dag.py
[2026-05-10T08:37:20.323+0000] {processor.py:840} INFO - DAG(s) 'minio_to_snowflake_banking' retrieved from /opt/airflow/dags/minio_to_snowflake_dag.py
[2026-05-10T08:37:20.366+0000] {logging_mixin.py:188} INFO - [2026-05-10T08:37:20.365+0000] {dag.py:3089} INFO - Sync 1 DAGs
[2026-05-10T08:37:20.400+0000] {logging_mixin.py:188} INFO - [2026-05-10T08:37:20.399+0000] {dag.py:3947} INFO - Setting next_dagrun for minio_to_snowflake_banking to 2026-05-10 08:37:00+00:00, run_after=2026-05-10 08:38:00+00:00
[2026-05-10T08:37:20.434+0000] {processor.py:183} INFO - Processing /opt/airflow/dags/minio_to_snowflake_dag.py took 1.381 seconds
[2026-05-10T08:37:50.843+0000] {processor.py:161} INFO - Started process (PID=7315) to work on /opt/airflow/dags/minio_to_snowflake_dag.py
[2026-05-10T08:37:50.849+0000] {processor.py:830} INFO - Processing file /opt/airflow/dags/minio_to_snowflake_dag.py for tasks to queue
[2026-05-10T08:37:50.855+0000] {logging_mixin.py:188} INFO - [2026-05-10T08:37:50.854+0000] {dagbag.py:545} INFO - Filling up the DagBag from /opt/airflow/dags/minio_to_snowflake_dag.py
[2026-05-10T08:37:52.034+0000] {processor.py:840} INFO - DAG(s) 'minio_to_snowflake_banking' retrieved from /opt/airflow/dags/minio_to_snowflake_dag.py
[2026-05-10T08:37:52.071+0000] {logging_mixin.py:188} INFO - [2026-05-10T08:37:52.070+0000] {dag.py:3089} INFO - Sync 1 DAGs
[2026-05-10T08:37:52.102+0000] {logging_mixin.py:188} INFO - [2026-05-10T08:37:52.102+0000] {dag.py:3947} INFO - Setting next_dagrun for minio_to_snowflake_banking to 2026-05-10 08:37:00+00:00, run_after=2026-05-10 08:38:00+00:00
[2026-05-10T08:37:52.136+0000] {processor.py:183} INFO - Processing /opt/airflow/dags/minio_to_snowflake_dag.py took 1.319 seconds
[2026-05-10T08:38:22.700+0000] {processor.py:161} INFO - Started process (PID=7376) to work on /opt/airflow/dags/minio_to_snowflake_dag.py
[2026-05-10T08:38:22.707+0000] {processor.py:830} INFO - Processing file /opt/airflow/dags/minio_to_snowflake_dag.py for tasks to queue
[2026-05-10T08:38:22.721+0000] {logging_mixin.py:188} INFO - [2026-05-10T08:38:22.720+0000] {dagbag.py:545} INFO - Filling up the DagBag from /opt/airflow/dags/minio_to_snowflake_dag.py
[2026-05-10T08:38:24.408+0000] {processor.py:840} INFO - DAG(s) 'minio_to_snowflake_banking' retrieved from /opt/airflow/dags/minio_to_snowflake_dag.py
[2026-05-10T08:38:24.468+0000] {logging_mixin.py:188} INFO - [2026-05-10T08:38:24.465+0000] {dag.py:3089} INFO - Sync 1 DAGs
[2026-05-10T08:38:24.530+0000] {logging_mixin.py:188} INFO - [2026-05-10T08:38:24.529+0000] {dag.py:3947} INFO - Setting next_dagrun for minio_to_snowflake_banking to 2026-05-10 08:38:00+00:00, run_after=2026-05-10 08:39:00+00:00
[2026-05-10T08:38:24.583+0000] {processor.py:183} INFO - Processing /opt/airflow/dags/minio_to_snowflake_dag.py took 1.928 seconds
[2026-05-10T08:38:55.025+0000] {processor.py:161} INFO - Started process (PID=7383) to work on /opt/airflow/dags/minio_to_snowflake_dag.py
[2026-05-10T08:38:55.028+0000] {processor.py:830} INFO - Processing file /opt/airflow/dags/minio_to_snowflake_dag.py for tasks to queue
[2026-05-10T08:38:55.038+0000] {logging_mixin.py:188} INFO - [2026-05-10T08:38:55.037+0000] {dagbag.py:545} INFO - Filling up the DagBag from /opt/airflow/dags/minio_to_snowflake_dag.py
[2026-05-10T08:38:57.307+0000] {processor.py:840} INFO - DAG(s) 'minio_to_snowflake_banking' retrieved from /opt/airflow/dags/minio_to_snowflake_dag.py
[2026-05-10T08:38:57.367+0000] {logging_mixin.py:188} INFO - [2026-05-10T08:38:57.366+0000] {dag.py:3089} INFO - Sync 1 DAGs
[2026-05-10T08:38:57.406+0000] {logging_mixin.py:188} INFO - [2026-05-10T08:38:57.406+0000] {dag.py:3947} INFO - Setting next_dagrun for minio_to_snowflake_banking to 2026-05-10 08:38:00+00:00, run_after=2026-05-10 08:39:00+00:00
[2026-05-10T08:38:57.452+0000] {processor.py:183} INFO - Processing /opt/airflow/dags/minio_to_snowflake_dag.py took 2.459 seconds
[2026-05-10T08:39:27.710+0000] {processor.py:161} INFO - Started process (PID=7447) to work on /opt/airflow/dags/minio_to_snowflake_dag.py
[2026-05-10T08:39:27.722+0000] {processor.py:830} INFO - Processing file /opt/airflow/dags/minio_to_snowflake_dag.py for tasks to queue
[2026-05-10T08:39:27.737+0000] {logging_mixin.py:188} INFO - [2026-05-10T08:39:27.735+0000] {dagbag.py:545} INFO - Filling up the DagBag from /opt/airflow/dags/minio_to_snowflake_dag.py
[2026-05-10T08:39:29.633+0000] {processor.py:840} INFO - DAG(s) 'minio_to_snowflake_banking' retrieved from /opt/airflow/dags/minio_to_snowflake_dag.py
[2026-05-10T08:39:29.681+0000] {logging_mixin.py:188} INFO - [2026-05-10T08:39:29.680+0000] {dag.py:3089} INFO - Sync 1 DAGs
[2026-05-10T08:39:29.714+0000] {logging_mixin.py:188} INFO - [2026-05-10T08:39:29.713+0000] {dag.py:3947} INFO - Setting next_dagrun for minio_to_snowflake_banking to 2026-05-10 08:39:00+00:00, run_after=2026-05-10 08:40:00+00:00
[2026-05-10T08:39:29.753+0000] {processor.py:183} INFO - Processing /opt/airflow/dags/minio_to_snowflake_dag.py took 2.111 seconds
[2026-05-10T08:40:00.074+0000] {processor.py:161} INFO - Started process (PID=7451) to work on /opt/airflow/dags/minio_to_snowflake_dag.py
[2026-05-10T08:40:00.077+0000] {processor.py:830} INFO - Processing file /opt/airflow/dags/minio_to_snowflake_dag.py for tasks to queue
[2026-05-10T08:40:00.082+0000] {logging_mixin.py:188} INFO - [2026-05-10T08:40:00.081+0000] {dagbag.py:545} INFO - Filling up the DagBag from /opt/airflow/dags/minio_to_snowflake_dag.py
[2026-05-10T08:40:01.421+0000] {processor.py:840} INFO - DAG(s) 'minio_to_snowflake_banking' retrieved from /opt/airflow/dags/minio_to_snowflake_dag.py
[2026-05-10T08:40:01.472+0000] {logging_mixin.py:188} INFO - [2026-05-10T08:40:01.471+0000] {dag.py:3089} INFO - Sync 1 DAGs
[2026-05-10T08:40:01.514+0000] {logging_mixin.py:188} INFO - [2026-05-10T08:40:01.514+0000] {dag.py:3947} INFO - Setting next_dagrun for minio_to_snowflake_banking to 2026-05-10 08:40:00+00:00, run_after=2026-05-10 08:41:00+00:00
[2026-05-10T08:40:01.549+0000] {processor.py:183} INFO - Processing /opt/airflow/dags/minio_to_snowflake_dag.py took 1.494 seconds
[2026-05-10T08:40:31.933+0000] {processor.py:161} INFO - Started process (PID=7515) to work on /opt/airflow/dags/minio_to_snowflake_dag.py
[2026-05-10T08:40:31.935+0000] {processor.py:830} INFO - Processing file /opt/airflow/dags/minio_to_snowflake_dag.py for tasks to queue
[2026-05-10T08:40:31.940+0000] {logging_mixin.py:188} INFO - [2026-05-10T08:40:31.939+0000] {dagbag.py:545} INFO - Filling up the DagBag from /opt/airflow/dags/minio_to_snowflake_dag.py
[2026-05-10T08:40:33.311+0000] {processor.py:840} INFO - DAG(s) 'minio_to_snowflake_banking' retrieved from /opt/airflow/dags/minio_to_snowflake_dag.py
[2026-05-10T08:40:33.362+0000] {logging_mixin.py:188} INFO - [2026-05-10T08:40:33.361+0000] {dag.py:3089} INFO - Sync 1 DAGs
[2026-05-10T08:40:33.408+0000] {logging_mixin.py:188} INFO - [2026-05-10T08:40:33.408+0000] {dag.py:3947} INFO - Setting next_dagrun for minio_to_snowflake_banking to 2026-05-10 08:40:00+00:00, run_after=2026-05-10 08:41:00+00:00
[2026-05-10T08:40:33.461+0000] {processor.py:183} INFO - Processing /opt/airflow/dags/minio_to_snowflake_dag.py took 1.541 seconds
[2026-05-10T08:41:03.603+0000] {processor.py:161} INFO - Started process (PID=7520) to work on /opt/airflow/dags/minio_to_snowflake_dag.py
[2026-05-10T08:41:03.604+0000] {processor.py:830} INFO - Processing file /opt/airflow/dags/minio_to_snowflake_dag.py for tasks to queue
[2026-05-10T08:41:03.609+0000] {logging_mixin.py:188} INFO - [2026-05-10T08:41:03.608+0000] {dagbag.py:545} INFO - Filling up the DagBag from /opt/airflow/dags/minio_to_snowflake_dag.py
[2026-05-10T08:41:04.980+0000] {processor.py:840} INFO - DAG(s) 'minio_to_snowflake_banking' retrieved from /opt/airflow/dags/minio_to_snowflake_dag.py
[2026-05-10T08:41:05.019+0000] {logging_mixin.py:188} INFO - [2026-05-10T08:41:05.018+0000] {dag.py:3089} INFO - Sync 1 DAGs
[2026-05-10T08:41:05.055+0000] {logging_mixin.py:188} INFO - [2026-05-10T08:41:05.054+0000] {dag.py:3947} INFO - Setting next_dagrun for minio_to_snowflake_banking to 2026-05-10 08:41:00+00:00, run_after=2026-05-10 08:42:00+00:00
[2026-05-10T08:41:05.097+0000] {processor.py:183} INFO - Processing /opt/airflow/dags/minio_to_snowflake_dag.py took 1.506 seconds
[2026-05-10T08:41:35.380+0000] {processor.py:161} INFO - Started process (PID=7582) to work on /opt/airflow/dags/minio_to_snowflake_dag.py
[2026-05-10T08:41:35.382+0000] {processor.py:830} INFO - Processing file /opt/airflow/dags/minio_to_snowflake_dag.py for tasks to queue
[2026-05-10T08:41:35.386+0000] {logging_mixin.py:188} INFO - [2026-05-10T08:41:35.385+0000] {dagbag.py:545} INFO - Filling up the DagBag from /opt/airflow/dags/minio_to_snowflake_dag.py
[2026-05-10T08:41:36.520+0000] {processor.py:840} INFO - DAG(s) 'minio_to_snowflake_banking' retrieved from /opt/airflow/dags/minio_to_snowflake_dag.py
[2026-05-10T08:41:36.602+0000] {logging_mixin.py:188} INFO - [2026-05-10T08:41:36.601+0000] {dag.py:3089} INFO - Sync 1 DAGs
[2026-05-10T08:41:36.671+0000] {logging_mixin.py:188} INFO - [2026-05-10T08:41:36.670+0000] {dag.py:3947} INFO - Setting next_dagrun for minio_to_snowflake_banking to 2026-05-10 08:41:00+00:00, run_after=2026-05-10 08:42:00+00:00
[2026-05-10T08:41:36.730+0000] {processor.py:183} INFO - Processing /opt/airflow/dags/minio_to_snowflake_dag.py took 1.360 seconds
[2026-05-10T08:42:07.194+0000] {processor.py:161} INFO - Started process (PID=7594) to work on /opt/airflow/dags/minio_to_snowflake_dag.py
[2026-05-10T08:42:07.202+0000] {processor.py:830} INFO - Processing file /opt/airflow/dags/minio_to_snowflake_dag.py for tasks to queue
[2026-05-10T08:42:07.215+0000] {logging_mixin.py:188} INFO - [2026-05-10T08:42:07.213+0000] {dagbag.py:545} INFO - Filling up the DagBag from /opt/airflow/dags/minio_to_snowflake_dag.py
[2026-05-10T08:42:09.464+0000] {processor.py:840} INFO - DAG(s) 'minio_to_snowflake_banking' retrieved from /opt/airflow/dags/minio_to_snowflake_dag.py
[2026-05-10T08:42:09.537+0000] {logging_mixin.py:188} INFO - [2026-05-10T08:42:09.536+0000] {dag.py:3089} INFO - Sync 1 DAGs
[2026-05-10T08:42:09.597+0000] {logging_mixin.py:188} INFO - [2026-05-10T08:42:09.597+0000] {dag.py:3947} INFO - Setting next_dagrun for minio_to_snowflake_banking to 2026-05-10 08:42:00+00:00, run_after=2026-05-10 08:43:00+00:00
[2026-05-10T08:42:09.667+0000] {processor.py:183} INFO - Processing /opt/airflow/dags/minio_to_snowflake_dag.py took 2.518 seconds
[2026-05-10T08:42:39.879+0000] {processor.py:161} INFO - Started process (PID=7650) to work on /opt/airflow/dags/minio_to_snowflake_dag.py
[2026-05-10T08:42:39.881+0000] {processor.py:830} INFO - Processing file /opt/airflow/dags/minio_to_snowflake_dag.py for tasks to queue
[2026-05-10T08:42:39.889+0000] {logging_mixin.py:188} INFO - [2026-05-10T08:42:39.888+0000] {dagbag.py:545} INFO - Filling up the DagBag from /opt/airflow/dags/minio_to_snowflake_dag.py
[2026-05-10T08:42:41.004+0000] {processor.py:840} INFO - DAG(s) 'minio_to_snowflake_banking' retrieved from /opt/airflow/dags/minio_to_snowflake_dag.py
[2026-05-10T08:42:41.083+0000] {logging_mixin.py:188} INFO - [2026-05-10T08:42:41.081+0000] {dag.py:3089} INFO - Sync 1 DAGs
[2026-05-10T08:42:41.169+0000] {logging_mixin.py:188} INFO - [2026-05-10T08:42:41.168+0000] {dag.py:3947} INFO - Setting next_dagrun for minio_to_snowflake_banking to 2026-05-10 08:42:00+00:00, run_after=2026-05-10 08:43:00+00:00
[2026-05-10T08:42:41.225+0000] {processor.py:183} INFO - Processing /opt/airflow/dags/minio_to_snowflake_dag.py took 1.361 seconds
[2026-05-10T08:43:11.629+0000] {processor.py:161} INFO - Started process (PID=7687) to work on /opt/airflow/dags/minio_to_snowflake_dag.py
[2026-05-10T08:43:11.633+0000] {processor.py:830} INFO - Processing file /opt/airflow/dags/minio_to_snowflake_dag.py for tasks to queue
[2026-05-10T08:43:11.640+0000] {logging_mixin.py:188} INFO - [2026-05-10T08:43:11.639+0000] {dagbag.py:545} INFO - Filling up the DagBag from /opt/airflow/dags/minio_to_snowflake_dag.py
[2026-05-10T08:43:13.569+0000] {processor.py:840} INFO - DAG(s) 'minio_to_snowflake_banking' retrieved from /opt/airflow/dags/minio_to_snowflake_dag.py
[2026-05-10T08:43:13.635+0000] {logging_mixin.py:188} INFO - [2026-05-10T08:43:13.634+0000] {dag.py:3089} INFO - Sync 1 DAGs
[2026-05-10T08:43:13.717+0000] {logging_mixin.py:188} INFO - [2026-05-10T08:43:13.716+0000] {dag.py:3947} INFO - Setting next_dagrun for minio_to_snowflake_banking to 2026-05-10 08:43:00+00:00, run_after=2026-05-10 08:44:00+00:00
[2026-05-10T08:43:13.785+0000] {processor.py:183} INFO - Processing /opt/airflow/dags/minio_to_snowflake_dag.py took 2.178 seconds
[2026-05-10T08:43:44.150+0000] {processor.py:161} INFO - Started process (PID=7718) to work on /opt/airflow/dags/minio_to_snowflake_dag.py
[2026-05-10T08:43:44.153+0000] {processor.py:830} INFO - Processing file /opt/airflow/dags/minio_to_snowflake_dag.py for tasks to queue
[2026-05-10T08:43:44.157+0000] {logging_mixin.py:188} INFO - [2026-05-10T08:43:44.156+0000] {dagbag.py:545} INFO - Filling up the DagBag from /opt/airflow/dags/minio_to_snowflake_dag.py
[2026-05-10T08:43:45.085+0000] {processor.py:840} INFO - DAG(s) 'minio_to_snowflake_banking' retrieved from /opt/airflow/dags/minio_to_snowflake_dag.py
[2026-05-10T08:43:45.123+0000] {logging_mixin.py:188} INFO - [2026-05-10T08:43:45.122+0000] {dag.py:3089} INFO - Sync 1 DAGs
[2026-05-10T08:43:45.150+0000] {logging_mixin.py:188} INFO - [2026-05-10T08:43:45.150+0000] {dag.py:3947} INFO - Setting next_dagrun for minio_to_snowflake_banking to 2026-05-10 08:43:00+00:00, run_after=2026-05-10 08:44:00+00:00
[2026-05-10T08:43:45.179+0000] {processor.py:183} INFO - Processing /opt/airflow/dags/minio_to_snowflake_dag.py took 1.040 seconds
[2026-05-10T08:44:15.492+0000] {processor.py:161} INFO - Started process (PID=7755) to work on /opt/airflow/dags/minio_to_snowflake_dag.py
[2026-05-10T08:44:15.495+0000] {processor.py:830} INFO - Processing file /opt/airflow/dags/minio_to_snowflake_dag.py for tasks to queue
[2026-05-10T08:44:15.500+0000] {logging_mixin.py:188} INFO - [2026-05-10T08:44:15.499+0000] {dagbag.py:545} INFO - Filling up the DagBag from /opt/airflow/dags/minio_to_snowflake_dag.py
[2026-05-10T08:44:17.192+0000] {processor.py:840} INFO - DAG(s) 'minio_to_snowflake_banking' retrieved from /opt/airflow/dags/minio_to_snowflake_dag.py
[2026-05-10T08:44:17.246+0000] {logging_mixin.py:188} INFO - [2026-05-10T08:44:17.245+0000] {dag.py:3089} INFO - Sync 1 DAGs
[2026-05-10T08:44:17.292+0000] {logging_mixin.py:188} INFO - [2026-05-10T08:44:17.291+0000] {dag.py:3947} INFO - Setting next_dagrun for minio_to_snowflake_banking to 2026-05-10 08:44:00+00:00, run_after=2026-05-10 08:45:00+00:00
[2026-05-10T08:44:17.363+0000] {processor.py:183} INFO - Processing /opt/airflow/dags/minio_to_snowflake_dag.py took 1.889 seconds
[2026-05-10T08:44:47.698+0000] {processor.py:161} INFO - Started process (PID=7786) to work on /opt/airflow/dags/minio_to_snowflake_dag.py
[2026-05-10T08:44:47.700+0000] {processor.py:830} INFO - Processing file /opt/airflow/dags/minio_to_snowflake_dag.py for tasks to queue
[2026-05-10T08:44:47.705+0000] {logging_mixin.py:188} INFO - [2026-05-10T08:44:47.704+0000] {dagbag.py:545} INFO - Filling up the DagBag from /opt/airflow/dags/minio_to_snowflake_dag.py
[2026-05-10T08:44:48.798+0000] {processor.py:840} INFO - DAG(s) 'minio_to_snowflake_banking' retrieved from /opt/airflow/dags/minio_to_snowflake_dag.py
[2026-05-10T08:44:48.834+0000] {logging_mixin.py:188} INFO - [2026-05-10T08:44:48.833+0000] {dag.py:3089} INFO - Sync 1 DAGs
[2026-05-10T08:44:48.869+0000] {logging_mixin.py:188} INFO - [2026-05-10T08:44:48.868+0000] {dag.py:3947} INFO - Setting next_dagrun for minio_to_snowflake_banking to 2026-05-10 08:44:00+00:00, run_after=2026-05-10 08:45:00+00:00
[2026-05-10T08:44:48.903+0000] {processor.py:183} INFO - Processing /opt/airflow/dags/minio_to_snowflake_dag.py took 1.216 seconds
[2026-05-10T08:45:19.074+0000] {processor.py:161} INFO - Started process (PID=7850) to work on /opt/airflow/dags/minio_to_snowflake_dag.py
[2026-05-10T08:45:19.079+0000] {processor.py:830} INFO - Processing file /opt/airflow/dags/minio_to_snowflake_dag.py for tasks to queue
[2026-05-10T08:45:19.085+0000] {logging_mixin.py:188} INFO - [2026-05-10T08:45:19.084+0000] {dagbag.py:545} INFO - Filling up the DagBag from /opt/airflow/dags/minio_to_snowflake_dag.py
[2026-05-10T08:45:20.566+0000] {processor.py:840} INFO - DAG(s) 'minio_to_snowflake_banking' retrieved from /opt/airflow/dags/minio_to_snowflake_dag.py
[2026-05-10T08:45:20.614+0000] {logging_mixin.py:188} INFO - [2026-05-10T08:45:20.613+0000] {dag.py:3089} INFO - Sync 1 DAGs
[2026-05-10T08:45:20.662+0000] {logging_mixin.py:188} INFO - [2026-05-10T08:45:20.662+0000] {dag.py:3947} INFO - Setting next_dagrun for minio_to_snowflake_banking to 2026-05-10 08:45:00+00:00, run_after=2026-05-10 08:46:00+00:00
[2026-05-10T08:45:20.704+0000] {processor.py:183} INFO - Processing /opt/airflow/dags/minio_to_snowflake_dag.py took 1.659 seconds
[2026-05-10T08:45:51.017+0000] {processor.py:161} INFO - Started process (PID=7854) to work on /opt/airflow/dags/minio_to_snowflake_dag.py
[2026-05-10T08:45:51.019+0000] {processor.py:830} INFO - Processing file /opt/airflow/dags/minio_to_snowflake_dag.py for tasks to queue
[2026-05-10T08:45:51.024+0000] {logging_mixin.py:188} INFO - [2026-05-10T08:45:51.023+0000] {dagbag.py:545} INFO - Filling up the DagBag from /opt/airflow/dags/minio_to_snowflake_dag.py
[2026-05-10T08:45:52.123+0000] {processor.py:840} INFO - DAG(s) 'minio_to_snowflake_banking' retrieved from /opt/airflow/dags/minio_to_snowflake_dag.py
[2026-05-10T08:45:52.159+0000] {logging_mixin.py:188} INFO - [2026-05-10T08:45:52.158+0000] {dag.py:3089} INFO - Sync 1 DAGs
[2026-05-10T08:45:52.188+0000] {logging_mixin.py:188} INFO - [2026-05-10T08:45:52.188+0000] {dag.py:3947} INFO - Setting next_dagrun for minio_to_snowflake_banking to 2026-05-10 08:45:00+00:00, run_after=2026-05-10 08:46:00+00:00
[2026-05-10T08:45:52.217+0000] {processor.py:183} INFO - Processing /opt/airflow/dags/minio_to_snowflake_dag.py took 1.212 seconds
[2026-05-10T08:47:34.298+0000] {processor.py:161} INFO - Started process (PID=26) to work on /opt/airflow/dags/minio_to_snowflake_dag.py
[2026-05-10T08:47:34.341+0000] {processor.py:830} INFO - Processing file /opt/airflow/dags/minio_to_snowflake_dag.py for tasks to queue
[2026-05-10T08:47:34.410+0000] {logging_mixin.py:188} INFO - [2026-05-10T08:47:34.403+0000] {dagbag.py:545} INFO - Filling up the DagBag from /opt/airflow/dags/minio_to_snowflake_dag.py
[2026-05-10T08:47:58.678+0000] {processor.py:840} INFO - DAG(s) 'minio_to_snowflake_banking' retrieved from /opt/airflow/dags/minio_to_snowflake_dag.py
[2026-05-10T08:47:58.872+0000] {logging_mixin.py:188} INFO - [2026-05-10T08:47:58.871+0000] {dag.py:3089} INFO - Sync 1 DAGs
[2026-05-10T08:47:58.961+0000] {logging_mixin.py:188} INFO - [2026-05-10T08:47:58.961+0000] {dag.py:3947} INFO - Setting next_dagrun for minio_to_snowflake_banking to 2026-05-10 08:46:00+00:00, run_after=2026-05-10 08:47:00+00:00
[2026-05-10T08:47:59.026+0000] {processor.py:183} INFO - Processing /opt/airflow/dags/minio_to_snowflake_dag.py took 24.933 seconds
[2026-05-10T08:48:29.502+0000] {processor.py:161} INFO - Started process (PID=112) to work on /opt/airflow/dags/minio_to_snowflake_dag.py
[2026-05-10T08:48:29.514+0000] {processor.py:830} INFO - Processing file /opt/airflow/dags/minio_to_snowflake_dag.py for tasks to queue
[2026-05-10T08:48:29.562+0000] {logging_mixin.py:188} INFO - [2026-05-10T08:48:29.555+0000] {dagbag.py:545} INFO - Filling up the DagBag from /opt/airflow/dags/minio_to_snowflake_dag.py
[2026-05-10T08:48:36.077+0000] {processor.py:840} INFO - DAG(s) 'minio_to_snowflake_banking' retrieved from /opt/airflow/dags/minio_to_snowflake_dag.py
[2026-05-10T08:48:36.130+0000] {logging_mixin.py:188} INFO - [2026-05-10T08:48:36.129+0000] {dag.py:3089} INFO - Sync 1 DAGs
[2026-05-10T08:48:36.167+0000] {logging_mixin.py:188} INFO - [2026-05-10T08:48:36.167+0000] {dag.py:3947} INFO - Setting next_dagrun for minio_to_snowflake_banking to 2026-05-10 08:47:00+00:00, run_after=2026-05-10 08:48:00+00:00
[2026-05-10T08:48:36.199+0000] {processor.py:183} INFO - Processing /opt/airflow/dags/minio_to_snowflake_dag.py took 6.823 seconds
[2026-05-10T08:49:06.508+0000] {processor.py:161} INFO - Started process (PID=206) to work on /opt/airflow/dags/minio_to_snowflake_dag.py
[2026-05-10T08:49:06.511+0000] {processor.py:830} INFO - Processing file /opt/airflow/dags/minio_to_snowflake_dag.py for tasks to queue
[2026-05-10T08:49:06.515+0000] {logging_mixin.py:188} INFO - [2026-05-10T08:49:06.514+0000] {dagbag.py:545} INFO - Filling up the DagBag from /opt/airflow/dags/minio_to_snowflake_dag.py
[2026-05-10T08:49:09.129+0000] {processor.py:840} INFO - DAG(s) 'minio_to_snowflake_banking' retrieved from /opt/airflow/dags/minio_to_snowflake_dag.py
[2026-05-10T08:49:09.219+0000] {logging_mixin.py:188} INFO - [2026-05-10T08:49:09.218+0000] {dag.py:3089} INFO - Sync 1 DAGs
[2026-05-10T08:49:09.291+0000] {logging_mixin.py:188} INFO - [2026-05-10T08:49:09.291+0000] {dag.py:3947} INFO - Setting next_dagrun for minio_to_snowflake_banking to 2026-05-10 08:48:00+00:00, run_after=2026-05-10 08:49:00+00:00
[2026-05-10T08:49:09.367+0000] {processor.py:183} INFO - Processing /opt/airflow/dags/minio_to_snowflake_dag.py took 2.873 seconds
[2026-05-10T08:49:39.701+0000] {processor.py:161} INFO - Started process (PID=276) to work on /opt/airflow/dags/minio_to_snowflake_dag.py
[2026-05-10T08:49:39.704+0000] {processor.py:830} INFO - Processing file /opt/airflow/dags/minio_to_snowflake_dag.py for tasks to queue
[2026-05-10T08:49:39.710+0000] {logging_mixin.py:188} INFO - [2026-05-10T08:49:39.709+0000] {dagbag.py:545} INFO - Filling up the DagBag from /opt/airflow/dags/minio_to_snowflake_dag.py
[2026-05-10T08:49:41.307+0000] {processor.py:840} INFO - DAG(s) 'minio_to_snowflake_banking' retrieved from /opt/airflow/dags/minio_to_snowflake_dag.py
[2026-05-10T08:49:41.346+0000] {logging_mixin.py:188} INFO - [2026-05-10T08:49:41.345+0000] {dag.py:3089} INFO - Sync 1 DAGs
[2026-05-10T08:49:41.390+0000] {logging_mixin.py:188} INFO - [2026-05-10T08:49:41.390+0000] {dag.py:3947} INFO - Setting next_dagrun for minio_to_snowflake_banking to 2026-05-10 08:49:00+00:00, run_after=2026-05-10 08:50:00+00:00
[2026-05-10T08:49:41.424+0000] {processor.py:183} INFO - Processing /opt/airflow/dags/minio_to_snowflake_dag.py took 1.736 seconds
[2026-05-10T08:50:11.751+0000] {processor.py:161} INFO - Started process (PID=313) to work on /opt/airflow/dags/minio_to_snowflake_dag.py
[2026-05-10T08:50:11.753+0000] {processor.py:830} INFO - Processing file /opt/airflow/dags/minio_to_snowflake_dag.py for tasks to queue
[2026-05-10T08:50:11.757+0000] {logging_mixin.py:188} INFO - [2026-05-10T08:50:11.757+0000] {dagbag.py:545} INFO - Filling up the DagBag from /opt/airflow/dags/minio_to_snowflake_dag.py
[2026-05-10T08:50:13.038+0000] {processor.py:840} INFO - DAG(s) 'minio_to_snowflake_banking' retrieved from /opt/airflow/dags/minio_to_snowflake_dag.py
[2026-05-10T08:50:13.085+0000] {logging_mixin.py:188} INFO - [2026-05-10T08:50:13.085+0000] {dag.py:3089} INFO - Sync 1 DAGs
[2026-05-10T08:50:13.118+0000] {logging_mixin.py:188} INFO - [2026-05-10T08:50:13.118+0000] {dag.py:3947} INFO - Setting next_dagrun for minio_to_snowflake_banking to 2026-05-10 08:50:00+00:00, run_after=2026-05-10 08:51:00+00:00
[2026-05-10T08:50:13.157+0000] {processor.py:183} INFO - Processing /opt/airflow/dags/minio_to_snowflake_dag.py took 1.415 seconds
[2026-05-10T08:50:43.381+0000] {processor.py:161} INFO - Started process (PID=343) to work on /opt/airflow/dags/minio_to_snowflake_dag.py
[2026-05-10T08:50:43.384+0000] {processor.py:830} INFO - Processing file /opt/airflow/dags/minio_to_snowflake_dag.py for tasks to queue
[2026-05-10T08:50:43.387+0000] {logging_mixin.py:188} INFO - [2026-05-10T08:50:43.387+0000] {dagbag.py:545} INFO - Filling up the DagBag from /opt/airflow/dags/minio_to_snowflake_dag.py
[2026-05-10T08:50:44.384+0000] {processor.py:840} INFO - DAG(s) 'minio_to_snowflake_banking' retrieved from /opt/airflow/dags/minio_to_snowflake_dag.py
[2026-05-10T08:50:44.424+0000] {logging_mixin.py:188} INFO - [2026-05-10T08:50:44.424+0000] {dag.py:3089} INFO - Sync 1 DAGs
[2026-05-10T08:50:44.457+0000] {logging_mixin.py:188} INFO - [2026-05-10T08:50:44.457+0000] {dag.py:3947} INFO - Setting next_dagrun for minio_to_snowflake_banking to 2026-05-10 08:50:00+00:00, run_after=2026-05-10 08:51:00+00:00
[2026-05-10T08:50:44.490+0000] {processor.py:183} INFO - Processing /opt/airflow/dags/minio_to_snowflake_dag.py took 1.118 seconds
[2026-05-10T08:51:14.710+0000] {processor.py:161} INFO - Started process (PID=397) to work on /opt/airflow/dags/minio_to_snowflake_dag.py
[2026-05-10T08:51:14.713+0000] {processor.py:830} INFO - Processing file /opt/airflow/dags/minio_to_snowflake_dag.py for tasks to queue
[2026-05-10T08:51:14.717+0000] {logging_mixin.py:188} INFO - [2026-05-10T08:51:14.716+0000] {dagbag.py:545} INFO - Filling up the DagBag from /opt/airflow/dags/minio_to_snowflake_dag.py
[2026-05-10T08:51:16.628+0000] {processor.py:840} INFO - DAG(s) 'minio_to_snowflake_banking' retrieved from /opt/airflow/dags/minio_to_snowflake_dag.py
[2026-05-10T08:51:16.721+0000] {logging_mixin.py:188} INFO - [2026-05-10T08:51:16.720+0000] {dag.py:3089} INFO - Sync 1 DAGs
[2026-05-10T08:51:16.773+0000] {logging_mixin.py:188} INFO - [2026-05-10T08:51:16.773+0000] {dag.py:3947} INFO - Setting next_dagrun for minio_to_snowflake_banking to 2026-05-10 08:51:00+00:00, run_after=2026-05-10 08:52:00+00:00
[2026-05-10T08:51:16.830+0000] {processor.py:183} INFO - Processing /opt/airflow/dags/minio_to_snowflake_dag.py took 2.130 seconds
[2026-05-10T08:51:47.364+0000] {processor.py:161} INFO - Started process (PID=410) to work on /opt/airflow/dags/minio_to_snowflake_dag.py
[2026-05-10T08:51:47.371+0000] {processor.py:830} INFO - Processing file /opt/airflow/dags/minio_to_snowflake_dag.py for tasks to queue
[2026-05-10T08:51:47.391+0000] {logging_mixin.py:188} INFO - [2026-05-10T08:51:47.388+0000] {dagbag.py:545} INFO - Filling up the DagBag from /opt/airflow/dags/minio_to_snowflake_dag.py
[2026-05-10T08:51:53.229+0000] {processor.py:840} INFO - DAG(s) 'minio_to_snowflake_banking' retrieved from /opt/airflow/dags/minio_to_snowflake_dag.py
[2026-05-10T08:51:53.420+0000] {logging_mixin.py:188} INFO - [2026-05-10T08:51:53.418+0000] {dag.py:3089} INFO - Sync 1 DAGs
[2026-05-10T08:51:53.691+0000] {logging_mixin.py:188} INFO - [2026-05-10T08:51:53.690+0000] {dag.py:3947} INFO - Setting next_dagrun for minio_to_snowflake_banking to 2026-05-10 08:51:00+00:00, run_after=2026-05-10 08:52:00+00:00
[2026-05-10T08:51:53.843+0000] {processor.py:183} INFO - Processing /opt/airflow/dags/minio_to_snowflake_dag.py took 6.541 seconds
[2026-05-10T08:52:28.225+0000] {processor.py:161} INFO - Started process (PID=425) to work on /opt/airflow/dags/minio_to_snowflake_dag.py
[2026-05-10T08:52:28.284+0000] {processor.py:830} INFO - Processing file /opt/airflow/dags/minio_to_snowflake_dag.py for tasks to queue
[2026-05-10T08:52:28.845+0000] {logging_mixin.py:188} INFO - [2026-05-10T08:52:28.772+0000] {dagbag.py:545} INFO - Filling up the DagBag from /opt/airflow/dags/minio_to_snowflake_dag.py
[2026-05-10T08:53:05.699+0000] {logging_mixin.py:188} INFO - [2026-05-10T08:53:05.691+0000] {timeout.py:68} ERROR - Process timed out, PID: 425
[2026-05-10T08:53:05.703+0000] {logging_mixin.py:188} WARNING - Exception ignored in: <function WeakKeyDictionary.__init__.<locals>.remove at 0x7e1e9e495300>
[2026-05-10T08:53:05.706+0000] {logging_mixin.py:188} WARNING - Traceback (most recent call last):
[2026-05-10T08:53:05.708+0000] {logging_mixin.py:188} WARNING -   File "/usr/local/lib/python3.12/weakref.py", line 369, in remove
[2026-05-10T08:53:05.712+0000] {logging_mixin.py:188} WARNING -     def remove(k, selfref=ref(self)):
[2026-05-10T08:53:05.716+0000] {logging_mixin.py:188} WARNING -   File "/home/airflow/.local/lib/python3.12/site-packages/airflow/utils/timeout.py", line 69, in handle_timeout
[2026-05-10T08:53:05.722+0000] {logging_mixin.py:188} WARNING -     raise AirflowTaskTimeout(self.error_message)
[2026-05-10T08:53:05.725+0000] {logging_mixin.py:188} WARNING - airflow.exceptions.AirflowTaskTimeout: DagBag import timeout for /opt/airflow/dags/minio_to_snowflake_dag.py after 30.0s.
Please take a look at these docs to improve your DAG import time:
* https://airflow.apache.org/docs/apache-airflow/2.9.3/best-practices.html#top-level-python-code
* https://airflow.apache.org/docs/apache-airflow/2.9.3/best-practices.html#reducing-dag-complexity, PID: 425
[2026-05-10T08:53:09.069+0000] {processor.py:840} INFO - DAG(s) 'minio_to_snowflake_banking' retrieved from /opt/airflow/dags/minio_to_snowflake_dag.py
[2026-05-10T08:53:09.368+0000] {logging_mixin.py:188} INFO - [2026-05-10T08:53:09.366+0000] {dag.py:3089} INFO - Sync 1 DAGs
[2026-05-10T08:53:09.628+0000] {logging_mixin.py:188} INFO - [2026-05-10T08:53:09.627+0000] {dag.py:3947} INFO - Setting next_dagrun for minio_to_snowflake_banking to 2026-05-10 08:52:00+00:00, run_after=2026-05-10 08:53:00+00:00
[2026-05-10T08:53:09.753+0000] {processor.py:183} INFO - Processing /opt/airflow/dags/minio_to_snowflake_dag.py took 43.267 seconds
[2026-05-10T08:53:46.300+0000] {processor.py:161} INFO - Started process (PID=451) to work on /opt/airflow/dags/minio_to_snowflake_dag.py
[2026-05-10T08:53:46.366+0000] {processor.py:830} INFO - Processing file /opt/airflow/dags/minio_to_snowflake_dag.py for tasks to queue
[2026-05-10T08:53:47.175+0000] {logging_mixin.py:188} INFO - [2026-05-10T08:53:47.142+0000] {dagbag.py:545} INFO - Filling up the DagBag from /opt/airflow/dags/minio_to_snowflake_dag.py
[2026-05-10T08:54:32.639+0000] {logging_mixin.py:188} INFO - [2026-05-10T08:54:32.557+0000] {timeout.py:68} ERROR - Process timed out, PID: 451
[2026-05-10T08:54:32.670+0000] {logging_mixin.py:188} WARNING - Exception ignored in: <function WeakKeyDictionary.__init__.<locals>.remove at 0x7e1e9e495300>
[2026-05-10T08:54:32.675+0000] {logging_mixin.py:188} WARNING - Traceback (most recent call last):
[2026-05-10T08:54:32.681+0000] {logging_mixin.py:188} WARNING -   File "/usr/local/lib/python3.12/weakref.py", line 369, in remove
[2026-05-10T08:54:32.739+0000] {logging_mixin.py:188} WARNING -     def remove(k, selfref=ref(self)):
[2026-05-10T08:54:32.755+0000] {logging_mixin.py:188} WARNING -   File "/home/airflow/.local/lib/python3.12/site-packages/airflow/utils/timeout.py", line 69, in handle_timeout
[2026-05-10T08:54:32.766+0000] {logging_mixin.py:188} WARNING -     raise AirflowTaskTimeout(self.error_message)
[2026-05-10T08:54:32.805+0000] {logging_mixin.py:188} WARNING - airflow.exceptions.AirflowTaskTimeout: DagBag import timeout for /opt/airflow/dags/minio_to_snowflake_dag.py after 30.0s.
Please take a look at these docs to improve your DAG import time:
* https://airflow.apache.org/docs/apache-airflow/2.9.3/best-practices.html#top-level-python-code
* https://airflow.apache.org/docs/apache-airflow/2.9.3/best-practices.html#reducing-dag-complexity, PID: 451
[2026-05-10T08:55:05.715+0000] {processor.py:161} INFO - Started process (PID=481) to work on /opt/airflow/dags/minio_to_snowflake_dag.py
[2026-05-10T08:55:05.775+0000] {processor.py:830} INFO - Processing file /opt/airflow/dags/minio_to_snowflake_dag.py for tasks to queue
[2026-05-10T08:55:05.863+0000] {logging_mixin.py:188} INFO - [2026-05-10T08:55:05.829+0000] {dagbag.py:545} INFO - Filling up the DagBag from /opt/airflow/dags/minio_to_snowflake_dag.py
[2026-05-10T08:55:34.040+0000] {processor.py:840} INFO - DAG(s) 'minio_to_snowflake_banking' retrieved from /opt/airflow/dags/minio_to_snowflake_dag.py
[2026-05-10T08:55:36.686+0000] {logging_mixin.py:188} INFO - [2026-05-10T08:55:36.681+0000] {dag.py:3089} INFO - Sync 1 DAGs
[2026-05-10T08:55:36.854+0000] {logging_mixin.py:188} INFO - [2026-05-10T08:55:36.853+0000] {dag.py:3947} INFO - Setting next_dagrun for minio_to_snowflake_banking to 2026-05-10 08:54:00+00:00, run_after=2026-05-10 08:55:00+00:00
[2026-05-10T08:55:37.069+0000] {processor.py:183} INFO - Processing /opt/airflow/dags/minio_to_snowflake_dag.py took 31.906 seconds
[2026-05-10T08:56:08.226+0000] {processor.py:161} INFO - Started process (PID=518) to work on /opt/airflow/dags/minio_to_snowflake_dag.py
[2026-05-10T08:56:08.234+0000] {processor.py:830} INFO - Processing file /opt/airflow/dags/minio_to_snowflake_dag.py for tasks to queue
[2026-05-10T08:56:08.246+0000] {logging_mixin.py:188} INFO - [2026-05-10T08:56:08.241+0000] {dagbag.py:545} INFO - Filling up the DagBag from /opt/airflow/dags/minio_to_snowflake_dag.py
[2026-05-10T08:56:29.057+0000] {processor.py:840} INFO - DAG(s) 'minio_to_snowflake_banking' retrieved from /opt/airflow/dags/minio_to_snowflake_dag.py
[2026-05-10T08:56:29.445+0000] {logging_mixin.py:188} INFO - [2026-05-10T08:56:29.439+0000] {dag.py:3089} INFO - Sync 1 DAGs
[2026-05-10T08:56:29.675+0000] {logging_mixin.py:188} INFO - [2026-05-10T08:56:29.674+0000] {dag.py:3947} INFO - Setting next_dagrun for minio_to_snowflake_banking to 2026-05-10 08:55:00+00:00, run_after=2026-05-10 08:56:00+00:00
[2026-05-10T08:56:29.763+0000] {processor.py:183} INFO - Processing /opt/airflow/dags/minio_to_snowflake_dag.py took 21.668 seconds
[2026-05-10T08:57:02.159+0000] {processor.py:161} INFO - Started process (PID=549) to work on /opt/airflow/dags/minio_to_snowflake_dag.py
[2026-05-10T08:57:02.197+0000] {processor.py:830} INFO - Processing file /opt/airflow/dags/minio_to_snowflake_dag.py for tasks to queue
[2026-05-10T08:57:02.280+0000] {logging_mixin.py:188} INFO - [2026-05-10T08:57:02.239+0000] {dagbag.py:545} INFO - Filling up the DagBag from /opt/airflow/dags/minio_to_snowflake_dag.py
[2026-05-10T08:57:33.933+0000] {logging_mixin.py:188} INFO - [2026-05-10T08:57:33.928+0000] {timeout.py:68} ERROR - Process timed out, PID: 549
[2026-05-10T08:57:33.935+0000] {logging_mixin.py:188} WARNING - Exception ignored in: <function WeakKeyDictionary.__init__.<locals>.remove at 0x7e1e9e495300>
[2026-05-10T08:57:33.937+0000] {logging_mixin.py:188} WARNING - Traceback (most recent call last):
[2026-05-10T08:57:33.938+0000] {logging_mixin.py:188} WARNING -   File "/usr/local/lib/python3.12/weakref.py", line 369, in remove
[2026-05-10T08:57:33.942+0000] {logging_mixin.py:188} WARNING -     def remove(k, selfref=ref(self)):
[2026-05-10T08:57:33.944+0000] {logging_mixin.py:188} WARNING -   File "/home/airflow/.local/lib/python3.12/site-packages/airflow/utils/timeout.py", line 69, in handle_timeout
[2026-05-10T08:57:33.948+0000] {logging_mixin.py:188} WARNING -     raise AirflowTaskTimeout(self.error_message)
[2026-05-10T08:57:33.950+0000] {logging_mixin.py:188} WARNING - airflow.exceptions.AirflowTaskTimeout: DagBag import timeout for /opt/airflow/dags/minio_to_snowflake_dag.py after 30.0s.
Please take a look at these docs to improve your DAG import time:
* https://airflow.apache.org/docs/apache-airflow/2.9.3/best-practices.html#top-level-python-code
* https://airflow.apache.org/docs/apache-airflow/2.9.3/best-practices.html#reducing-dag-complexity, PID: 549
[2026-05-10T08:57:35.804+0000] {processor.py:840} INFO - DAG(s) 'minio_to_snowflake_banking' retrieved from /opt/airflow/dags/minio_to_snowflake_dag.py
[2026-05-10T08:57:36.071+0000] {logging_mixin.py:188} INFO - [2026-05-10T08:57:36.068+0000] {dag.py:3089} INFO - Sync 1 DAGs
[2026-05-10T08:57:36.645+0000] {logging_mixin.py:188} INFO - [2026-05-10T08:57:36.636+0000] {dag.py:3947} INFO - Setting next_dagrun for minio_to_snowflake_banking to 2026-05-10 08:56:00+00:00, run_after=2026-05-10 08:57:00+00:00
[2026-05-10T08:57:36.806+0000] {processor.py:183} INFO - Processing /opt/airflow/dags/minio_to_snowflake_dag.py took 35.695 seconds
[2026-05-10T08:58:08.097+0000] {processor.py:161} INFO - Started process (PID=595) to work on /opt/airflow/dags/minio_to_snowflake_dag.py
[2026-05-10T08:58:08.106+0000] {processor.py:830} INFO - Processing file /opt/airflow/dags/minio_to_snowflake_dag.py for tasks to queue
[2026-05-10T08:58:08.118+0000] {logging_mixin.py:188} INFO - [2026-05-10T08:58:08.112+0000] {dagbag.py:545} INFO - Filling up the DagBag from /opt/airflow/dags/minio_to_snowflake_dag.py
[2026-05-10T08:58:16.711+0000] {processor.py:840} INFO - DAG(s) 'minio_to_snowflake_banking' retrieved from /opt/airflow/dags/minio_to_snowflake_dag.py
[2026-05-10T08:58:16.756+0000] {logging_mixin.py:188} INFO - [2026-05-10T08:58:16.755+0000] {dag.py:3089} INFO - Sync 1 DAGs
[2026-05-10T08:58:16.791+0000] {logging_mixin.py:188} INFO - [2026-05-10T08:58:16.791+0000] {dag.py:3947} INFO - Setting next_dagrun for minio_to_snowflake_banking to 2026-05-10 08:57:00+00:00, run_after=2026-05-10 08:58:00+00:00
[2026-05-10T08:58:16.834+0000] {processor.py:183} INFO - Processing /opt/airflow/dags/minio_to_snowflake_dag.py took 8.814 seconds
[2026-05-10T08:58:47.305+0000] {processor.py:161} INFO - Started process (PID=703) to work on /opt/airflow/dags/minio_to_snowflake_dag.py
[2026-05-10T08:58:47.320+0000] {processor.py:830} INFO - Processing file /opt/airflow/dags/minio_to_snowflake_dag.py for tasks to queue
[2026-05-10T08:58:47.328+0000] {logging_mixin.py:188} INFO - [2026-05-10T08:58:47.325+0000] {dagbag.py:545} INFO - Filling up the DagBag from /opt/airflow/dags/minio_to_snowflake_dag.py
[2026-05-10T08:58:51.447+0000] {processor.py:840} INFO - DAG(s) 'minio_to_snowflake_banking' retrieved from /opt/airflow/dags/minio_to_snowflake_dag.py
[2026-05-10T08:58:51.510+0000] {logging_mixin.py:188} INFO - [2026-05-10T08:58:51.509+0000] {dag.py:3089} INFO - Sync 1 DAGs
[2026-05-10T08:58:51.557+0000] {logging_mixin.py:188} INFO - [2026-05-10T08:58:51.556+0000] {dag.py:3947} INFO - Setting next_dagrun for minio_to_snowflake_banking to 2026-05-10 08:58:00+00:00, run_after=2026-05-10 08:59:00+00:00
[2026-05-10T08:58:51.602+0000] {processor.py:183} INFO - Processing /opt/airflow/dags/minio_to_snowflake_dag.py took 4.364 seconds
[2026-05-10T08:59:22.021+0000] {processor.py:161} INFO - Started process (PID=793) to work on /opt/airflow/dags/minio_to_snowflake_dag.py
[2026-05-10T08:59:22.028+0000] {processor.py:830} INFO - Processing file /opt/airflow/dags/minio_to_snowflake_dag.py for tasks to queue
[2026-05-10T08:59:22.030+0000] {logging_mixin.py:188} INFO - [2026-05-10T08:59:22.029+0000] {dagbag.py:545} INFO - Filling up the DagBag from /opt/airflow/dags/minio_to_snowflake_dag.py
[2026-05-10T08:59:25.469+0000] {processor.py:840} INFO - DAG(s) 'minio_to_snowflake_banking' retrieved from /opt/airflow/dags/minio_to_snowflake_dag.py
[2026-05-10T08:59:25.550+0000] {logging_mixin.py:188} INFO - [2026-05-10T08:59:25.549+0000] {dag.py:3089} INFO - Sync 1 DAGs
[2026-05-10T08:59:25.600+0000] {logging_mixin.py:188} INFO - [2026-05-10T08:59:25.600+0000] {dag.py:3947} INFO - Setting next_dagrun for minio_to_snowflake_banking to 2026-05-10 08:59:00+00:00, run_after=2026-05-10 09:00:00+00:00
[2026-05-10T08:59:25.654+0000] {processor.py:183} INFO - Processing /opt/airflow/dags/minio_to_snowflake_dag.py took 3.657 seconds
[2026-05-10T08:59:55.996+0000] {processor.py:161} INFO - Started process (PID=827) to work on /opt/airflow/dags/minio_to_snowflake_dag.py
[2026-05-10T08:59:55.999+0000] {processor.py:830} INFO - Processing file /opt/airflow/dags/minio_to_snowflake_dag.py for tasks to queue
[2026-05-10T08:59:56.002+0000] {logging_mixin.py:188} INFO - [2026-05-10T08:59:56.001+0000] {dagbag.py:545} INFO - Filling up the DagBag from /opt/airflow/dags/minio_to_snowflake_dag.py
[2026-05-10T08:59:58.613+0000] {processor.py:840} INFO - DAG(s) 'minio_to_snowflake_banking' retrieved from /opt/airflow/dags/minio_to_snowflake_dag.py
[2026-05-10T08:59:58.668+0000] {logging_mixin.py:188} INFO - [2026-05-10T08:59:58.667+0000] {dag.py:3089} INFO - Sync 1 DAGs
[2026-05-10T08:59:58.714+0000] {logging_mixin.py:188} INFO - [2026-05-10T08:59:58.714+0000] {dag.py:3947} INFO - Setting next_dagrun for minio_to_snowflake_banking to 2026-05-10 08:59:00+00:00, run_after=2026-05-10 09:00:00+00:00
[2026-05-10T08:59:58.756+0000] {processor.py:183} INFO - Processing /opt/airflow/dags/minio_to_snowflake_dag.py took 2.776 seconds
[2026-05-10T09:00:29.574+0000] {processor.py:161} INFO - Started process (PID=895) to work on /opt/airflow/dags/minio_to_snowflake_dag.py
[2026-05-10T09:00:29.584+0000] {processor.py:830} INFO - Processing file /opt/airflow/dags/minio_to_snowflake_dag.py for tasks to queue
[2026-05-10T09:00:29.609+0000] {logging_mixin.py:188} INFO - [2026-05-10T09:00:29.608+0000] {dagbag.py:545} INFO - Filling up the DagBag from /opt/airflow/dags/minio_to_snowflake_dag.py
[2026-05-10T09:00:34.570+0000] {processor.py:840} INFO - DAG(s) 'minio_to_snowflake_banking' retrieved from /opt/airflow/dags/minio_to_snowflake_dag.py
[2026-05-10T09:00:34.641+0000] {logging_mixin.py:188} INFO - [2026-05-10T09:00:34.640+0000] {dag.py:3089} INFO - Sync 1 DAGs
[2026-05-10T09:00:34.704+0000] {logging_mixin.py:188} INFO - [2026-05-10T09:00:34.703+0000] {dag.py:3947} INFO - Setting next_dagrun for minio_to_snowflake_banking to 2026-05-10 09:00:00+00:00, run_after=2026-05-10 09:01:00+00:00
[2026-05-10T09:00:34.797+0000] {processor.py:183} INFO - Processing /opt/airflow/dags/minio_to_snowflake_dag.py took 5.271 seconds
[2026-05-10T09:01:05.379+0000] {processor.py:161} INFO - Started process (PID=921) to work on /opt/airflow/dags/minio_to_snowflake_dag.py
[2026-05-10T09:01:05.382+0000] {processor.py:830} INFO - Processing file /opt/airflow/dags/minio_to_snowflake_dag.py for tasks to queue
[2026-05-10T09:01:05.386+0000] {logging_mixin.py:188} INFO - [2026-05-10T09:01:05.385+0000] {dagbag.py:545} INFO - Filling up the DagBag from /opt/airflow/dags/minio_to_snowflake_dag.py
[2026-05-10T09:01:08.835+0000] {processor.py:840} INFO - DAG(s) 'minio_to_snowflake_banking' retrieved from /opt/airflow/dags/minio_to_snowflake_dag.py
[2026-05-10T09:01:08.962+0000] {logging_mixin.py:188} INFO - [2026-05-10T09:01:08.960+0000] {dag.py:3089} INFO - Sync 1 DAGs
[2026-05-10T09:01:09.058+0000] {logging_mixin.py:188} INFO - [2026-05-10T09:01:09.057+0000] {dag.py:3947} INFO - Setting next_dagrun for minio_to_snowflake_banking to 2026-05-10 09:00:00+00:00, run_after=2026-05-10 09:01:00+00:00
[2026-05-10T09:01:09.201+0000] {processor.py:183} INFO - Processing /opt/airflow/dags/minio_to_snowflake_dag.py took 3.841 seconds
[2026-05-10T09:01:40.055+0000] {processor.py:161} INFO - Started process (PID=980) to work on /opt/airflow/dags/minio_to_snowflake_dag.py
[2026-05-10T09:01:40.057+0000] {processor.py:830} INFO - Processing file /opt/airflow/dags/minio_to_snowflake_dag.py for tasks to queue
[2026-05-10T09:01:40.059+0000] {logging_mixin.py:188} INFO - [2026-05-10T09:01:40.059+0000] {dagbag.py:545} INFO - Filling up the DagBag from /opt/airflow/dags/minio_to_snowflake_dag.py
[2026-05-10T09:01:41.484+0000] {processor.py:840} INFO - DAG(s) 'minio_to_snowflake_banking' retrieved from /opt/airflow/dags/minio_to_snowflake_dag.py
[2026-05-10T09:01:41.571+0000] {logging_mixin.py:188} INFO - [2026-05-10T09:01:41.570+0000] {dag.py:3089} INFO - Sync 1 DAGs
[2026-05-10T09:01:41.630+0000] {logging_mixin.py:188} INFO - [2026-05-10T09:01:41.629+0000] {dag.py:3947} INFO - Setting next_dagrun for minio_to_snowflake_banking to 2026-05-10 09:01:00+00:00, run_after=2026-05-10 09:02:00+00:00
[2026-05-10T09:01:41.670+0000] {processor.py:183} INFO - Processing /opt/airflow/dags/minio_to_snowflake_dag.py took 1.624 seconds
[2026-05-10T09:02:12.043+0000] {processor.py:161} INFO - Started process (PID=1024) to work on /opt/airflow/dags/minio_to_snowflake_dag.py
[2026-05-10T09:02:12.050+0000] {processor.py:830} INFO - Processing file /opt/airflow/dags/minio_to_snowflake_dag.py for tasks to queue
[2026-05-10T09:02:12.062+0000] {logging_mixin.py:188} INFO - [2026-05-10T09:02:12.059+0000] {dagbag.py:545} INFO - Filling up the DagBag from /opt/airflow/dags/minio_to_snowflake_dag.py
[2026-05-10T09:02:22.576+0000] {processor.py:840} INFO - DAG(s) 'minio_to_snowflake_banking' retrieved from /opt/airflow/dags/minio_to_snowflake_dag.py
[2026-05-10T09:02:22.748+0000] {logging_mixin.py:188} INFO - [2026-05-10T09:02:22.746+0000] {dag.py:3089} INFO - Sync 1 DAGs
[2026-05-10T09:02:22.850+0000] {logging_mixin.py:188} INFO - [2026-05-10T09:02:22.849+0000] {dag.py:3947} INFO - Setting next_dagrun for minio_to_snowflake_banking to 2026-05-10 09:02:00+00:00, run_after=2026-05-10 09:03:00+00:00
[2026-05-10T09:02:22.914+0000] {processor.py:183} INFO - Processing /opt/airflow/dags/minio_to_snowflake_dag.py took 10.929 seconds
[2026-05-10T09:02:53.193+0000] {processor.py:161} INFO - Started process (PID=1073) to work on /opt/airflow/dags/minio_to_snowflake_dag.py
[2026-05-10T09:02:53.195+0000] {processor.py:830} INFO - Processing file /opt/airflow/dags/minio_to_snowflake_dag.py for tasks to queue
[2026-05-10T09:02:53.198+0000] {logging_mixin.py:188} INFO - [2026-05-10T09:02:53.197+0000] {dagbag.py:545} INFO - Filling up the DagBag from /opt/airflow/dags/minio_to_snowflake_dag.py
[2026-05-10T09:02:56.628+0000] {processor.py:840} INFO - DAG(s) 'minio_to_snowflake_banking' retrieved from /opt/airflow/dags/minio_to_snowflake_dag.py
[2026-05-10T09:02:56.712+0000] {logging_mixin.py:188} INFO - [2026-05-10T09:02:56.711+0000] {dag.py:3089} INFO - Sync 1 DAGs
[2026-05-10T09:02:56.757+0000] {logging_mixin.py:188} INFO - [2026-05-10T09:02:56.756+0000] {dag.py:3947} INFO - Setting next_dagrun for minio_to_snowflake_banking to 2026-05-10 09:02:00+00:00, run_after=2026-05-10 09:03:00+00:00
[2026-05-10T09:02:56.798+0000] {processor.py:183} INFO - Processing /opt/airflow/dags/minio_to_snowflake_dag.py took 3.616 seconds
[2026-05-10T09:03:27.176+0000] {processor.py:161} INFO - Started process (PID=1140) to work on /opt/airflow/dags/minio_to_snowflake_dag.py
[2026-05-10T09:03:27.179+0000] {processor.py:830} INFO - Processing file /opt/airflow/dags/minio_to_snowflake_dag.py for tasks to queue
[2026-05-10T09:03:27.181+0000] {logging_mixin.py:188} INFO - [2026-05-10T09:03:27.180+0000] {dagbag.py:545} INFO - Filling up the DagBag from /opt/airflow/dags/minio_to_snowflake_dag.py
[2026-05-10T09:03:28.714+0000] {processor.py:840} INFO - DAG(s) 'minio_to_snowflake_banking' retrieved from /opt/airflow/dags/minio_to_snowflake_dag.py
[2026-05-10T09:03:28.772+0000] {logging_mixin.py:188} INFO - [2026-05-10T09:03:28.770+0000] {dag.py:3089} INFO - Sync 1 DAGs
[2026-05-10T09:03:28.826+0000] {logging_mixin.py:188} INFO - [2026-05-10T09:03:28.825+0000] {dag.py:3947} INFO - Setting next_dagrun for minio_to_snowflake_banking to 2026-05-10 09:03:00+00:00, run_after=2026-05-10 09:04:00+00:00
[2026-05-10T09:03:28.884+0000] {processor.py:183} INFO - Processing /opt/airflow/dags/minio_to_snowflake_dag.py took 1.718 seconds
[2026-05-10T17:17:14.699+0000] {processor.py:161} INFO - Started process (PID=1175) to work on /opt/airflow/dags/minio_to_snowflake_dag.py
[2026-05-10T17:17:14.709+0000] {processor.py:830} INFO - Processing file /opt/airflow/dags/minio_to_snowflake_dag.py for tasks to queue
[2026-05-10T17:17:14.731+0000] {logging_mixin.py:188} INFO - [2026-05-10T17:17:14.720+0000] {dagbag.py:545} INFO - Filling up the DagBag from /opt/airflow/dags/minio_to_snowflake_dag.py
[2026-05-10T17:17:37.910+0000] {processor.py:840} INFO - DAG(s) 'minio_to_snowflake_banking' retrieved from /opt/airflow/dags/minio_to_snowflake_dag.py
[2026-05-10T17:17:38.204+0000] {logging_mixin.py:188} INFO - [2026-05-10T17:17:38.200+0000] {dag.py:3089} INFO - Sync 1 DAGs
[2026-05-10T17:17:38.383+0000] {logging_mixin.py:188} INFO - [2026-05-10T17:17:38.382+0000] {dag.py:3947} INFO - Setting next_dagrun for minio_to_snowflake_banking to 2026-05-10 17:16:00+00:00, run_after=2026-05-10 17:17:00+00:00
[2026-05-10T17:17:38.478+0000] {processor.py:183} INFO - Processing /opt/airflow/dags/minio_to_snowflake_dag.py took 24.024 seconds
[2026-05-10T17:18:09.144+0000] {processor.py:161} INFO - Started process (PID=1262) to work on /opt/airflow/dags/minio_to_snowflake_dag.py
[2026-05-10T17:18:09.146+0000] {processor.py:830} INFO - Processing file /opt/airflow/dags/minio_to_snowflake_dag.py for tasks to queue
[2026-05-10T17:18:09.148+0000] {logging_mixin.py:188} INFO - [2026-05-10T17:18:09.148+0000] {dagbag.py:545} INFO - Filling up the DagBag from /opt/airflow/dags/minio_to_snowflake_dag.py
[2026-05-10T17:18:15.963+0000] {processor.py:840} INFO - DAG(s) 'minio_to_snowflake_banking' retrieved from /opt/airflow/dags/minio_to_snowflake_dag.py
[2026-05-10T17:18:16.467+0000] {logging_mixin.py:188} INFO - [2026-05-10T17:18:16.464+0000] {dag.py:3089} INFO - Sync 1 DAGs
[2026-05-10T17:18:16.742+0000] {logging_mixin.py:188} INFO - [2026-05-10T17:18:16.740+0000] {dag.py:3947} INFO - Setting next_dagrun for minio_to_snowflake_banking to 2026-05-10 17:17:00+00:00, run_after=2026-05-10 17:18:00+00:00
[2026-05-10T17:18:16.864+0000] {processor.py:183} INFO - Processing /opt/airflow/dags/minio_to_snowflake_dag.py took 7.917 seconds
[2026-05-10T17:18:47.781+0000] {processor.py:161} INFO - Started process (PID=1349) to work on /opt/airflow/dags/minio_to_snowflake_dag.py
[2026-05-10T17:18:47.784+0000] {processor.py:830} INFO - Processing file /opt/airflow/dags/minio_to_snowflake_dag.py for tasks to queue
[2026-05-10T17:18:47.786+0000] {logging_mixin.py:188} INFO - [2026-05-10T17:18:47.786+0000] {dagbag.py:545} INFO - Filling up the DagBag from /opt/airflow/dags/minio_to_snowflake_dag.py
[2026-05-10T17:18:49.733+0000] {processor.py:840} INFO - DAG(s) 'minio_to_snowflake_banking' retrieved from /opt/airflow/dags/minio_to_snowflake_dag.py
[2026-05-10T17:18:50.708+0000] {logging_mixin.py:188} INFO - [2026-05-10T17:18:50.705+0000] {dag.py:3089} INFO - Sync 1 DAGs
[2026-05-10T17:18:51.169+0000] {logging_mixin.py:188} INFO - [2026-05-10T17:18:51.168+0000] {dag.py:3947} INFO - Setting next_dagrun for minio_to_snowflake_banking to 2026-05-10 17:18:00+00:00, run_after=2026-05-10 17:19:00+00:00
[2026-05-10T17:18:51.398+0000] {processor.py:183} INFO - Processing /opt/airflow/dags/minio_to_snowflake_dag.py took 3.628 seconds
[2026-05-10T17:19:22.007+0000] {processor.py:161} INFO - Started process (PID=1425) to work on /opt/airflow/dags/minio_to_snowflake_dag.py
[2026-05-10T17:19:22.010+0000] {processor.py:830} INFO - Processing file /opt/airflow/dags/minio_to_snowflake_dag.py for tasks to queue
[2026-05-10T17:19:22.014+0000] {logging_mixin.py:188} INFO - [2026-05-10T17:19:22.013+0000] {dagbag.py:545} INFO - Filling up the DagBag from /opt/airflow/dags/minio_to_snowflake_dag.py
[2026-05-10T17:19:23.915+0000] {processor.py:840} INFO - DAG(s) 'minio_to_snowflake_banking' retrieved from /opt/airflow/dags/minio_to_snowflake_dag.py
[2026-05-10T17:19:23.964+0000] {logging_mixin.py:188} INFO - [2026-05-10T17:19:23.963+0000] {dag.py:3089} INFO - Sync 1 DAGs
[2026-05-10T17:19:24.008+0000] {logging_mixin.py:188} INFO - [2026-05-10T17:19:24.008+0000] {dag.py:3947} INFO - Setting next_dagrun for minio_to_snowflake_banking to 2026-05-10 17:19:00+00:00, run_after=2026-05-10 17:20:00+00:00
[2026-05-10T17:19:24.053+0000] {processor.py:183} INFO - Processing /opt/airflow/dags/minio_to_snowflake_dag.py took 2.063 seconds
[2026-05-10T17:19:54.534+0000] {processor.py:161} INFO - Started process (PID=1434) to work on /opt/airflow/dags/minio_to_snowflake_dag.py
[2026-05-10T17:19:54.537+0000] {processor.py:830} INFO - Processing file /opt/airflow/dags/minio_to_snowflake_dag.py for tasks to queue
[2026-05-10T17:19:54.540+0000] {logging_mixin.py:188} INFO - [2026-05-10T17:19:54.539+0000] {dagbag.py:545} INFO - Filling up the DagBag from /opt/airflow/dags/minio_to_snowflake_dag.py
[2026-05-10T17:19:56.090+0000] {processor.py:840} INFO - DAG(s) 'minio_to_snowflake_banking' retrieved from /opt/airflow/dags/minio_to_snowflake_dag.py
[2026-05-10T17:19:56.138+0000] {logging_mixin.py:188} INFO - [2026-05-10T17:19:56.138+0000] {dag.py:3089} INFO - Sync 1 DAGs
[2026-05-10T17:19:56.178+0000] {logging_mixin.py:188} INFO - [2026-05-10T17:19:56.177+0000] {dag.py:3947} INFO - Setting next_dagrun for minio_to_snowflake_banking to 2026-05-10 17:19:00+00:00, run_after=2026-05-10 17:20:00+00:00
[2026-05-10T17:19:56.225+0000] {processor.py:183} INFO - Processing /opt/airflow/dags/minio_to_snowflake_dag.py took 1.706 seconds
[2026-05-10T17:20:26.534+0000] {processor.py:161} INFO - Started process (PID=1499) to work on /opt/airflow/dags/minio_to_snowflake_dag.py
[2026-05-10T17:20:26.536+0000] {processor.py:830} INFO - Processing file /opt/airflow/dags/minio_to_snowflake_dag.py for tasks to queue
[2026-05-10T17:20:26.539+0000] {logging_mixin.py:188} INFO - [2026-05-10T17:20:26.538+0000] {dagbag.py:545} INFO - Filling up the DagBag from /opt/airflow/dags/minio_to_snowflake_dag.py
[2026-05-10T17:20:28.192+0000] {processor.py:840} INFO - DAG(s) 'minio_to_snowflake_banking' retrieved from /opt/airflow/dags/minio_to_snowflake_dag.py
[2026-05-10T17:20:28.244+0000] {logging_mixin.py:188} INFO - [2026-05-10T17:20:28.243+0000] {dag.py:3089} INFO - Sync 1 DAGs
[2026-05-10T17:20:28.286+0000] {logging_mixin.py:188} INFO - [2026-05-10T17:20:28.286+0000] {dag.py:3947} INFO - Setting next_dagrun for minio_to_snowflake_banking to 2026-05-10 17:20:00+00:00, run_after=2026-05-10 17:21:00+00:00
[2026-05-10T17:20:28.325+0000] {processor.py:183} INFO - Processing /opt/airflow/dags/minio_to_snowflake_dag.py took 1.807 seconds
[2026-05-10T17:20:58.483+0000] {processor.py:161} INFO - Started process (PID=1504) to work on /opt/airflow/dags/minio_to_snowflake_dag.py
[2026-05-10T17:20:58.489+0000] {processor.py:830} INFO - Processing file /opt/airflow/dags/minio_to_snowflake_dag.py for tasks to queue
[2026-05-10T17:20:58.492+0000] {logging_mixin.py:188} INFO - [2026-05-10T17:20:58.491+0000] {dagbag.py:545} INFO - Filling up the DagBag from /opt/airflow/dags/minio_to_snowflake_dag.py
[2026-05-10T17:21:01.513+0000] {processor.py:840} INFO - DAG(s) 'minio_to_snowflake_banking' retrieved from /opt/airflow/dags/minio_to_snowflake_dag.py
[2026-05-10T17:21:01.596+0000] {logging_mixin.py:188} INFO - [2026-05-10T17:21:01.596+0000] {dag.py:3089} INFO - Sync 1 DAGs
[2026-05-10T17:21:01.660+0000] {logging_mixin.py:188} INFO - [2026-05-10T17:21:01.660+0000] {dag.py:3947} INFO - Setting next_dagrun for minio_to_snowflake_banking to 2026-05-10 17:21:00+00:00, run_after=2026-05-10 17:22:00+00:00
[2026-05-10T17:21:01.707+0000] {processor.py:183} INFO - Processing /opt/airflow/dags/minio_to_snowflake_dag.py took 3.238 seconds
[2026-05-10T17:21:32.568+0000] {processor.py:161} INFO - Started process (PID=1569) to work on /opt/airflow/dags/minio_to_snowflake_dag.py
[2026-05-10T17:21:32.571+0000] {processor.py:830} INFO - Processing file /opt/airflow/dags/minio_to_snowflake_dag.py for tasks to queue
[2026-05-10T17:21:32.576+0000] {logging_mixin.py:188} INFO - [2026-05-10T17:21:32.574+0000] {dagbag.py:545} INFO - Filling up the DagBag from /opt/airflow/dags/minio_to_snowflake_dag.py
[2026-05-10T17:21:34.621+0000] {processor.py:840} INFO - DAG(s) 'minio_to_snowflake_banking' retrieved from /opt/airflow/dags/minio_to_snowflake_dag.py
[2026-05-10T17:21:34.662+0000] {logging_mixin.py:188} INFO - [2026-05-10T17:21:34.662+0000] {dag.py:3089} INFO - Sync 1 DAGs
[2026-05-10T17:21:34.700+0000] {logging_mixin.py:188} INFO - [2026-05-10T17:21:34.700+0000] {dag.py:3947} INFO - Setting next_dagrun for minio_to_snowflake_banking to 2026-05-10 17:21:00+00:00, run_after=2026-05-10 17:22:00+00:00
[2026-05-10T17:21:34.742+0000] {processor.py:183} INFO - Processing /opt/airflow/dags/minio_to_snowflake_dag.py took 2.190 seconds
[2026-05-10T17:22:05.233+0000] {processor.py:161} INFO - Started process (PID=1575) to work on /opt/airflow/dags/minio_to_snowflake_dag.py
[2026-05-10T17:22:05.235+0000] {processor.py:830} INFO - Processing file /opt/airflow/dags/minio_to_snowflake_dag.py for tasks to queue
[2026-05-10T17:22:05.237+0000] {logging_mixin.py:188} INFO - [2026-05-10T17:22:05.237+0000] {dagbag.py:545} INFO - Filling up the DagBag from /opt/airflow/dags/minio_to_snowflake_dag.py
[2026-05-10T17:22:06.655+0000] {processor.py:840} INFO - DAG(s) 'minio_to_snowflake_banking' retrieved from /opt/airflow/dags/minio_to_snowflake_dag.py
[2026-05-10T17:22:06.697+0000] {logging_mixin.py:188} INFO - [2026-05-10T17:22:06.696+0000] {dag.py:3089} INFO - Sync 1 DAGs
[2026-05-10T17:22:06.731+0000] {logging_mixin.py:188} INFO - [2026-05-10T17:22:06.731+0000] {dag.py:3947} INFO - Setting next_dagrun for minio_to_snowflake_banking to 2026-05-10 17:22:00+00:00, run_after=2026-05-10 17:23:00+00:00
[2026-05-10T17:22:06.769+0000] {processor.py:183} INFO - Processing /opt/airflow/dags/minio_to_snowflake_dag.py took 1.548 seconds
